Name,Position,Age,OVR,Speed,Fatigue,PassAccuracy,Acceleration,Strength,Reactions
Kylian Mbappé,ST,25,91,97,88,86,97,77,93
Rodri,CDM,28,91,66,91,93,65,83,93
Erling Haaland,ST,24,91,94,76,77,80,93,94
Jude Bellingham,CAM,21,90,80,93,89,81,77,91
Vini Jr.,LW,24,90,95,84,83,95,65,86
Kevin De Bruyne,CM,33,90,67,88,94,67,75,92
Harry Kane,ST,31,90,66,75,86,64,86,94
Martin Ødegaard,CM,25,89,69,88,91,72,56,91
Lautaro Martínez,ST,27,89,80,83,79,84,85,92
Virgil van Dijk,CB,33,89,87,72,80,66,93,88
Mohamed Salah,RW,32,89,89,87,86,89,73,93
Phil Foden,RW,24,88,83,83,88,89,53,85
Lionel Messi,RW,37,88,73,70,87,86,68,85
Antoine Griezmann,ST,33,88,80,86,89,81,69,90
Rúben Dias,CB,27,88,68,78,85,65,90,89
Robert Lewandowski,ST,36,88,75,76,84,76,89,89
Federico Valverde,CM,26,88,91,92,87,84,82,89
Bernardo Silva,CM,30,88,69,93,91,83,54,89
Antonio Rüdiger,CB,31,88,91,70,84,71,91,86
Florian Wirtz,CAM,21,88,81,87,91,81,59,88
William Saliba,CB,23,87,86,72,84,77,87,86
Victor Osimhen,ST,25,87,92,81,72,85,86,89
Jamal Musiala,CAM,21,87,83,78,84,86,59,87
Bukayo Saka,RW,23,87,83,86,83,88,63,85
Paulo Dybala,CAM,30,87,76,74,84,84,67,84
Theo Hernández,LB,26,87,95,92,81,95,88,85
Neymar Jr,LW,32,87,84,73,85,86,52,78
Declan Rice,CDM,25,87,75,92,85,71,81,85
Frenkie de Jong,CM,27,87,83,89,91,80,74,88
Bruno Fernandes,CAM,30,87,68,95,89,72,61,90
Heung Min Son,ST,32,87,88,88,83,86,69,90
Marquinhos,CB,30,87,81,83,84,76,79,86
Alessandro Bastoni,CB,25,87,78,81,80,72,83,87
İlkay Gündoğan,CM,33,87,60,75,89,65,73,86
Nicolò Barella,CM,27,87,78,93,88,85,74,90
Cristiano Ronaldo,ST,39,86,80,80,79,73,79,87
Gabriel,CB,26,86,76,71,80,61,86,85
Granit Xhaka,CDM,31,86,52,83,89,48,78,86
Rodrygo,RW,23,86,88,81,80,90,59,84
João Cancelo,LB,30,86,77,88,87,86,62,84
Rafael Leão,LW,25,86,94,75,83,94,83,84
Grimaldo,LM,28,86,71,90,87,77,63,86
Luka Modrić,CM,39,86,69,76,90,75,58,85
Alexis Mac Allister,CM,25,86,67,87,87,71,69,85
Carvajal,RB,32,86,81,84,84,82,74,85
Ousmane Dembélé,RW,27,86,91,69,83,94,52,82
Trent Alexander-Arnold,RB,25,86,78,89,89,72,68,85
Pedri,CM,21,86,76,87,88,79,73,87
Jonathan Tah,CB,28,86,86,69,78,53,92,84
Karim Benzema,ST,36,86,77,80,86,76,81,84
Bremer,CB,27,86,86,75,75,78,89,79
Joshua Kimmich,RB,29,86,62,88,88,77,68,88
Hakan Çalhanoğlu,CDM,30,86,68,81,89,74,72,86
David Alaba,CB,32,85,79,73,88,78,78,88
Ronald Araujo,CB,25,85,86,72,75,76,87,84
Julian Brandt,CAM,28,85,72,85,87,69,72,86
Éder Militão,CB,26,85,88,85,78,81,79,84
Bruno Guimarães,CDM,26,85,68,88,87,69,79,84
Alexander Isak,ST,24,85,87,78,78,83,77,85
N'Golo Kanté,CDM,33,85,74,82,80,79,72,87
Jules Koundé,RB,25,85,83,78,82,85,80,86
Khvicha Kvaratskhelia,LW,23,85,86,77,83,85,70,84
Vitinha,CM,24,85,69,81,88,75,59,85
James Maddison,CAM,27,85,66,78,86,77,53,80
Riyad Mahrez,RM,33,85,76,79,83,83,58,82
Mikel Merino,CM,28,85,72,83,86,72,80,86
Sergej Milinković-Savić,CM,29,85,66,92,86,62,90,83
Loïs Openda,ST,24,85,92,79,75,94,80,84
Palhinha,CDM,29,85,50,87,79,54,90,79
Cole Palmer,RM,22,85,77,78,86,73,61,84
Andrew Robertson,LB,30,85,78,93,83,79,67,85
Leroy Sané,RM,28,85,91,78,82,89,67,83
Nico Schlotterbeck,CB,24,85,76,74,78,78,84,83
John Stones,CB,30,85,69,74,85,68,77,87
Aurélien Tchouaméni,CDM,24,85,72,83,85,74,82,83
Diogo Jota,ST,27,85,80,80,77,85,75,88
Sandro Tonali,CDM,24,85,86,80,85,81,82,83
Ollie Watkins,ST,28,85,89,88,79,79,82,85
Nico Williams,LM,22,85,93,81,82,94,60,80
Francesco Acerbi,CB,36,84,59,68,76,61,85,83
Manuel Akanji,CB,29,84,80,71,83,76,86,86
Nathan Aké,CB,29,84,75,71,81,77,78,84
Julián Álvarez,ST,24,84,85,85,80,86,70,86
Iago Aspas,ST,37,84,83,69,79,78,61,86
Federico Chiesa,RW,26,84,93,84,78,92,70,84
Kingsley Coman,LM,28,84,87,68,80,92,66,84
Rúben Neves,CDM,27,84,55,80,88,59,74,82
Matthijs de Ligt,CB,25,84,68,64,77,54,91,84
Rodrigo De Paul,CM,30,84,76,92,85,77,78,81
Raphinha,RW,27,84,91,86,78,90,65,84
Luis Díaz,LW,27,84,90,87,76,91,69,83
Federico Dimarco,LB,26,84,78,85,85,83,78,83
Artem Dovbyk,ST,27,84,86,75,80,81,86,80
Jeremie Frimpong,RM,23,84,91,85,78,96,58,84
Aleix García,CM,27,84,66,78,86,68,65,82
Jack Grealish,LW,29,84,75,83,84,78,71,82
Serhou Guirassy,ST,28,84,71,71,81,66,85,85
Viktor Gyökeres,ST,26,84,92,93,73,88,91,84
Achraf Hakimi,RB,25,84,93,92,82,89,72,82
Kalidou Koulibaly,CB,33,84,85,74,73,66,90,85
Sadio Mané,LM,32,84,83,79,83,82,72,85
Lisandro Martínez,CB,26,84,68,75,83,74,79,84
Ferland Mendy,LB,29,84,89,89,80,88,84,81
Christopher Nkunku,CAM,26,84,81,75,83,82,67,81
Dani Olmo,CAM,26,84,69,66,86,78,54,86
Exequiel Palacios,CM,25,84,68,78,85,71,67,84
Benjamin Pavard,CB,28,84,76,84,80,74,80,86
Cristian Romero,CB,26,84,68,71,75,67,83,85
Marcel Sabitzer,CM,30,84,74,85,84,78,76,86
Casemiro,CDM,32,84,40,73,83,35,84,83
Dušan Vlahović,ST,24,84,79,77,75,76,87,86
Kyle Walker,RB,34,84,93,81,81,84,80,85
Benjamin White,RB,26,84,75,83,84,70,78,84
Marcos Acuña,LB,32,83,74,90,82,75,82,84
Robert Andrich,CDM,29,83,50,77,80,59,84,83
Ismaël Bennacer,CDM,26,83,74,78,85,81,69,83
Domenico Berardi,RW,30,83,79,76,80,80,61,84
Eduardo Camavinga,CM,21,83,80,84,86,81,79,82
Yannick Carrasco,LW,31,83,88,76,80,87,63,80
Andreas Christensen,CB,28,83,76,73,83,56,78,84
Stefan de Vrij,CB,32,83,61,67,75,63,78,83
Ángel Di María,RM,36,83,74,69,86,78,61,77
Moussa Diaby,RM,25,83,95,82,76,95,34,80
Youssef En-Nesyri,ST,27,83,84,83,77,80,79,82
Rafa,CAM,31,83,93,84,77,94,40,84
Cody Gakpo,ST,25,83,81,76,79,84,78,81
José María Giménez,CB,29,83,71,71,71,70,85,78
Olivier Giroud,ST,37,83,48,61,83,42,93,86
Leon Goretzka,CM,29,83,68,78,83,73,89,85
Joško Gvardiol,LB,22,83,79,79,80,80,83,84
Kai Havertz,ST,25,83,79,77,84,74,75,84
Lucas Hernández,CB,28,83,78,66,78,70,78,85
Mauro Icardi,ST,31,83,69,71,79,66,79,84
Kim Min Jae,CB,27,83,78,76,75,74,86,82
Ibrahima Konaté,CB,25,83,80,71,76,69,90,81
Teun Koopmeiners,CM,26,83,67,87,86,64,75,84
Mateo Kovačić,CM,30,83,64,75,89,75,66,84
Konrad Laimer,CDM,27,83,79,81,81,82,71,84
Aymeric Laporte,CB,30,83,59,68,86,50,82,83
Robin Le Normand,CB,27,83,66,70,80,58,86,83
Marcos Llorente,RM,29,83,91,91,81,87,77,81
Manuel Locatelli,CDM,26,83,67,90,85,61,76,80
Donyell Malen,RM,25,83,86,77,79,93,72,82
Gabriel Martinelli,LW,23,83,88,82,78,91,63,82
Henrikh Mkhitaryan,CM,35,83,77,85,85,80,72,83
Morata,ST,31,83,83,79,77,81,81,84
Gerard Moreno,ST,32,83,77,77,79,77,73,82
Willi Orban,CB,31,83,65,58,74,50,85,82
Gavi,CM,20,83,75,84,84,77,58,86
Parejo,CM,35,83,51,71,89,53,70,75
Lorenzo Pellegrini,CAM,28,83,79,87,88,79,74,85
Pedro Gonçalves,LW,26,83,76,84,85,80,62,84
Pedro Porro,RB,25,83,84,91,80,80,71,81
Christian Pulisic,RW,25,83,85,76,80,91,54,84
Koke,CDM,32,83,68,85,85,70,75,82
Guido Rodríguez,CDM,29,83,47,76,82,55,80,80
Alessio Romagnoli,CB,29,83,64,68,75,65,83,82
Xavi Simons,CAM,21,83,77,83,84,86,63,84
Douglas Luiz,CM,26,83,64,80,87,69,74,79
Dušan Tadić,LM,35,83,63,84,85,65,80,82
Edmond Tapsoba,CB,25,83,76,69,82,73,83,81
Nuno Mendes,LB,22,83,88,81,79,91,73,81
Marcus Thuram,ST,27,83,89,83,80,84,88,85
Fikayo Tomori,CB,26,83,87,71,75,81,81,84
Lucas Torreira,CDM,28,83,73,92,83,80,73,84
Kieran Trippier,RB,33,83,64,85,82,71,64,83
Leandro Trossard,LW,29,83,77,76,82,87,57,80
Viktor Tsygankov,RM,26,83,85,77,82,85,53,80
Mattia Zaccagni,LW,29,83,85,75,78,90,63,83
Duván Zapata,ST,33,83,71,78,74,75,95,78
Isco,CAM,32,82,65,67,84,68,55,78
Joelinton,CM,28,82,81,88,83,70,90,85
Pepê,CAM,27,82,87,89,78,86,52,82
Pierre-Emerick Aubameyang,ST,35,82,87,62,74,80,70,83
Leon Bailey,RM,27,82,87,68,78,93,61,80
Victor Boniface,ST,23,82,75,67,75,70,90,78
Sven Botman,CB,24,82,69,70,78,49,90,81
Jarrod Bowen,RM,27,82,76,83,78,79,66,83
Marcelo Brozović,CDM,31,82,65,93,82,68,71,75
Moisés Caicedo,CDM,22,82,73,84,84,77,72,80
Emre Can,CDM,30,82,86,80,81,67,86,79
Lucas Paquetá,LM,27,82,73,82,82,71,77,81
Ángel Correa,ST,29,82,85,84,80,86,68,82
Marc Cucurella,LB,26,82,73,88,83,78,67,81
Danilo,CB,33,82,80,69,78,70,80,80
Otávio,CAM,29,82,76,86,83,81,62,84
Diogo Dalot,RB,25,82,86,83,79,84,75,80
Sergi Darder,CM,30,82,79,84,85,78,75,80
Alphonso Davies,LB,23,82,95,80,82,96,75,83
Giovanni Di Lorenzo,RB,31,82,84,87,76,82,77,78
Brahim,CAM,25,82,85,68,83,85,55,79
Denzel Dumfries,RB,28,82,87,89,78,77,89,81
Edin Džeko,ST,38,82,60,68,79,53,84,83
Enzo Fernández,CM,23,82,68,82,87,70,73,80
Nacho Fernández,CB,34,82,77,79,82,69,79,81
Gabriel Jesus,ST,27,82,81,81,81,86,72,88
Jorginho,CDM,32,82,39,79,88,54,66,82
Pau Torres,CB,27,82,73,78,84,66,78,80
Niclas Füllkrug,ST,31,82,63,68,78,63,86,83
Gayà,LB,29,82,82,86,79,79,67,82
Matthias Ginter,CB,30,82,54,57,79,54,84,85
Serge Gnabry,RM,29,82,77,66,83,84,69,82
Anthony Gordon,LW,23,82,92,87,77,89,61,83
Raphaël Guerreiro,LB,30,82,51,79,89,78,49,88
Fabinho,CDM,30,82,64,85,84,51,80,78
Yangel Herrera,CDM,26,82,63,80,82,66,81,80
Jonas Hofmann,CAM,32,82,72,87,82,74,66,84
Ciro Immobile,ST,34,82,83,69,78,80,73,82
Reece James,RB,24,82,79,67,83,76,88,81
Boubacar Kamara,CDM,24,82,68,81,84,64,80,75
Franck Yannick Kessié,CDM,27,82,80,93,81,77,88,78
Randal Kolo Muani,ST,25,82,90,73,77,90,74,80
Filip Kostić,LM,31,82,85,88,80,84,77,80
Mohammed Kudus,RM,24,82,88,79,77,92,76,79
Dejan Kulusevski,RM,24,82,74,90,83,76,80,81
Alexandre Lacazette,ST,33,82,72,68,80,68,79,83
Stanislav Lobotka,CM,29,82,68,89,84,76,68,80
Ademola Lookman,ST,26,82,81,69,79,88,64,85
Romelu Lukaku,ST,31,82,86,64,75,71,94,80
Gianluca Mancini,CB,28,82,75,80,67,65,84,82
John McGinn,CM,29,82,64,92,83,72,82,81
Aleksandar Mitrović,ST,29,82,66,79,72,62,91,82
Nahuel Molina,RB,26,82,85,86,80,84,61,79
Savinho,LW,20,82,87,73,81,90,45,77
Thomas Müller,CAM,35,82,60,77,84,54,66,91
Darwin Núñez,ST,25,82,92,88,74,88,85,82
Michael Olise,RM,22,82,79,68,83,82,46,77
Oyarzabal,ST,27,82,76,79,84,78,57,82
Thomas Partey,CDM,31,82,68,76,84,55,84,79
Tijjani Reijnders,CM,26,82,77,92,85,83,65,80
Fabián Ruiz,CM,28,82,50,84,85,58,67,82
Sancet,CAM,24,82,74,86,84,72,80,84
Jadon Sancho,LM,24,82,76,75,84,83,47,81
Fabian Schär,CB,32,82,51,77,82,50,80,83
Patrik Schick,ST,28,82,74,68,78,74,83,83
Luke Shaw,LB,29,82,77,73,84,72,77,80
Malcom,CAM,27,82,82,88,80,86,70,79
Chris Smalling,CB,34,82,66,66,65,40,84,80
Alexander Sørloth,ST,28,82,83,82,76,74,90,80
Anderson Talisca,RM,30,82,76,74,77,83,75,82
Luis Suárez,ST,37,82,64,53,78,64,81,85
Niklas Süle,CB,29,82,78,52,80,60,93,81
Destiny Udogie,LB,21,82,89,83,79,86,78,79
Dayot Upamecano,CB,25,82,85,77,77,76,87,81
Micky van de Ven,CB,23,82,93,74,77,81,84,80
Raphaël Varane,CB,31,82,77,58,78,69,84,81
Iñaki Williams,RM,30,82,94,88,74,93,84,83
Luciano Acosta,CAM,30,81,73,77,82,87,40,81
Edson Álvarez,CDM,26,81,66,90,78,66,86,77
Yeray,CB,29,81,68,68,80,60,77,83
Waldemar Anton,CB,28,81,75,79,80,61,85,81
Marco Asensio,RW,28,81,74,74,81,78,63,80
Balde,LB,20,81,91,75,80,90,63,78
Rodrigo Bentancur,CM,27,81,66,81,84,68,72,79
Álex Berenguer,LM,29,81,84,80,76,86,59,79
Sergio Busquets,CDM,36,81,38,75,85,35,72,78
Bryan Cristante,CM,29,81,56,93,82,53,83,80
Ricardo Horta,CAM,29,81,78,83,82,82,63,82
Matteo Darmian,RB,34,81,76,79,84,68,70,83
Jonathan David,ST,24,81,84,85,76,80,77,82
Richarlison,ST,27,81,76,78,77,79,75,81
Luuk de Jong,ST,34,81,40,79,80,48,85,84
Fred,CDM,31,81,71,94,81,80,68,85
Eberechi Eze,CAM,26,81,77,76,82,79,70,79
Youssouf Fofana,CDM,25,81,70,90,80,67,77,79
Davide Frattesi,CM,24,81,80,81,84,80,63,80
Remo Freuler,CDM,32,81,58,91,83,63,67,82
Conor Gallagher,CM,24,81,76,94,83,70,73,80
Alexandr Golovin,LM,28,81,77,86,81,76,56,81
Pascal Groß,CDM,33,81,50,85,87,51,68,85
Marc Guéhi,CB,24,81,75,73,80,69,78,82
Dávid Hancko,CB,26,81,78,78,78,77,82,83
Benjamin Henrichs,RB,27,81,73,75,81,75,74,80
Piero Hincapié,CB,22,81,78,80,78,79,77,79
Ferdi Kadıoğlu,LB,24,81,87,91,79,90,73,78
Daichi Kamada,CAM,28,81,78,82,84,81,57,80
Presnel Kimpembe,CB,29,81,75,65,78,72,86,78
Orkun Kökçü,CM,23,81,69,88,84,75,73,74
Ezri Konsa,CB,26,81,80,79,80,72,78,83
Odilon Kossounou,CB,23,81,84,76,77,74,82,77
Andrej Kramarić,ST,33,81,70,82,83,73,69,84
Takefusa Kubo,RW,23,81,79,74,78,89,58,79
Ruben Loftus-Cheek,CM,28,81,84,79,84,78,87,81
Iñigo Martínez,CB,33,81,72,69,74,70,82,80
Noussair Mazraoui,RB,26,81,73,76,83,83,68,79
Brais Méndez,CM,27,81,70,71,84,72,73,82
Arkadiusz Milik,ST,30,81,62,58,75,48,80,82
Kaoru Mitoma,LM,27,81,79,75,80,89,62,77
Riccardo Orsolini,RM,27,81,78,74,77,81,72,76
Nicolás Otamendi,CB,36,81,64,81,73,54,81,80
Isi Palazón,RM,29,81,82,72,80,87,64,76
Marcus Rashford,LM,26,81,91,68,78,87,65,79
David Raum,LB,26,81,84,91,80,86,75,75
Stefan Savić,CB,33,81,68,69,72,57,82,80
Xaver Schlager,CDM,26,81,70,82,80,74,76,81
Jerdy Schouten,CDM,27,81,64,77,82,66,70,80
Ellyes Skhiri,CDM,29,81,55,90,78,65,68,83
Milan Škriniar,CB,29,81,61,66,72,52,87,81
Dominic Solanke,ST,27,81,79,87,76,69,83,82
Raheem Sterling,LM,29,81,83,76,77,88,65,82
Dominik Szoboszlai,CAM,23,81,87,82,83,76,67,80
Youri Tielemans,CM,27,81,38,72,85,52,72,80
Manuel Ugarte,CDM,23,81,69,83,79,70,77,78
Deniz Undav,ST,28,81,67,74,81,67,80,84
Lucas Vázquez,RB,33,81,81,92,82,81,56,81
Joey Veerman,CM,25,81,45,84,86,68,68,75
Vivian,CB,25,81,82,77,75,76,81,83
Callum Wilson,ST,32,81,79,70,73,77,76,85
Lamine Yamal,RW,17,81,81,57,79,84,45,79
Wilfried Zaha,LM,31,81,86,74,76,85,74,76
Piotr Zieliński,CM,30,81,78,77,84,78,57,80
Zubimendi,CDM,25,81,63,79,82,66,68,84
Salem Al Dawsari,LM,33,80,85,88,74,84,77,81
Ali Al Musrati,CDM,28,80,64,82,77,59,87,76
Jordi Alba,LB,35,80,81,84,83,84,58,79
Toby Alderweireld,CB,35,80,56,72,77,42,89,80
Joachim Andersen,CB,28,80,54,75,80,49,87,80
Benjamin André,CDM,34,80,62,91,78,59,79,79
Marko Arnautović,ST,35,80,70,71,81,70,82,77
Maximilian Arnold,CDM,30,80,63,81,82,63,74,82
Fredrik Aursnes,RB,28,80,76,92,79,75,77,83
Simon Banza,ST,28,80,76,73,65,73,81,80
Roberto Firmino,CAM,32,80,66,81,84,69,73,80
Bradley Barcola,LW,22,80,88,73,79,87,59,79
Harvey Barnes,LW,26,80,85,74,78,84,71,83
Christoph Baumgartner,CAM,25,80,71,74,80,84,49,78
Gonçalo Inácio,CB,23,80,81,78,79,79,79,77
Yves Bissouma,CDM,28,80,72,78,83,70,76,77
Daley Blind,CB,34,80,34,63,84,38,73,82
Denis Bouanga,LW,29,80,86,83,75,83,81,82
Yan Couto,RM,22,80,84,80,79,86,55,73
Alessandro Buongiorno,CB,25,80,68,70,78,61,77,78
Davide Calabria,RB,27,80,77,80,74,80,62,78
Samuel Chukwueze,RW,25,80,86,67,77,91,62,77
Jonathan Clauss,RB,31,80,91,82,76,85,63,82
Kevin Danso,CB,25,80,83,75,70,65,90,79
Evanilson,ST,24,80,76,80,75,77,81,83
De Marcos,RB,35,80,79,82,77,79,75,78
Eric Dier,CB,30,80,73,58,72,39,90,75
Jérémy Doku,LW,22,80,89,63,78,95,73,77
Éderson,CM,25,80,70,90,82,75,75,80
Wataru Endo,CDM,31,80,52,87,80,70,67,78
Pervis Estupiñán,LB,26,80,78,81,80,78,73,77
João Félix,LW,24,80,79,75,80,82,62,80
Suso,RM,30,80,71,62,81,73,50,76
Seko Fofana,CM,29,80,71,89,82,71,88,80
Juan Foyth,RB,26,80,72,72,79,70,77,78
Javi Galán,LB,29,80,77,77,79,81,64,76
Pepelu,CM,26,80,68,89,85,68,75,77
Nuno Santos,LM,29,80,82,84,75,85,70,79
Joe Gomez,CB,27,80,87,75,78,75,81,78
Nicolás González,RW,26,80,86,73,80,83,52,76
Mario Götze,CAM,32,80,44,84,86,68,67,81
Vincenzo Grifo,LM,31,80,65,70,81,74,65,82
Nemanja Gudelj,CB,32,80,55,80,83,52,88,79
Albert Guðmundsson,ST,27,80,87,77,75,86,75,79
Mattéo Guendouzi,CM,25,80,74,89,83,69,75,79
Malo Gusto,RB,21,80,88,87,77,87,68,76
Miguel Gutiérrez,LB,23,80,80,83,80,83,67,79
Amadou Haidara,CM,26,80,58,77,83,75,65,79
Danilo Pereira,CB,33,80,59,77,79,40,88,80
Jordan Henderson,CDM,34,80,65,82,81,63,75,81
Morten Hjulmand,CDM,25,80,65,87,81,65,82,79
Pierre-Emile Højbjerg,CDM,29,80,49,79,81,52,78,79
Ibañez,CB,25,80,85,85,63,85,80,76
Thomas Lemar,CM,28,80,77,77,81,85,57,78
Giovani Lo Celso,CAM,28,80,68,67,82,70,69,80
David López,CB,34,80,43,58,81,48,80,78
Harry Maguire,CB,31,80,37,66,79,37,89,78
Reinildo,LB,30,80,85,83,76,82,75,77
Iván Martín,CAM,25,80,74,74,80,76,60,78
Nemanja Matić,CDM,36,80,36,74,83,34,82,81
Bryan Mbeumo,RW,25,80,82,80,73,87,71,76
Facundo Medina,CB,25,80,77,69,79,69,81,81
Dries Mertens,CAM,37,80,64,72,81,72,33,84
Daniel Muñoz,RB,28,80,85,88,79,82,75,78
Vedat Muriqi,ST,30,80,64,71,78,40,91,82
João Mário,LM,31,80,68,78,85,68,65,81
Jesús Navas,RB,38,80,79,78,81,83,34,76
David Neres,LM,27,80,85,73,78,87,64,78
Mario Pašalić,CM,29,80,69,83,83,68,75,74
Vangelis Pavlidis,ST,25,80,75,86,74,76,81,79
Matteo Politano,RW,31,80,79,75,80,81,40,81
Ivan Rakitić,CM,36,80,45,71,84,51,72,77
Amir Rrahmani,CB,30,80,86,67,69,48,83,79
Ruiz de Galarreta,CDM,31,80,68,84,80,77,70,79
Allan Saint-Maximin,LM,27,80,89,77,76,89,72,76
Davinson Sánchez,CB,28,80,84,68,72,69,88,78
Diego Carlos,CB,31,80,70,50,75,55,87,80
Téji Savanier,CAM,32,80,55,72,85,66,62,78
William Carvalho,CDM,32,80,38,81,84,35,90,75
Mohamed Simakan,CB,24,80,77,76,74,73,81,78
Sebastian Szymański,CAM,25,80,78,82,79,84,61,79
Mehdi Taremi,ST,32,80,77,80,81,79,80,82
James Tarkowski,CB,31,80,52,68,66,41,86,78
Jean-Clair Todibo,CB,24,80,87,73,78,74,82,77
Ivan Toney,ST,28,80,78,76,76,76,81,78
Ferran Torres,LW,24,80,81,72,77,87,69,82
Hamari Traoré,RB,32,80,84,90,75,80,73,76
André Silva,ST,28,80,72,77,79,76,77,83
Hans Vanaken,CAM,32,80,53,90,85,36,76,82
Jordan Veretout,CM,31,80,76,83,82,74,78,80
Timo Werner,LM,28,80,89,81,77,93,64,79
Mats Wieffer,CDM,24,80,73,86,79,67,81,76
Axel Witsel,CB,35,80,34,69,84,33,80,82
Barış Alper Yılmaz,RM,24,80,93,86,76,89,84,78
Warren Zaïre-Emery,CM,18,80,78,84,83,80,75,79
André-Franck Zambo Anguissa,CDM,28,80,75,92,78,75,87,84
Lucas Zelarayán,CAM,32,80,71,82,79,72,64,78
Hakim Ziyech,RM,31,80,73,67,80,76,63,76
Zubeldia,CB,27,80,80,80,81,75,81,80
Karim Adeyemi,LM,22,79,96,80,74,96,67,77
Nayef Aguerd,CB,28,79,77,69,74,55,76,79
Rayan Aït-Nouri,LB,23,79,84,79,76,85,65,78
Raúl Albiol,CB,39,79,33,33,74,34,79,77
Ezequiel Ávila,ST,30,79,79,76,71,74,86,78
Azpilicueta,CB,35,79,55,71,79,64,71,83
Álex Baena,LM,23,79,74,76,82,75,60,78
Alexander Bah,RB,26,79,92,86,71,89,78,78
Johan Bakayoko,RW,21,79,85,67,71,88,69,78
Leonardo Balerdi,CB,25,79,64,69,77,63,79,75
Éver Banega,CM,36,79,52,73,82,53,71,76
Abdülkerim Bardakcı,CB,30,79,62,82,78,60,89,75
Yuri Berchiche,LB,34,79,78,83,77,81,82,80
Steven Berghuis,RW,32,79,66,69,82,79,63,77
Steven Bergwijn,LW,26,79,78,62,79,82,79,79
Cristiano Biraghi,LB,32,79,72,81,77,73,68,79
Sacha Boey,RB,24,79,80,84,74,85,76,79
Giacomo Bonaventura,CAM,35,79,65,72,82,65,57,79
Jarrad Branthwaite,CB,22,79,77,72,77,64,78,79
Brian Brobbey,ST,22,79,88,60,75,82,92,79
Matheus Cunha,ST,25,79,86,80,79,82,73,79
Matty Cash,RB,27,79,77,86,74,76,68,79
Valentin Castellanos,ST,25,79,72,86,78,73,68,79
Catena,CB,29,79,65,78,80,64,78,75
Dani Ceballos,CM,28,79,58,76,82,69,60,77
Ben Chilwell,LB,27,79,79,79,80,73,68,78
Jordy Clasie,CDM,33,79,61,73,83,51,65,77
Dante,CB,40,79,32,67,79,32,86,78
Charles De Ketelaere,CAM,23,79,69,83,79,70,68,76
Marten de Roon,CM,33,79,68,91,84,58,79,78
Romain Del Castillo,RW,28,79,88,66,80,79,62,72
Ermedin Demirović,ST,26,79,69,86,78,69,77,81
Sergiño Dest,LB,23,79,91,77,80,90,62,77
Boulaye Dia,ST,27,79,83,70,72,78,81,78
Samuel Lino,LM,24,79,81,86,76,85,58,76
Lucas Digne,LB,31,79,70,80,77,76,69,76
Axel Disasi,CB,26,79,64,71,72,48,88,78
Alexander Djiku,CB,30,79,77,77,75,73,82,76
Cheick Doucouré,CDM,24,79,67,72,78,63,76,76
Lewis Dunk,CB,32,79,47,70,80,33,84,79
Hugo Duro,ST,24,79,74,75,71,72,77,79
Marcus Edwards,RW,25,79,84,73,75,87,39,78
Stephan El Shaarawy,LM,31,79,82,66,77,83,63,76
Eljif Elmas,CAM,24,79,69,68,80,77,64,78
Aritz Elustondo,RB,30,79,67,70,81,60,77,84
Lewis Ferguson,CM,25,79,75,94,79,74,75,74
Emil Forsberg,CAM,32,79,64,65,83,66,59,78
Chris Führich,LM,26,79,79,78,75,87,49,76
Álvaro García,LM,31,79,88,71,76,89,32,79
Alejandro Garnacho,LM,20,79,84,77,77,88,47,77
Lutsharel Geertruida,CB,24,79,73,77,77,77,80,76
Morgan Gibbs-White,CAM,24,79,73,78,80,77,66,78
Carles Gil,CAM,31,79,67,84,82,74,61,79
Santiago Giménez,ST,23,79,80,68,74,77,76,74
Moi Gómez,CM,30,79,61,78,81,71,56,78
João Neves,CM,19,79,80,90,80,82,76,81
Robin Gosens,LB,30,79,69,87,77,76,76,79
Mason Greenwood,RM,22,79,83,67,77,82,60,72
Guruzeta,ST,28,79,75,80,78,75,82,79
Sébastien Haller,ST,30,79,57,54,77,54,84,82
Franck Honorat,RM,28,79,80,84,74,80,54,72
Hiroki Ito,CB,25,79,76,69,77,78,78,83
Nicolas Jackson,ST,23,79,84,76,75,82,76,77
Curtis Jones,CM,23,79,68,82,83,68,72,79
Luka Jović,ST,26,79,74,63,72,76,79,80
İrfan Can Kahveci,RW,29,79,73,68,80,74,64,74
Lukas Klostermann,CB,28,79,82,74,74,81,77,81
Robin Koch,CB,28,79,73,66,75,55,79,79
Sead Kolašinac,CB,31,79,68,70,72,59,88,79
Geoffrey Kondogbia,CM,31,79,68,86,80,66,91,76
Erik Lamela,RW,32,79,76,67,79,77,61,78
Noa Lang,LW,25,79,79,80,76,86,65,78
Manuel Lazzari,RB,30,79,93,85,78,92,56,78
Lee Kang In,CAM,23,79,74,73,80,75,59,76
Pierre Lees-Melou,CDM,31,79,61,90,80,64,72,78
Mario Lemina,CDM,31,79,71,84,79,67,76,78
Jefferson Lerma,CDM,29,79,75,83,78,68,76,76
Philipp Lienhart,CB,28,79,74,66,74,62,78,78
Pedro Neto,RW,24,79,87,70,75,89,55,74
Castello Lukeba,CB,21,79,69,63,78,71,76,79
Dodi Lukébakio,RW,26,79,86,64,73,82,68,74
Ian Maatsen,LB,22,79,85,74,80,88,52,78
Pablo Maffeo,RB,27,79,80,71,75,85,70,73
Omar Marmoush,ST,25,79,91,75,78,86,68,76
Arnau Martínez,RB,21,79,78,78,79,82,66,79
Adam Marušić,LB,31,79,87,80,71,86,81,76
Jean-Philippe Mateta,ST,27,79,83,66,76,68,89,76
Borja Mayoral,ST,27,79,72,66,77,70,72,77
Chancel Mbemba,CB,30,79,75,77,74,70,82,77
Callum McGregor,CDM,31,79,77,93,84,82,70,83
Medrán,CM,30,79,62,80,83,57,71,78
Nikola Milenković,CB,26,79,53,77,69,63,84,76
Takumi Minamino,CAM,29,79,74,74,79,84,58,78
Tyrone Mings,CB,31,79,72,62,75,55,86,76
Maximilian Mittelstädt,LB,27,79,69,80,78,79,66,79
Álex Moreno,LB,31,79,78,76,77,80,60,79
Hidemasa Morita,CM,29,79,69,85,81,68,75,79
Florentino,CDM,25,79,55,81,79,55,77,76
Hany Mukhtar,CAM,29,79,82,87,79,82,60,79
Nordi Mukiele,RB,26,79,78,79,72,76,79,72
Galeno,LM,26,79,94,82,73,92,66,78
Matt O'Riley,CM,23,79,69,85,82,68,73,79
Ayoze Pérez,LM,31,79,76,66,79,80,58,78
Matteo Pessina,CM,27,79,72,86,83,64,65,78
Ethan Pinnock,CB,31,79,69,77,64,65,86,77
Yeremy Pino,LM,21,79,76,70,78,77,32,74
Soufiane Rahimi,LM,28,79,84,81,75,87,62,75
Gonçalo Ramos,ST,23,79,75,85,72,77,79,81
Antonee Robinson,LB,27,79,89,81,74,87,73,75
Kaku,CAM,29,79,80,70,81,82,59,74
Oriol Romeu,CDM,32,79,35,75,79,46,83,76
Valentin Rongier,CDM,29,79,63,82,80,68,77,78
Julian Ryerson,RB,26,79,73,83,77,78,78,77
Pape Matar Sarr,CDM,22,79,68,83,81,72,71,79
Gianluca Scamacca,ST,25,79,69,61,75,61,85,76
Perr Schuurs,CB,24,79,76,73,78,61,76,75
Benjamin Šeško,ST,21,79,89,78,72,79,83,71
Mário Rui,LB,33,79,79,83,79,81,55,76
Wilfried Singo,CB,23,79,83,78,75,70,85,79
Tomáš Souček,CDM,29,79,51,87,75,49,83,78
Leonardo Spinazzola,LM,31,79,89,69,76,86,67,79
António Silva,CB,20,79,81,83,77,78,83,79
Martin Terrier,ST,27,79,83,75,78,81,75,76
Kieran Tierney,LB,27,79,82,77,78,78,71,79
Quinten Timber,CM,23,79,70,78,80,86,82,80
Jurriën Timber,CB,23,79,78,74,79,78,82,78
Rafael Tolói,CB,33,79,64,77,69,57,78,78
Edin Višća,RM,34,79,81,81,76,84,58,74
Nikola Vlašić,CAM,26,79,73,75,80,77,68,77
Aaron Wan-Bissaka,RB,26,79,85,73,74,78,71,77
James Ward-Prowse,CM,29,79,53,92,84,61,62,73
Julian Weigl,CDM,29,79,45,80,86,65,68,78
Yoane Wissa,LW,28,79,87,78,76,83,68,76
Denis Zakaria,CDM,27,79,86,76,79,72,87,78
Davide Zappacosta,LB,32,79,75,79,77,77,63,73
Edon Zhegrova,RM,25,79,79,69,76,92,61,75
Oleksandr Zinchenko,LB,27,79,61,77,84,73,63,79
Joshua Zirkzee,ST,23,79,73,69,79,74,82,78
Carlos Augusto,LM,25,79,81,84,78,80,78,76
Saud Abdulhamid,RB,25,78,92,94,71,91,70,72
Tammy Abraham,ST,26,78,81,66,74,75,85,80
Tosin Adarabioyo,CB,26,78,77,68,77,66,82,76
Amine Adli,ST,24,78,80,79,75,87,70,76
Joseph Aidoo,CB,28,78,79,81,72,69,91,73
Miguel Almirón,RW,30,78,86,88,75,89,52,77
Nadiem Amiri,CM,27,78,59,72,80,76,69,78
Sofyan Amrabat,CDM,28,78,67,79,79,62,78,74
Michail Antonio,ST,34,78,79,70,74,74,86,81
Mauro Arambarri,CDM,28,78,54,78,76,68,77,76
Cristian Arango,ST,29,78,74,74,78,77,76,78
Benoît Badiashile,CB,23,78,67,65,77,55,83,76
Antonín Barák,CM,29,78,68,80,81,70,73,77
Ricardo Pereira,RB,30,78,71,68,78,76,69,78
Melvin Bard,LB,23,78,79,80,74,77,74,75
Ross Barkley,CM,30,78,53,74,81,54,76,79
Marc Bartra,CB,33,78,68,67,78,68,77,81
Maximilian Beier,ST,21,78,89,83,72,88,52,79
Andrea Belotti,ST,30,78,71,72,68,66,81,79
Fran Beltrán,CDM,25,78,56,67,83,61,63,74
Saïd Benrahma,LW,29,78,69,70,77,78,53,75
Ramy Bensebaini,LB,29,78,79,71,75,71,78,76
Nabil Bentaleb,CDM,29,78,50,74,83,55,76,76
Mergim Berisha,ST,26,78,69,66,75,73,76,78
Jan-Niklas Beste,LM,25,78,76,86,75,80,55,67
Veljko Birmančević,RW,26,78,76,76,76,81,57,77
Olivier Boscagli,CB,26,78,65,76,80,69,75,78
Lilian Brassier,CB,24,78,71,71,74,66,78,76
Ante Budimir,ST,33,78,63,63,66,54,83,75
Emiliano Buendía,RM,27,78,65,54,82,74,63,74
Dan Burn,CB,32,78,49,76,75,34,89,76
Nélson Semedo,RB,30,78,80,78,76,79,69,76
Riccardo Calafiori,CB,22,78,69,73,76,68,78,78
Maxence Caqueret,CM,24,78,74,90,79,77,61,79
Daniel Podence,LM,28,78,79,73,73,89,30,76
Trevoh Chalobah,CB,25,78,70,70,76,64,83,76
Andrea Colpani,CAM,25,78,79,79,81,73,69,76
Murillo,CB,22,78,71,67,69,74,90,76
Vladimír Coufal,RB,32,78,63,85,75,68,75,77
Kerem Demirbay,CM,31,78,62,80,80,62,72,76
Kiernan Dewsbury-Hall,CM,26,78,62,85,79,74,73,81
Ousmane Diomande,CB,20,78,82,76,74,78,86,78
Berat Djimsiti,CB,31,78,66,73,67,63,80,74
Ritsu Doan,RM,26,78,73,77,75,84,59,74
Danilho Doekhi,CB,26,78,58,68,70,57,86,76
Oscar Dorley,CDM,26,78,76,86,80,80,64,77
Oscar,CAM,33,78,76,83,79,78,62,72
Ayoub El Kaabi,ST,31,78,82,68,67,78,75,69
Aschraf El Mahdioui,CDM,28,78,63,90,80,68,70,78
Harvey Elliott,CAM,21,78,71,75,79,78,34,75
Christian Eriksen,CM,32,78,48,66,83,53,49,77
Alfonso Espino,LB,32,78,86,90,67,88,78,66
Francisco Conceição,RM,21,78,87,69,73,88,40,79
Wesley Fofana,CB,23,78,77,59,73,54,80,72
Przemysław Frankowski,RB,29,78,88,84,77,93,69,78
Levi García,ST,26,78,89,78,70,88,87,73
Eric García,CB,23,78,68,65,82,55,72,78
Rubén García,RM,31,78,71,63,80,83,44,73
Fran García,LB,25,78,89,80,76,90,65,72
Federico Gatti,CB,26,78,77,67,66,73,78,73
Ryan Gauld,LW,28,78,84,87,77,84,38,78
João Gomes,CDM,23,78,73,78,78,67,70,75
Campaña,CM,31,78,62,79,81,68,70,74
Ismaily,LB,34,78,75,86,77,78,75,77
Amine Gouiri,LM,24,78,74,72,78,80,73,76
Jonathan Gradit,CB,31,78,68,77,74,71,79,78
Ryan Gravenberch,CM,22,78,70,77,80,72,75,74
Michael Gregoritsch,ST,30,78,53,71,74,54,85,81
Arda Güler,CAM,19,78,69,70,81,75,43,74
Christian Günter,LB,31,78,79,83,72,76,82,77
Abderrazak Hamdallah,ST,33,78,66,83,72,55,80,82
Lukáš Haraslín,LW,28,78,81,68,74,79,61,77
Cucho Hernández,ST,25,78,80,79,77,86,75,76
Héctor Herrera,CM,34,78,64,83,80,62,80,77
Ander Herrera,CM,35,78,54,78,79,65,69,78
Isak Hien,CB,25,78,75,51,62,63,90,73
Andreas Pereira,CAM,28,78,74,77,79,75,60,77
Rasmus Højlund,ST,21,78,86,78,73,84,87,77
Hwang Hee Chan,ST,28,78,81,77,73,88,74,80
Borja Iglesias,ST,31,78,63,65,76,61,84,80
Lorenzo Insigne,LW,33,78,76,67,79,83,34,73
Junya Ito,RM,31,78,84,87,75,90,60,73
Juanmi,LM,31,78,76,74,77,80,56,79
Brennan Johnson,RM,23,78,91,78,74,87,52,72
Joan Jordán,CM,30,78,55,78,80,53,74,76
Pierre Kalulu,CB,24,78,80,69,78,75,74,78
Kevin Kampl,CM,33,78,34,79,86,74,47,80
Rick Karsdorp,RB,29,78,85,79,76,76,80,76
Moise Kean,ST,24,78,85,77,68,82,78,72
Kodjo Fo-Doh Laba,ST,32,78,77,87,69,77,85,78
Gaëtan Laborde,RW,30,78,70,88,80,71,76,78
Armand Laurienté,LW,25,78,82,75,76,78,59,78
Victor Lindelöf,CB,30,78,53,69,80,51,76,78
Tino Livramento,RB,21,78,83,78,75,82,70,75
Hirving Lozano,RW,29,78,87,60,72,89,54,81
Matheus Nunes,CM,26,78,86,79,80,79,74,78
Noni Madueke,RM,22,78,90,72,74,89,68,72
Joakim Mæhle,RB,27,78,75,88,76,78,74,76
Lovro Majer,CM,26,78,50,90,82,76,65,78
Nemanja Maksimović,CM,29,78,45,82,77,49,78,80
Solly March,RM,30,78,74,79,78,76,61,75
Konstantinos Mavropanos,CB,26,78,80,65,62,67,91,72
Weston McKennie,CM,26,78,76,81,78,75,78,78
Scott McTominay,CDM,27,78,56,82,75,53,83,77
Ben Mee,CB,34,78,44,65,54,47,77,76
Arthur Cabral,ST,26,78,74,74,76,68,87,76
Moncayola,CM,26,78,64,74,82,64,67,76
Mason Mount,CM,25,78,68,75,82,73,57,78
Luis Muriel,ST,33,78,85,69,78,84,72,78
Rodrigo Becão,CB,28,78,54,67,69,54,84,75
Marcão,CB,28,78,63,85,75,63,83,79
Wilfred Ndidi,CDM,27,78,69,81,77,61,78,79
Victor Nelsson,CB,25,78,66,83,69,59,85,77
Saúl,CM,29,78,70,75,80,67,74,79
M'Bala Nzola,ST,28,78,90,75,69,86,90,78
Noah Okafor,ST,24,78,87,68,72,89,82,76
Caio Henrique,LB,27,78,78,78,78,76,58,74
Amadou Onana,CDM,23,78,78,76,79,64,81,75
Alex Oxlade-Chamberlain,CM,31,78,78,73,78,79,70,79
Willian Pacho,CB,22,78,79,69,73,78,84,79
Emerson,LB,30,78,79,76,77,78,59,75
Leandro Paredes,CM,30,78,62,74,86,62,75,68
Pedraza,LB,28,78,79,81,74,80,74,75
Nicolas Pépé,RM,29,78,87,65,75,87,70,74
Roberto Pereyra,CM,33,78,73,75,80,79,66,76
Stefan Posch,RB,27,78,78,70,74,71,77,75
Cameron Puertas,CM,26,78,73,80,78,75,72,74
Riqui Puig,CM,25,78,67,79,84,74,33,78
Julian Quiñones,ST,27,78,88,88,75,88,89,69
Jacob Ramsey,LM,23,78,78,79,77,77,72,79
Giacomo Raspadori,CAM,24,78,76,65,78,83,48,76
Matheus Reis,CB,29,78,78,82,76,76,83,76
Thierry Correia,RB,25,78,92,74,75,92,69,75
Diego Rico,LB,31,78,74,72,80,72,80,75
Riquelme,LM,24,78,77,66,78,80,43,75
Marc Roca,CDM,27,78,64,74,80,58,75,75
Kirian,CM,28,78,64,82,79,73,70,72
Nicolò Rovella,CM,22,78,79,88,81,75,63,74
Alexis Saelemaekers,LM,25,78,77,78,77,83,56,76
Rodri,LM,24,78,78,67,81,80,55,73
Giorgio Scalvini,CB,20,78,55,64,72,56,75,77
Marcos Senesi,CB,27,78,51,70,76,64,78,76
Mykola Shaparenko,CM,25,78,76,78,80,81,63,78
Andreas Skov Olsen,RM,24,78,82,74,73,90,70,66
Carlos Soler,CM,27,78,74,78,81,76,69,77
Djibril Sow,CM,27,78,82,87,79,76,75,78
Çağlar Söyüncü,CB,28,78,75,63,74,61,82,77
Angelo Stiller,CDM,23,78,53,77,84,65,65,82
Nicolás Tagliafico,LB,32,78,74,83,74,78,75,74
James Tavernier,RB,32,78,84,89,77,78,79,75
Teddy Teuma,CM,30,78,66,80,79,68,73,76
Jordan Teze,RB,24,78,79,74,74,76,81,77
Malick Thiaw,CB,23,78,73,68,81,72,82,78
Khéphren Thuram,CM,23,78,70,80,82,73,80,77
Takehiro Tomiyasu,RB,25,78,69,77,75,70,82,78
Gernot Trauner,CB,32,78,60,70,74,52,85,70
Trincão,RW,24,78,78,69,71,77,57,73
Enes Ünal,ST,27,78,67,77,75,68,82,77
Alan Varela,CDM,23,78,66,82,81,69,74,75
Matías Vecino,CM,33,78,58,72,79,57,81,78
Gabri Veiga,CAM,22,78,74,71,80,73,65,76
Jan Vertonghen,CB,37,78,56,74,75,60,82,70
Adam Wharton,CDM,20,78,63,71,80,74,68,77
Georginio Wijnaldum,CM,33,78,68,76,80,69,73,77
Jonas Wind,ST,25,78,34,78,79,66,82,82
Leny Yoro,CB,18,78,79,69,74,65,75,79
Nicolò Zaniolo,RM,25,78,77,75,77,72,86,80
Andrija Živković,RW,28,78,80,74,74,84,54,74
Kurt Zouma,CB,29,78,54,62,67,50,92,76
Vincent Aboubakar,ST,32,77,72,70,73,67,83,72
Tyler Adams,CDM,25,77,70,79,77,85,68,75
Yacine Adli,CDM,24,77,69,69,81,72,69,77
Emmanuel Agbadou,CB,27,77,71,68,65,54,90,75
Ruben Aguilar,RB,31,77,67,90,74,75,66,74
Kerem Aktürkoğlu,LM,25,77,84,86,71,88,44,77
Omar Alderete,CB,27,77,63,71,70,63,81,73
Gabriel Paulista,CB,33,77,63,68,72,64,76,71
Loïc Badé,CB,24,77,58,66,74,51,84,70
Anastasios Bakasetas,CAM,31,77,68,75,75,67,78,77
Ridle Baku,RB,26,77,80,81,75,84,74,75
Iván Balliu,RB,32,77,83,84,72,78,63,71
Folarin Balogun,ST,23,77,85,66,69,82,73,76
Jonathan Bamba,LM,28,77,83,76,74,84,63,75
Igor Paixão,LW,24,77,84,75,72,86,64,78
Michy Batshuayi,ST,30,77,79,75,69,76,84,77
Federico Bernardeschi,RW,30,77,76,74,76,76,69,69
Sam Beukema,CB,25,77,58,70,73,39,79,76
Philip Billing,CM,28,77,50,80,78,50,82,79
Yann Aurel Bisseck,CB,23,77,75,78,75,74,87,78
Ludovic Blas,RM,26,77,69,71,78,77,63,73
Jérémie Boga,LW,27,77,80,67,74,90,64,68
Willy Boly,CB,33,77,34,53,68,34,91,75
Santiago Bueno,CB,25,77,49,73,73,52,80,77
Vitaliy Buyalskyi,CAM,31,77,77,80,77,71,47,80
Dominic Calvert-Lewin,ST,27,77,80,62,70,68,82,76
Andrea Cambiaso,RB,24,77,78,72,79,78,61,75
Gianluca Caprari,CAM,31,77,77,67,77,78,43,75
André Carrillo,CAM,33,77,86,86,74,75,82,73
Cameron Carter-Vickers,CB,26,77,82,72,76,77,90,80
Gedson Fernandes,CM,25,77,80,88,74,80,77,80
Tiago Santos,RB,22,77,82,75,74,85,60,75
Nicolò Casale,CB,26,77,77,67,70,70,81,78
Timothy Castagne,RB,28,77,74,79,75,69,66,76
Gaetano Castrovilli,CM,27,77,67,70,82,71,63,78
Danilo Cataldi,CDM,30,77,64,75,81,72,67,80
Edinson Cavani,ST,37,77,53,57,72,50,74,82
Julian Chabot,CB,26,77,65,66,57,33,90,70
Farès Chaïbi,CAM,21,77,75,80,79,74,71,76
Brendan Chardonnet,CB,29,77,49,68,70,47,82,78
Patrick Ciurria,RM,29,77,84,78,81,77,49,76
Levi Colwill,CB,21,77,73,70,77,65,80,76
Lewis Cook,CDM,27,77,55,75,78,65,62,76
Dodô,RB,25,77,86,77,77,83,65,75
Evander,CAM,26,77,70,84,79,74,62,74
Thijs Dallinga,ST,24,77,74,76,73,69,70,78
Arnaut Danjuma,ST,27,77,86,63,77,80,72,83
Craig Dawson,CB,34,77,34,67,69,34,78,77
Rodinei,RB,32,77,82,84,77,80,65,75
De Frutos,RM,27,77,83,80,73,84,57,71
Vanderson,RB,23,77,76,77,76,79,67,75
Raúl De Tomás,ST,29,77,73,67,80,75,72,81
Kiril Despodov,RM,27,77,89,71,72,88,63,72
Bafodé Diakité,CB,23,77,79,78,72,69,75,75
Álvaro Djaló,RM,25,77,90,72,73,91,55,77
Paulo Díaz,CB,30,77,74,80,78,71,77,75
Issa Diop,CB,27,77,64,67,68,49,87,71
Dakonam Djené,CB,32,77,65,73,77,71,76,77
Nicolás Domínguez,CDM,26,77,67,89,80,72,67,73
Igor,CB,26,77,67,77,72,66,90,68
Alfie Doughty,LB,24,77,81,80,73,84,65,74
Anders Dreyer,RW,26,77,73,80,76,84,61,76
Sebastián Driussi,CAM,28,77,79,86,80,86,72,75
Marvin Ducksch,ST,30,77,60,64,79,66,70,81
Niclas Eliasson,RM,28,77,87,76,73,90,62,76
Breel Embolo,ST,27,77,82,68,75,73,85,75
Angeliño,LB,27,77,49,84,80,80,53,73
Romain Faivre,RM,26,77,67,74,76,76,63,75
Ansu Fati,CAM,21,77,87,63,73,91,49,73
Ignacio Fernández,CAM,34,77,63,70,77,66,66,77
Jota Silva,RM,25,77,84,84,72,82,67,76
Fábio Vieira,CAM,24,77,70,62,80,73,48,72
Kyogo Furuhashi,ST,29,77,83,85,69,86,53,81
Patric,CB,31,77,61,68,77,65,69,79
Matteo Gabbia,CB,24,77,53,76,65,41,71,75
Gonçalo Guedes,ST,27,77,83,64,68,82,71,77
Samuel Gigot,CB,30,77,65,70,71,59,84,77
Angel Gomes,CAM,24,77,76,78,79,77,63,77
Beto,ST,26,77,82,78,68,75,92,79
Nico González,CDM,22,77,68,76,81,63,82,75
Quilindschy Hartman,LM,22,77,79,76,78,81,74,79
Hans Hateboer,RB,30,77,76,70,74,77,75,75
Thorgan Hazard,LW,31,77,65,76,79,78,64,78
Rico Henry,LB,27,77,86,78,69,89,65,76
Bryan Heynen,CM,27,77,63,91,79,60,71,81
Santiago Hezze,CDM,22,77,65,88,77,70,74,73
Callum Hudson-Odoi,LM,23,77,78,68,74,86,58,72
Jonathan Ikoné,RW,26,77,88,69,73,90,50,73
Ivan Ilić,CM,23,77,67,69,81,69,68,71
Illarramendi,CM,34,77,34,66,78,49,65,79
Fotis Ioannidis,ST,24,77,77,72,70,72,79,74
Alex Iwobi,RM,28,77,75,90,77,75,74,75
Vincent Janssen,ST,30,77,69,84,76,68,91,81
Mathias Jensen,CM,28,77,68,80,79,66,70,76
João Pedro,ST,22,77,76,73,74,78,64,76
Saša Kalajdžić,ST,27,77,49,53,77,53,83,78
Arnaud Kalimuendo,ST,22,77,78,57,68,82,72,77
Milos Kerkez,LB,20,77,82,90,73,85,66,73
Maximilian Kilman,CB,27,77,67,68,75,53,85,78
Tim Kleindienst,ST,29,77,73,92,60,59,86,78
Justin Kluivert,CAM,25,77,88,72,73,88,60,70
Ladislav Krejčí,CB,25,77,68,79,74,65,85,72
Enzo Le Fée,CM,24,77,63,69,84,62,52,77
Florian Lejeune,CB,33,77,52,39,77,42,81,77
Lekue,RB,31,77,81,83,74,83,71,75
Chiquinho,CM,29,77,73,83,79,75,66,74
Diego Llorente,CB,31,77,64,64,74,65,78,78
Bradley Locko,LB,22,77,78,75,72,71,67,71
Renan Lodi,LB,26,77,77,82,76,82,67,73
Lucas Beraldo,CB,20,77,72,63,77,63,76,75
Jhon Lucumí,CB,26,77,68,70,74,63,83,75
Sebastiano Luperto,CB,28,77,63,66,68,65,74,77
André Horta,CM,27,77,73,83,81,73,65,78
Renato Sanches,CM,27,77,75,72,80,79,78,76
Darwin Machís,LM,31,77,84,65,73,89,66,70
Kobbie Mainoo,CDM,19,77,72,71,79,77,72,76
Ruslan Malinovskyi,CM,31,77,66,79,79,68,79,75
Rolando Mandragora,CDM,27,77,43,83,80,49,73,74
Guillermo Maripán,CB,30,77,33,55,70,32,89,77
Lucas Martínez Quarta,CB,28,77,62,70,76,49,78,73
Antony,RM,24,77,78,84,74,86,60,76
Dwight McNeil,LM,24,77,67,84,77,69,64,75
Georges Mikautadze,ST,23,77,81,76,76,81,69,76
Luis Milla,CM,29,77,65,80,78,72,70,79
Enzo Millot,CAM,22,77,75,80,79,76,46,76
Rafa Mir,ST,27,77,79,74,73,73,85,74
Tyrick Mitchell,LB,25,77,75,76,65,76,63,75
Terem Moffi,ST,25,77,93,66,65,89,88,69
Johan Mojica,LB,32,77,90,65,77,86,70,69
Moleiro,LM,20,77,81,67,78,86,60,70
Endrick,ST,18,77,88,66,68,91,71,77
Marcelino Moreno,LM,29,77,85,76,73,90,52,69
Mosquera,CB,20,77,74,79,74,79,74,75
Youssoufa Moukoko,ST,19,77,72,72,71,82,69,77
João Moutinho,CM,38,77,33,75,85,47,55,77
Mykhailo Mudryk,LM,23,77,92,72,72,93,60,70
Vitaliy Mykolenko,LB,25,77,77,72,74,73,69,73
Wendell,LB,31,77,81,78,74,83,66,72
Evan Ndicka,CB,25,77,78,68,74,69,81,71
João Mário,RB,24,77,85,84,73,86,60,79
Georges-Kévin Nkoudou,LM,29,77,93,73,71,92,60,70
Felix Nmecha,CM,23,77,82,77,78,77,83,78
Lukas Nmecha,ST,25,77,76,74,76,76,79,75
Christian Nørgaard,CDM,30,77,52,81,74,53,77,75
Unai Núñez,CB,27,77,73,68,75,65,82,76
Mathías Olivera,LB,26,77,72,76,72,69,69,78
Aitor Paredes,CB,24,77,77,70,72,65,77,80
Bruno Petković,ST,29,77,75,68,83,69,90,69
Germán Pezzella,CB,33,77,56,58,73,51,79,74
Kalvin Phillips,CDM,28,77,52,67,76,65,75,75
Orbelín Pineda,CAM,28,77,80,81,73,82,57,78
Alassane Plea,ST,31,77,58,69,80,75,73,78
Yussuf Poulsen,ST,30,77,68,76,74,77,80,79
Puado,LM,26,77,84,82,75,83,73,76
Juan Fernando Quintero,CAM,31,77,56,50,77,69,54,71
Luiz Felipe,CB,27,77,74,58,73,70,81,75
Arthur,CDM,28,77,55,68,83,63,62,78
Reguilón,LB,27,77,81,72,77,83,60,73
André Almeida,CM,24,77,69,69,80,75,59,75
Samuele Ricci,CDM,23,77,70,80,80,76,61,74
Ricardo Rodríguez,CB,32,77,70,75,81,69,72,75
Jonathan Rodríguez,ST,31,77,85,79,67,89,77,79
Youssouf Sabaly,RB,31,77,79,76,74,76,70,73
Umar Sadiq,ST,27,77,86,71,72,80,90,70
Roland Sallai,RM,27,77,72,64,76,77,70,75
Antonio Sanabria,ST,28,77,73,60,76,78,67,75
Ibrahim Sangaré,CDM,26,77,54,74,76,67,91,75
Baptiste Santamaria,CDM,29,77,41,81,81,44,70,73
Marcos Leonardo,ST,21,77,75,75,66,78,75,80
Daniel Bragança,CM,25,77,81,67,81,79,58,75
Pablo Sarabia,CAM,32,77,67,66,80,71,56,76
Nicolas Seiwald,CDM,23,77,72,87,75,74,68,78
Suat Serdar,CM,27,77,69,79,78,66,72,77
Giovanni Simeone,ST,29,77,69,68,69,73,74,77
Luis Sinisterra,LM,25,77,86,70,74,91,38,72
Oliver Skipp,CDM,23,77,56,73,78,67,66,76
Emile Smith Rowe,LM,24,77,76,68,79,76,61,76
Florian Sotoca,ST,33,77,76,87,78,69,80,81
Matías Soulé,RM,21,77,71,87,76,79,48,66
Jeremiah St. Juste,CB,27,77,95,68,75,90,74,79
Anton Stach,CM,25,77,76,81,76,70,81,79
Nicolae Stanciu,CM,31,77,74,91,79,79,60,75
Josip Stanišić,RB,24,77,77,71,74,68,75,76
Calvin Stengs,CAM,25,77,70,82,81,73,62,76
Kevin Stöger,CAM,31,77,52,72,83,62,63,79
Heorhii Sudakov,CAM,22,77,76,73,76,80,68,74
Yukinari Sugawara,RB,24,77,83,79,75,80,67,75
Josip Šutalo,CB,24,77,80,76,72,79,80,79
Mattias Svanberg,CM,25,77,85,76,80,76,75,78
Mathys Tel,ST,19,77,87,67,68,85,67,64
Arthur Theate,CB,24,77,75,72,63,65,84,74
Malik Tillman,CAM,22,77,78,71,77,82,76,76
Lucas Torró,CDM,30,77,40,78,79,49,76,74
Óscar Trejo,CAM,36,77,65,87,80,63,76,71
Adrien Truffert,LB,22,77,76,79,72,75,65,71
Konstantinos Tsimikas,LB,28,77,78,77,73,83,77,74
Bruma,LM,29,77,88,70,70,91,56,66
Martin Valjent,CB,28,77,59,82,75,67,85,68
Sepp van den Berg,CB,22,77,82,69,72,69,79,76
Jamie Vardy,ST,37,77,71,61,73,77,61,76
Vesga,CM,31,77,54,83,78,34,87,80
Elye Wahi,ST,21,77,84,70,72,84,69,75
Wout Weghorst,ST,32,77,66,75,77,51,90,81
Mitchell Weiser,RB,30,77,80,85,77,78,64,79
Joe Willock,CM,25,77,80,74,79,74,66,75
Patrick Wimmer,RM,23,77,78,76,75,83,71,75
Maximilian Wöber,CB,26,77,67,67,72,62,82,76
İsmail Yüksek,CDM,25,77,72,83,76,76,74,74
Illia Zabarnyi,CB,22,77,68,67,75,56,80,76
Dan-Axel Zagadou,CB,25,77,67,60,72,40,93,69
Nicola Zalewski,LM,22,77,86,80,77,83,46,72
Salis Abdul Samed,CDM,24,76,59,88,76,61,73,74
Mohammed Abu Fani,CM,26,76,63,76,80,68,68,76
Simon Adingra,RM,22,76,87,70,72,90,45,72
Luis Advíncula,RB,34,76,90,88,72,90,79,71
Michel Aebischer,CM,27,76,61,83,80,73,72,73
Kristoffer Ajer,CB,26,76,73,68,71,54,90,68
Maghnes Akliouche,RM,22,76,74,64,77,74,58,74
Chuba Akpom,ST,28,76,77,71,69,77,78,78
Rodrigo Aliendro,CDM,33,76,63,76,78,78,75,76
Stephen Eustáquio,CDM,27,76,65,77,78,67,69,75
Santiago Ascacíbar,CM,27,76,64,87,83,78,57,75
Taiwo Awoniyi,ST,27,76,79,62,69,69,88,76
Hernani,CDM,30,76,60,72,76,60,75,73
Carlos Bacca,ST,38,76,59,48,69,64,69,72
Eric Bailly,CB,30,76,71,35,68,64,84,70
Tommaso Baldanzi,CAM,21,76,78,68,76,77,40,70
Taison,CAM,36,76,82,70,75,81,65,58
Enis Bardhi,CAM,29,76,66,71,77,77,40,70
Leandro Barreiro Martins,CM,24,76,69,86,78,76,48,77
Pablo Barrios,CM,21,76,75,64,80,77,63,73
Musa Barrow,LW,25,76,85,72,74,82,69,76
Federico Baschirotto,CB,27,76,73,74,63,67,92,70
Calvin Bassey,CB,24,76,86,89,67,76,88,71
Mourad Batna,RM,34,76,72,80,72,73,84,76
Martin Baturina,CAM,21,76,75,78,79,77,63,70
Ihlas Bebou,ST,30,76,85,74,74,86,69,77
Sheraldo Becker,ST,29,76,94,73,74,91,73,78
Raoul Bellanova,RB,24,76,90,78,74,82,69,67
Héctor Bellerín,RB,29,76,81,71,74,78,57,76
Patrick Berg,CDM,26,76,74,92,77,72,75,75
Sander Berge,CM,26,76,55,81,78,51,91,76
Jordan Beyer,CB,24,76,76,68,74,67,77,74
Miguel Borja,ST,31,76,78,76,67,75,88,75
Hicham Boudaoui,CM,24,76,75,86,77,74,67,77
Lucas Boyé,ST,28,76,70,69,70,68,88,75
Malcom Braida,LM,27,76,81,82,74,84,67,70
Josip Brekalo,CAM,26,76,72,70,76,79,50,71
Christian Burgess,CB,32,76,35,78,68,35,82,68
Jonathan Burkardt,ST,24,76,69,77,74,82,76,76
Rémy Cabella,CAM,34,76,67,62,78,69,45,72
Mahdi Camara,CM,26,76,55,79,78,68,73,77
Jaminton Campaz,LM,24,76,84,72,74,86,55,72
Franco Cervi,LM,30,76,88,77,75,89,31,72
Pedro Chirivella,CDM,27,76,54,90,76,53,64,78
Ryan Christie,CM,29,76,76,85,78,76,74,75
Geny Catamo,RM,23,76,89,75,66,87,50,69
Gustavo Cuéllar,CDM,31,76,69,94,73,71,80,73
Josh Cullen,CDM,28,76,52,85,78,69,63,76
Hugo Cuypers,ST,27,76,77,90,73,73,75,78
Davidson,LW,33,76,82,90,70,82,65,74
Mahmoud Dahoud,CM,28,76,55,77,80,75,59,74
Ben Davies,CB,31,76,53,70,78,63,70,79
Leif Davis,LB,24,76,79,85,74,82,70,73
Maxim De Cuyper,LB,23,76,76,85,80,77,62,72
Mattia De Sciglio,RB,31,76,66,69,74,64,66,72
Johnny Cardoso,CDM,22,76,73,70,79,74,67,73
Alexsandro,CB,25,76,69,69,68,53,83,76
Zeno Debast,CB,20,76,73,81,77,58,73,75
Thomas Delaney,CDM,33,76,66,71,73,62,76,75
Merih Demiral,CB,26,76,77,68,59,65,84,67
Kévin Denkey,ST,23,76,76,81,60,73,89,71
Mouctar Diakhaby,CB,27,76,62,71,71,63,79,70
Enzo Díaz,LB,28,76,73,78,73,77,80,75
Junior Dina Ebimbe,RM,23,76,86,82,78,84,77,76
Eren Dinkçi,RM,22,76,94,84,70,87,55,71
Sofiane Diop,LW,24,76,68,76,76,73,37,74
Kasper Dolberg,ST,26,76,77,67,75,67,80,72
Désiré Doué,LM,19,76,78,66,77,79,64,75
Chidera Ejuke,LM,26,76,87,70,72,94,61,68
Hugo Ekitike,ST,22,76,86,66,70,82,69,73
Bilal El Khannouss,CAM,20,76,66,71,84,78,56,74
Anthony Elanga,RM,22,76,86,75,69,89,71,74
Nico Elvedi,CB,27,76,77,65,71,68,79,73
Tiago Djaló,CB,24,76,80,58,69,79,83,73
Wout Faes,CB,26,76,54,73,74,50,81,74
Nicolò Fagioli,CDM,23,76,77,77,83,74,62,76
Abdul Fatawu,RW,20,76,82,69,71,87,59,73
Leonardo Fernández,CAM,25,76,78,68,80,78,64,70
Valery,LM,24,76,87,80,74,88,65,72
Álex Fernández,CM,31,76,39,73,82,61,57,76
Jordan Ferri,CDM,32,76,50,80,79,55,68,76
Nicolás Figal,CB,30,76,73,79,71,73,82,75
Alessandro Florenzi,RB,33,76,67,63,81,74,48,75
Michael Folorunsho,CAM,26,76,75,85,79,70,81,77
Pablo Fornals,LM,28,76,61,81,77,68,67,75
Morten Frendrup,CM,23,76,77,92,77,80,68,79
Dani García,CM,34,76,50,89,78,44,81,82
Yannick Gerhardt,CM,30,76,72,80,77,66,76,78
Bryan Gil,LM,23,76,74,45,75,76,33,76
Mario Gila,CB,24,76,78,67,74,72,66,72
Adrià Pedrosa,LB,26,76,89,89,72,91,63,73
Andrei Girotto,CB,32,76,39,73,74,61,74,74
Oscar Gloukh,CAM,20,76,78,71,75,88,36,61
Toti,CB,25,76,80,67,69,77,81,76
Gabriel Sara,CM,25,76,74,85,79,74,79,75
Edgar,CB,27,76,67,77,72,63,79,76
Gorosabel,RB,28,76,76,70,75,72,66,76
Jeffrey Gouweleeuw,CB,33,76,68,55,68,65,77,76
Demarai Gray,LW,28,76,85,71,70,86,59,65
Idrissa Gueye,CDM,34,76,55,77,73,66,58,74
Robin Hack,LM,26,76,76,81,74,84,57,72
Marcel Halstenberg,CB,32,76,63,84,79,56,80,78
Gustavo Hamer,CM,27,76,68,83,77,70,70,75
Andreas Hanche-Olsen,CB,27,76,70,68,68,68,81,74
Amine Harit,CM,27,76,75,74,76,80,46,82
Jack Harrison,RM,27,76,78,82,73,80,64,74
Reo Hatate,CM,26,76,65,72,77,76,64,80
Guilherme Sityá,LB,34,76,79,86,78,81,78,69
Aridane,CB,35,76,51,77,65,34,91,72
Aaron Hickey,RB,22,76,75,78,75,72,59,73
Adam Hložek,ST,22,76,74,68,75,77,83,76
Tomáš Holeš,CB,31,76,74,77,70,74,80,74
Gustav Isaksen,RW,23,76,92,79,70,84,32,73
Ko Itakura,CB,27,76,70,68,74,77,75,74
Luka Ivanušec,LW,25,76,52,80,74,80,70,77
Mauro Júnior,LB,25,76,83,82,77,82,34,74
Vitaly Janelt,CM,26,76,55,83,78,66,76,78
Adnan Januzaj,RW,29,76,75,60,80,78,59,70
Josip Juranović,RB,29,76,82,75,75,84,61,74
Ozan Kabak,CB,24,76,72,67,75,52,84,66
Pavel Kadeřábek,RB,32,76,61,76,72,75,76,78
Florian Kainz,CAM,31,76,67,68,76,75,54,77
Kaan Kairinen,CM,25,76,63,80,81,66,72,76
Jesper Karlsson,LW,26,76,76,72,71,79,46,73
Thilo Kehrer,CB,27,76,76,68,74,64,77,73
Ryan Kent,LW,27,76,88,81,73,90,62,71
Jakub Kiwior,LB,24,76,74,79,72,63,76,78
Ansgar Knauff,RM,22,76,93,83,75,88,55,72
Ghislain Konan,LB,28,76,78,87,73,84,71,74
Kouadio Manu Koné,CM,23,76,68,76,76,76,75,75
Christian Kouamé,ST,26,76,82,71,74,76,68,78
Rasmus Kristensen,RB,27,76,74,84,68,63,74,75
Maxence Lacroix,CB,24,76,92,67,71,82,82,76
Kenny Lala,RB,32,76,79,78,74,75,71,71
Lee Jae Sung,CAM,32,76,64,85,76,74,48,77
Emerson Royal,RB,25,76,70,81,75,69,73,73
Clément Lenglet,CB,29,76,54,71,81,54,75,77
Rico Lewis,RB,19,76,75,69,82,81,47,79
Sean Longstaff,CM,26,76,56,86,77,56,66,74
Maxime Lopez,CM,26,76,65,83,80,70,31,75
Fermín,CM,21,76,73,70,78,75,43,76
Diego López,LM,22,76,79,69,76,79,60,72
Deiver Machado,LB,31,76,84,74,74,83,76,76
Tiago Silva,CM,31,76,69,73,76,73,52,76
Arne Maier,CM,25,76,58,81,79,66,77,77
Patrick Mainka,CB,29,76,65,79,64,42,84,73
Tyrell Malacia,LB,25,76,78,70,75,79,70,68
Rey Manaj,ST,27,76,69,63,69,67,75,76
Aïssa Mandi,CB,32,76,55,60,76,64,76,75
Orel Mangala,CM,26,76,64,78,79,75,74,78
Marcano,CB,37,76,42,53,75,52,74,71
Mika Mármol,CB,23,76,81,65,79,79,77,74
Óscar Valentín,CDM,30,76,65,82,77,64,72,65
Adrián Martínez,ST,32,76,66,73,64,71,89,74
Arthur Masuaku,LB,30,76,78,80,75,77,81,73
Clinton Mata,RB,31,76,80,86,72,75,73,74
Azor Matusiwa,CDM,26,76,43,83,75,60,76,75
Mykola Matviienko,CB,28,76,78,75,79,75,75,73
Stephy Mavididi,LW,26,76,86,73,72,90,75,74
Kevin Mbabu,RB,29,76,83,77,67,86,78,64
Melendo,CM,27,76,75,63,82,79,56,77
Miguel Ángel Merentiel,ST,28,76,77,81,73,77,78,77
Quentin Merlin,LB,22,76,71,74,75,75,57,76
Thomas Meunier,RB,33,76,69,80,67,66,84,73
Yerry Mina,CB,29,76,32,45,67,32,89,69
João Paulo,CDM,33,76,64,74,80,66,80,73
Miranda,LB,24,76,85,68,74,82,65,70
Gonzalo Montiel,RB,27,76,80,77,72,79,68,74
Morales,ST,37,76,78,68,75,77,69,77
Alberto Moreno,LB,32,76,80,74,77,77,59,75
Sam Morsy,CDM,33,76,55,85,74,60,78,73
Dany Mota,ST,26,76,80,70,74,76,67,76
Harold Moukoudi,CB,26,76,53,76,68,44,91,70
Steve Mounié,ST,29,76,72,66,70,53,86,72
Marshall Munetsi,CM,28,76,73,89,77,63,80,76
Jacob Murphy,RW,29,76,82,80,71,83,68,76
Petar Musa,ST,26,76,83,76,69,81,86,77
Fran Navarro,ST,26,76,76,80,73,74,76,72
Youssouf Ndayishimiye,CDM,25,76,72,83,76,68,83,75
Tanguy Ndombele,CM,27,76,63,48,80,61,75,70
Florian Neuhaus,CM,27,76,69,74,77,64,67,77
Sikou Niakaté,CB,25,76,74,82,67,70,80,71
Moussa Niakhaté,CB,28,76,79,63,70,55,83,74
Rasmus Nicolaisen,CB,27,76,52,72,74,45,84,73
Eddie Nketiah,ST,25,76,76,71,73,83,65,78
Anthony Nwakaeme,ST,35,76,75,80,73,73,90,74
Odriozola,RB,28,76,83,78,71,76,58,73
Paul Ebere Onuachu,ST,30,76,65,66,69,54,92,76
Bright Osayi-Samuel,RB,26,76,94,87,70,92,84,73
Salih Özcan,CDM,26,76,66,76,74,76,79,72
Filip Panák,CB,28,76,71,67,77,68,84,78
Fabiano Parisi,LB,23,76,77,78,74,78,71,75
Strahinja Pavlović,CB,23,76,75,83,62,64,86,75
Carles Pérez,RM,26,76,79,64,76,81,64,76
Portu,RM,32,76,81,79,74,83,72,74
Beñat Prados,CM,23,76,66,82,81,74,73,81
Grischa Prömel,CM,29,76,63,89,77,65,76,77
Robin Pröpper,CB,30,76,63,75,68,40,82,72
Eduardo Quaresma,CB,22,76,75,65,73,81,77,76
Cryzan,ST,28,76,80,75,72,83,83,68
Raíllo,CB,32,76,41,89,76,41,69,73
Mateo Retegui,ST,25,76,75,74,70,69,84,75
Chris Richards,CB,24,76,77,69,72,64,76,75
Lucas Robertone,CM,27,76,76,84,78,83,61,75
Igor Thiago,ST,23,76,76,80,67,69,90,72
Morato,CB,23,76,69,68,65,66,89,72
Pedro,RW,37,76,56,67,77,73,40,77
Dani Rodríguez,LM,36,76,84,77,76,78,68,75
Marcos Rojo,CB,34,76,54,53,72,52,83,70
Vitor Roque,ST,19,76,83,66,54,88,75,70
Daniele Rugani,CB,30,76,54,50,68,42,77,72
Aitor Ruibal,RB,28,76,85,63,74,82,68,74
Abel Ruiz,ST,24,76,78,82,75,76,74,76
Michal Sadílek,CDM,25,76,40,84,78,75,75,73
Ismael Saibari,CAM,23,76,84,72,74,78,82,78
Fashion Sakala,ST,27,76,89,81,67,94,61,74
Mohammed Salisu,CB,25,76,67,67,71,59,85,72
Philippe Sandler,CB,27,76,74,54,78,64,81,76
Morgan Sanson,CM,30,76,61,79,78,69,72,76
Michael Santos,ST,31,76,76,75,72,75,73,70
Danilo,CDM,23,76,68,84,77,69,60,77
Fábio Martins,LM,31,76,75,78,72,78,63,77
Ismaïla Sarr,RW,26,76,93,72,69,88,71,73
Antoine Semenyo,RM,24,76,88,72,73,81,80,74
Tuta,CB,25,76,72,69,75,68,79,76
Moses Simon,LM,29,76,89,69,70,88,66,70
Oumar Solet,CB,24,76,86,84,79,70,88,70
Manor Solomon,LM,25,76,81,66,75,84,34,66
Riccardo Sottil,LW,25,76,87,53,74,90,44,72
Willian Arão,CDM,32,76,69,86,73,65,82,69
Taras Stepanenko,CDM,35,76,63,73,80,66,76,68
Gabriel Strefezza,RW,27,76,83,80,75,92,32,72
Cristhian Stuani,ST,37,76,67,78,72,65,89,70
Alex Suárez,CB,31,76,76,71,73,74,80,70
Crysencio Summerville,LM,22,76,90,74,72,93,57,71
Adrien Tameze,CB,30,76,77,84,78,76,72,75
Marcus Tavernier,LM,25,76,77,82,72,78,60,74
David Carmo,CB,25,76,50,63,72,48,92,72
Nathan Tella,RM,25,76,81,75,73,90,52,65
Kenny Tete,RB,28,76,73,76,72,73,76,72
Corentin Tolisso,CM,30,76,57,66,78,52,75,75
Lucas Tousart,CDM,27,76,75,82,75,52,82,70
Bertrand Traoré,RW,29,76,77,54,74,75,65,68
Manu Trigueros,CM,32,76,46,65,80,43,60,75
Cengiz Ünder,RW,27,76,76,66,76,79,60,70
Myrto Uzuni,ST,29,76,82,67,71,79,63,75
Branco van den Boomen,CM,29,76,49,68,83,54,73,71
Jan Paul van Hecke,CB,24,76,57,68,76,52,79,73
Joël Veltman,RB,32,76,53,73,77,55,72,78
Arthur Vermeeren,CDM,19,76,74,90,80,77,61,68
Jannik Vestergaard,CB,32,76,34,65,72,29,91,73
Kevin Volland,ST,32,76,70,76,76,69,80,74
Kyle Walker-Peters,RB,27,76,76,82,75,73,65,74
Adam Webster,CB,29,76,55,69,75,52,79,75
Danny Welbeck,ST,33,76,54,62,74,54,73,78
Neco Williams,RB,23,76,75,74,73,72,64,71
Harry Winks,CDM,28,76,50,76,83,65,60,77
Chris Wood,ST,32,76,52,63,72,45,87,78
Zaydou Youssouf,CM,25,76,71,80,78,68,81,74
Rodrigo Zalazar,CM,25,76,78,84,76,77,65,76
Adem Zorgane,CM,24,76,52,91,81,59,82,74
Oleksandr Zubkov,RM,28,76,87,67,67,78,65,74
Yunis Abdelhamid,CB,36,75,32,70,74,33,83,75
Laurent Abergel,CDM,31,75,61,90,76,70,68,73
Zakaria Aboukhlal,RM,24,75,82,87,73,86,72,71
Ché Adams,ST,28,75,80,78,70,77,76,74
Elijah Adebayo,ST,26,75,78,77,63,70,85,73
Ola Aina,LB,27,75,87,75,72,91,75,71
Firas Al Birekan,ST,24,75,82,87,66,69,73,79
Musa Al Tamari,RM,27,75,90,66,71,88,51,70
Oberdan,CDM,29,75,84,90,73,79,75,75
Gastón Álvarez,CB,24,75,80,60,68,68,79,72
Juan Cruz,LB,32,75,71,78,76,75,70,75
Samu,CM,28,75,77,85,75,77,57,70
Mohamed Amoura,ST,24,75,92,71,65,94,41,76
Ethan Ampadu,CB,24,75,68,80,77,68,75,76
Nordin Amrabat,RM,37,75,79,80,74,76,89,73
Elliot Anderson,CM,21,75,69,79,77,75,76,75
Houssem Aouar,CM,26,75,64,66,79,65,60,75
Claudio Aquino,CAM,33,75,70,69,72,81,75,74
Cameron Archer,ST,22,75,77,63,68,77,72,75
Copete,CB,24,75,54,66,74,61,70,73
Adam Armstrong,ST,27,75,71,68,72,84,63,76
Kristjan Asllani,CDM,22,75,66,76,80,65,65,70
Jordan Ayew,RW,33,75,71,74,73,70,73,78
Kaan Ayhan,RB,29,75,60,71,76,58,80,75
Iddrisu Baba,CDM,28,75,61,77,75,62,76,76
Cédric Bakambu,ST,33,75,77,61,70,76,69,73
Dilane Bakwa,RM,22,75,89,74,72,81,69,68
Michel Ange Balikwisha,LM,23,75,81,84,73,84,52,69
Adam Bareiro,ST,28,75,72,73,66,70,83,75
Kike Barja,RM,27,75,74,66,71,78,60,71
Barrenetxea,LW,22,75,76,58,71,80,42,75
Riechedly Bazoer,CB,27,75,69,63,76,65,80,75
Jean-Ricner Bellegarde,CM,26,75,81,80,77,80,68,75
Tomás Belmonte,CDM,26,75,69,84,75,67,74,72
Lucas Beltrán,ST,23,75,68,70,74,76,78,75
Adrián Bernabé,CAM,23,75,76,82,77,83,55,67
Juan Bernat,LB,31,75,70,37,79,70,52,80
Jaka Bijol,CB,25,75,61,69,75,56,83,70
Artem Bondarenko,CAM,24,75,76,69,78,73,60,76
Fabio Borini,LW,33,75,70,76,75,75,67,77
Conor Bradley,RB,21,75,83,84,70,81,61,73
Marius Bülter,LM,31,75,89,76,72,78,77,75
Jamie Bynoe-Gittens,LM,20,75,89,70,68,92,54,74
Tom Cairney,CM,33,75,51,66,78,53,68,77
Duje Ćaleta-Car,CB,27,75,66,65,73,51,84,72
Sergi Cardona,LB,25,75,78,85,71,84,69,63
Vitinha,ST,24,75,71,77,67,76,76,75
Jean-Charles Castelletto,CB,29,75,67,71,64,70,77,68
Alessio Castro-Montes,RM,27,75,76,86,73,74,63,73
Santi Cazorla,CM,39,75,52,54,82,55,55,71
Zeki Çelik,RB,27,75,72,82,72,69,73,72
Edwuin Cetré,LM,26,75,91,86,68,83,68,72
Fedor Chalov,ST,26,75,74,74,74,78,67,77
Tomás Chancalay,LM,25,75,84,72,70,84,58,69
Conor Chaplin,CAM,27,75,83,74,74,85,55,74
Rayan Cherki,CAM,21,75,66,55,75,70,67,72
Joris Chotard,CDM,22,75,64,77,77,64,60,73
Jack Clarke,LM,23,75,82,77,69,84,54,73
Saúl Coco,CB,25,75,89,65,69,80,84,60
Massimo Coda,ST,35,75,48,57,68,67,75,75
Nathan Collins,CB,23,75,67,72,68,54,78,74
Santiago Colombatto,CDM,27,75,74,84,75,74,73,71
Santi Comesaña,CM,27,75,56,76,78,59,75,77
Maxwel Cornet,LM,27,75,86,66,73,83,70,69
Eric Curbelo,CB,30,75,86,85,74,82,80,74
Tomáš Čvančara,ST,24,75,79,68,69,74,83,75
Danilo D'Ambrosio,CB,36,75,59,60,69,60,76,74
José Fonte,CB,40,75,31,73,74,31,82,64
Otávio,CB,22,75,68,70,53,69,80,74
Bobby De Cordova-Reid,RM,31,75,72,74,76,77,60,76
Aderllan Santos,CB,35,75,66,76,62,50,83,72
Enrico Delprato,RB,24,75,84,81,65,77,75,70
Moussa Dembélé,ST,28,75,74,72,70,68,86,75
Leander Dendoncker,CM,29,75,64,72,78,40,83,72
Federico Di Francesco,LW,30,75,76,79,76,84,68,69
Amad Diallo,RM,22,75,82,65,69,88,45,69
Krépin Diatta,RM,25,75,89,84,68,90,61,70
Niklas Dorsch,CDM,26,75,68,75,78,73,69,73
Mateus,RW,30,75,78,81,72,86,62,66
Abdoulaye Doucouré,CAM,31,75,51,84,76,65,82,79
Flynn Downes,CDM,25,75,62,80,78,67,73,72
Aleksandar Dragović,CB,33,75,47,66,67,62,79,70
Radu Drăgușin,CB,22,75,77,67,68,68,80,74
Léo Duarte,CB,28,75,55,72,67,60,79,74
Odsonne Edouard,ST,26,75,76,68,73,69,74,70
Maximilian Eggestein,CDM,27,75,63,78,76,63,73,77
Magnus Wolff Eikrem,CAM,34,75,65,58,78,65,49,75
Neil El Aynaoui,CM,23,75,66,79,78,60,72,75
Jawad El Yamiq,CB,32,75,87,74,67,84,84,72
Embarba,LM,32,75,77,73,73,79,62,73
Cristian Espinoza,RM,29,75,84,86,70,83,61,66
Giovanni Fabbian,CM,21,75,65,72,77,70,55,73
Frank Fabra,LB,33,75,81,80,75,78,74,72
Marco Davide Faraoni,RM,32,75,72,71,76,74,66,76
Bernardo,LB,29,75,75,82,70,67,73,72
Guillermo Fernández,CM,32,75,69,76,78,65,63,74
Jesus Ferreira,ST,23,75,90,84,74,76,60,80
Marco Friedl,CB,26,75,74,69,65,67,77,75
Angelo Fulgini,CAM,28,75,72,78,76,69,68,72
Mijat Gaćinović,LM,29,75,78,79,75,79,60,72
James Garner,CM,23,75,66,78,80,66,67,72
Dániel Gazdag,CAM,28,75,78,90,74,75,67,70
Yann Gboho,CAM,23,75,74,67,76,79,53,76
Billy Gilmour,CDM,23,75,53,73,83,69,52,78
Ben Godfrey,CB,26,75,90,63,68,70,79,72
Víctor Gómez,RB,24,75,79,84,76,82,64,77
Cristo González,ST,26,75,82,77,76,85,70,71
Leandro González Pirez,CB,32,75,69,79,73,67,81,70
Jacob Greaves,CB,24,75,73,74,72,65,80,74
Albert Grønbæk,CAM,23,75,77,88,74,78,65,70
Marko Grujić,CM,28,75,64,80,75,53,84,75
Marco Grüll,LM,26,75,94,93,67,91,71,65
Cristian Guanca,CAM,31,75,72,82,74,73,72,72
Javi Guerra,CM,21,75,74,79,76,73,70,75
Ander Guevara,CM,27,75,37,79,78,51,66,76
Pape Gueye,CM,25,75,61,73,79,55,78,75
Frédéric Guilbert,RB,29,75,70,76,73,72,73,71
Marcel Hartel,CM,28,75,71,93,77,74,47,75
Taylor Harwood-Bellis,CB,22,75,68,74,76,64,76,74
Jack Hendry,CB,29,75,85,84,77,70,86,70
Gastón Hernández,CB,26,75,68,71,75,66,70,75
Luís Hernández,CB,35,75,62,71,73,61,81,77
Nicolas Höfler,CDM,34,75,60,78,76,54,71,77
Hong Hyeon Seok,CAM,25,75,67,85,77,77,59,74
Timo Hübers,CB,28,75,70,67,67,76,79,76
Odion Ighalo,ST,35,75,62,87,69,59,85,75
Stanislav Iljutcenko,ST,34,75,67,78,64,69,91,69
Kristijan Jakić,CDM,27,75,59,78,72,76,75,71
Daniel James,RM,26,75,93,74,68,94,56,76
Alistair Johnston,RB,25,75,82,85,74,76,76,70
James Justin,LB,26,75,83,76,73,74,69,73
Atakan Karazor,CDM,27,75,54,78,76,41,69,69
Michael Keane,CB,31,75,42,49,69,40,85,73
Mandela Keita,CDM,22,75,78,87,76,78,79,69
Lloyd Kelly,CB,25,75,69,72,73,64,81,70
Rani Khedira,CDM,30,75,54,71,68,53,83,75
Ki Sung Yueng,CM,35,75,54,86,77,54,75,66
Cédric Kipré,CB,27,75,71,67,61,64,94,71
Derrick Köhn,LB,25,75,87,84,72,88,73,68
Dominik Kohr,CB,30,75,82,76,70,77,77,74
Aboubakary Koita,LM,25,75,81,76,72,86,69,70
Giannis Konstantelias,CAM,21,75,75,70,76,80,46,72
Tom Krauß,CDM,23,75,67,79,75,74,68,73
Victor Kristiansen,LB,21,75,73,81,72,73,69,72
Nikola Krstović,ST,24,75,67,69,67,65,81,76
Jan Kuchta,ST,27,75,79,77,70,79,81,74
Qazim Laçi,CM,28,75,69,79,79,76,72,75
Tariq Lamptey,RB,23,75,81,61,72,90,34,73
Manuel Lanzini,CAM,31,75,58,56,78,69,43,70
Cyle Larin,ST,29,75,74,72,70,67,88,73
Jørgen Strand Larsen,ST,24,75,80,84,63,73,85,74
Jamaal Lascelles,CB,30,75,41,58,64,39,85,71
Romeo Lavia,CDM,20,75,65,68,78,69,75,70
Jérémy Le Douaron,ST,26,75,65,71,74,67,74,78
Cristian Lema,CB,34,75,31,67,66,33,91,63
Jesper Lindstrøm,CAM,24,75,80,68,70,84,51,70
Marko Livaja,ST,31,75,71,64,76,74,84,67
Robin Lod,RM,31,75,73,73,73,74,75,69
Enzo Loiodice,CM,23,75,67,81,79,64,58,68
Leonardo,ST,27,75,77,75,64,79,74,76
Jordan Lotomba,RB,25,75,78,78,72,78,66,73
Costinha,RM,24,75,74,81,74,77,72,72
Eduard Löwen,CM,27,75,70,86,76,60,81,76
Saša Lukić,CM,28,75,53,74,77,52,69,72
Senne Lynen,CDM,25,75,82,80,76,56,77,75
Giangiacomo Magnani,CB,28,75,68,46,54,60,82,75
Hugo Magnetti,CDM,26,75,43,71,77,48,76,71
Ainsley Maitland-Niles,RB,27,75,77,79,76,75,71,74
Víctor Ignacio Malcorra,CAM,37,75,67,56,78,69,73,69
Dennis Man,RM,26,75,92,76,73,92,74,67
Daniel Mancini,RM,27,75,79,75,71,83,62,73
Federico Mancuello,CAM,35,75,60,78,80,67,59,75
Petros Mantalos,CAM,33,75,72,70,78,73,63,72
Pablo Marí,CB,31,75,59,56,68,49,78,71
Răzvan Marin,CM,28,75,63,80,78,66,66,75
Eric Martel,CDM,22,75,62,90,71,65,78,73
Gonzalo Martínez,RM,31,75,69,49,68,82,59,71
Toni Martínez,ST,27,75,68,74,69,67,83,76
Omar Mascarell,CM,31,75,47,76,78,60,70,75
Georgios Masouras,RM,30,75,76,73,75,74,70,74
Philipp Max,LB,30,75,70,76,74,77,70,74
Alexandru Maxim,CAM,34,75,64,72,78,74,58,70
Brandon Mechele,CB,31,75,54,80,66,48,77,68
Cristian Medina,CM,22,75,75,84,78,76,60,74
Nampalys Mendy,CDM,32,75,50,59,78,64,67,75
Junior Messias,RM,33,75,79,58,74,78,54,71
James Milner,CM,38,75,50,75,78,51,68,78
Mingueza,RB,25,75,82,80,75,76,73,70
Mostafa Mohamed,ST,26,75,75,74,64,69,86,67
Nikola Moro,CDM,26,75,67,81,78,66,74,72
Rodrigo Muniz,ST,23,75,75,69,68,70,79,75
Yunus Musah,CM,21,75,91,88,74,85,79,72
Darlington Nagbe,CM,34,75,73,83,84,72,73,80
Nahitan Nández,RM,28,75,77,87,73,85,70,76
Amath Ndiaye,LM,28,75,88,58,73,90,62,66
Iliman Ndiaye,ST,24,75,85,66,75,83,65,78
Dan Ndoye,RM,23,75,81,81,69,82,66,70
Reiss Nelson,RW,24,75,85,70,74,86,53,68
Jota,LM,25,75,88,61,71,84,57,67
Bart Nieuwkoop,RM,28,75,70,84,75,69,72,77
Tijjani Noslin,ST,25,75,79,72,67,81,76,68
Jake O'Brien,CB,23,75,85,65,70,65,85,71
Warmed Omari,CB,24,75,68,67,73,61,75,71
Bećir Omeragić,CB,22,75,78,68,74,71,74,74
Raphael Onyedika,CDM,23,75,74,88,73,74,76,70
Henry Onyekuru,LM,27,75,92,78,66,92,52,70
Jayden Oosterwolde,LB,23,75,90,84,65,88,80,67
Aimar Oroz,CM,22,75,64,76,78,72,65,68
Francisco Ortega,LB,25,75,85,85,75,88,72,70
Azzedine Ounahi,CM,24,75,64,82,80,63,61,73
Joseph Paintsil,RM,26,75,89,81,68,92,79,70
Sebastián Palacios,RW,32,75,81,76,74,82,60,72
Luca Pellegrini,LB,25,75,66,71,75,77,45,70
Rubén Peña,RB,33,75,73,69,75,71,63,77
David Costa,CAM,23,75,74,57,75,78,40,72
Mathias Pereira Lage,LW,27,75,91,88,76,79,64,69
Enzo Pérez,CDM,38,75,54,74,84,60,72,72
Nehuén Pérez,CB,24,75,44,66,69,54,74,73
Lucas Pérez,ST,36,75,75,67,74,73,72,78
Jaden Philogene,LM,22,75,87,71,72,82,59,69
Diogo Leite,CB,25,75,55,75,70,55,78,73
Joel Pohjanpalo,ST,30,75,71,73,70,64,81,74
Ezequiel Ponce,ST,27,75,74,70,65,76,80,76
Marin Pongračić,CB,27,75,65,54,67,56,84,72
Denys Popov,CB,25,75,66,66,73,60,77,70
Ángelo Preciado,RB,26,75,84,82,74,85,68,73
Vako,LM,31,75,79,83,70,72,73,73
Jarell Quansah,CB,21,75,78,72,71,69,79,71
Nemanja Radonjić,CAM,28,75,88,64,70,89,65,74
Sandro,ST,29,75,77,52,76,79,68,71
Chris Ramos,ST,27,75,82,65,66,77,79,65
Milot Rashica,RM,28,75,80,83,73,82,68,71
Nicolas Raskin,CM,23,75,65,84,79,74,68,80
Harrison Reed,CDM,29,75,52,81,73,67,69,74
Fabian Reese,LM,26,75,82,90,69,83,77,67
Sérgio Oliveira,CM,32,75,49,67,79,47,50,71
Panagiotis Retsos,CB,26,75,69,66,74,65,78,74
Giovanni Reyna,RM,21,75,77,70,74,77,71,73
Luis Rioja,LM,30,75,75,71,73,80,44,68
Joe Rodon,CB,26,75,74,74,73,65,80,77
Fábio Cardoso,CB,30,75,53,76,71,62,82,74
Paulo Oliveira,CB,32,75,55,67,68,53,75,72
Sebastián Rodríguez,CM,32,75,61,74,80,65,70,73
Morgan Rogers,LM,22,75,79,64,74,74,77,72
Merlin Röhl,CM,22,75,84,86,76,78,71,75
Matías Rojas,RW,28,75,78,63,74,73,59,71
Benjamín Rollheiser,CAM,24,75,83,79,76,84,56,70
Zaid Romero,CB,24,75,68,92,76,79,91,68
Pablo Rosario,CDM,27,75,61,80,73,55,81,73
Diego Rossi,CAM,26,75,88,80,74,87,48,70
Anthony Rouault,CB,23,75,64,71,77,63,74,75
Daniel Felipe Ruiz,LM,23,75,70,73,75,70,55,69
Georginio Rutter,CAM,22,75,80,74,75,77,80,74
Wesley Saïd,ST,29,75,76,65,71,76,59,76
Eduardo Salvio,RW,34,75,78,69,74,76,62,74
Lazar Samardžić,CM,22,75,65,66,78,75,64,74
Albert Sambi Lokonga,CM,24,75,65,76,78,62,69,72
Zaidu Sanusi,LB,27,75,92,79,64,88,68,69
Yusuf Sarı,RM,25,75,80,72,70,91,59,70
Martín Satriano,ST,23,75,68,66,71,66,73,75
Keven Schlotterbeck,CB,27,75,65,57,69,56,83,70
Romano Schmid,CAM,24,75,76,81,76,78,51,77
Rob Schoofs,CM,30,75,40,81,78,68,57,72
Lawrence Shankland,ST,29,75,62,82,71,65,82,71
Ben Sheaf,CDM,26,75,56,75,77,52,74,68
Vincent Sierro,CM,28,75,57,85,78,65,72,75
David Silva,CAM,37,75,66,72,80,58,71,81
Douglas Augusto,CM,27,75,72,81,76,73,78,78
Asger Sørensen,CB,28,75,72,66,68,39,86,76
Junior Sornoza,CAM,30,75,74,72,74,73,45,74
Borna Sosa,LB,26,75,70,76,76,72,71,74
Ramón Sosa,LM,25,75,82,74,72,81,61,70
Boubakary Soumaré,CDM,25,75,69,72,78,64,81,73
Stijn Spierings,CDM,28,75,54,75,76,55,77,74
Jens Stage,CM,27,75,62,79,77,68,77,77
Renato Steffen,RW,32,75,85,78,72,88,57,75
Sem Steijn,CAM,22,75,61,89,74,72,69,78
Miroslav Stevanović,RM,34,75,78,79,76,77,65,72
Luis Javier Suárez,ST,26,75,80,76,68,79,73,76
Denis Suárez,CM,30,75,53,55,78,67,55,76
Pavel Šulc,CAM,23,75,70,70,76,72,54,75
Jonas Svensson,RB,31,75,73,87,72,76,73,73
Sammie Szmodics,CAM,28,75,75,83,72,83,57,76
Terrats,CM,23,75,60,73,79,60,71,74
Tetê,RM,24,75,80,72,74,81,51,73
Adrien Thomasson,CAM,30,75,54,90,77,64,65,77
Guus Til,CAM,26,75,86,78,76,74,72,75
Tarik Tissoudali,ST,31,75,71,59,71,75,69,77
Hamed Traorè,CAM,24,75,72,59,73,80,58,72
Adama Traoré,RM,28,75,93,67,69,94,88,71
Mike Trésor,LM,25,75,86,69,73,83,52,70
Christopher Trimmel,RB,37,75,74,73,72,62,82,71
Christos Tzolis,LM,22,75,70,84,72,85,57,70
Felix Uduokhai,CB,27,75,58,63,70,66,83,75
Aurélio Buta,RM,27,75,86,75,72,89,60,72
Samuel Umtiti,CB,30,75,59,53,74,50,82,72
Josha Vagnoman,RB,23,75,91,80,74,83,84,73
Cote,LB,35,75,64,67,79,64,70,75
Donny van de Beek,CM,27,75,66,59,79,63,68,72
Barnabás Varga,ST,30,75,72,70,59,68,71,79
Ruben Vargas,LM,26,75,78,81,73,86,62,74
Franco Vázquez,CAM,35,75,44,71,78,40,80,70
Kevin,RB,31,75,67,67,75,66,63,72
Alan Velasco,LM,22,75,79,74,75,87,52,71
Alejo Veliz,ST,20,75,72,68,62,70,72,75
Simone Verdi,CAM,32,75,70,63,75,85,38,70
Iñigo Vicente,LM,26,75,76,72,74,80,61,70
Domagoj Vida,CB,35,75,70,77,62,70,78,71
Nacho Vidal,RB,29,75,77,63,76,73,63,75
Rodrigo Villagra,CDM,23,75,65,77,76,75,71,70
Martin Vitík,CB,21,75,75,63,68,71,81,74
Kevin Vogt,CB,32,75,75,67,77,58,83,75
Aster Vranckx,CM,21,75,51,78,78,73,75,75
Kai Wagner,LB,27,75,78,90,72,77,74,62
Harry Wilson,RM,27,75,75,71,74,77,56,73
Andriy Yarmolenko,RM,34,75,60,61,76,59,77,78
Ryan Yates,CDM,26,75,64,82,73,50,81,74
Kristoffer Zachariassen,CAM,30,75,69,88,76,78,68,81
Bryan Zaragoza,RM,23,75,79,59,72,85,34,67
Ramiz Zerrouki,CDM,26,75,54,83,78,69,79,68
Walker Zimmerman,CB,31,75,60,77,69,50,87,77
Philip Zinckernagel,LM,29,75,80,74,72,85,64,71
Steven Zuber,ST,33,75,77,74,75,77,79,78
Robert Žulj,ST,32,75,64,76,77,54,81,72
Liel Abada,RW,22,74,85,72,69,89,49,74
Akor Jerome Adams,ST,24,74,82,74,64,79,83,73
Anel Ahmedhodžić,CB,25,74,79,73,70,68,81,71
Ludovic Ajorque,ST,30,74,59,67,69,43,94,76
Akieme,LB,26,74,78,75,72,77,68,68
Kevin Akpoguma,CB,29,74,74,65,68,75,80,76
Ali Al Bulayhi,CB,34,74,54,85,64,47,84,73
Sultan Al Ghannam,RB,30,74,81,84,74,80,60,72
Rubén Alcaraz,CM,33,74,50,81,76,52,80,76
Samú Costa,CDM,23,74,58,79,76,66,71,69
Sergio Álvarez,CDM,32,74,55,89,71,58,81,71
Vinícius,ST,29,74,75,69,70,63,83,75
Tiago Gouveia,RM,23,74,84,83,68,86,50,68
Julian Araujo,RB,23,74,90,84,67,89,69,62
Arribas,CAM,22,74,67,50,77,71,52,64
Takuma Asano,RM,29,74,81,80,69,91,74,78
Lorenz Assignon,RB,24,74,77,76,68,71,65,68
Eduard Atuesta,CM,27,74,60,79,80,67,67,76
Ludwig Augustinsson,LB,30,74,65,74,75,67,70,70
Gabriel Ávalos,ST,33,74,66,81,65,68,86,69
Ousseynou Ba,CB,28,74,69,72,59,68,83,64
Nedim Bajrami,CAM,25,74,74,74,75,77,60,70
Patrick Bamford,ST,31,74,74,76,74,74,76,73
Keidi Bare,CDM,27,74,72,83,71,73,73,73
Nahuel Barrios,LW,26,74,88,66,67,92,32,67
Toma Bašić,CM,27,74,41,74,77,46,76,75
Gelson Martins,RM,29,74,82,72,70,90,42,69
Jan Bednarek,CB,28,74,38,65,70,48,82,69
Armel Bella Kotchap,CB,22,74,83,64,66,67,87,63
László Bénes,CM,27,74,49,83,77,67,63,74
Manuel Benson,RM,27,74,79,65,71,85,34,65
Christian Benteke,ST,33,74,44,52,66,49,90,74
Samuele Birindelli,RB,25,74,85,76,69,80,56,68
Antonio Blanco,CDM,24,74,51,73,76,54,54,71
Valeriy Bondar,CB,25,74,73,74,79,69,75,69
Sebastiaan Bornauw,CB,25,74,79,67,64,67,81,70
Rubén Botta,CAM,34,74,80,73,74,83,68,72
Edoardo Bove,CM,22,74,67,75,75,64,62,79
David Brooks,RM,27,74,64,57,75,67,57,72
Josh Brownhill,CM,28,74,66,89,74,67,71,75
Matteo Brunori,ST,29,74,77,79,68,82,74,70
Pavel Bucha,CDM,26,74,67,81,76,76,64,74
Tajon Buchanan,RM,25,74,91,73,70,93,70,73
Adam Buksa,ST,28,74,62,72,67,65,82,74
Wouter Burger,CDM,23,74,76,81,73,74,81,74
Juan David Cabal,LB,23,74,73,64,74,68,77,69
Leandro Cabrera,CB,33,74,54,74,60,55,82,75
Anthony Caci,LB,27,74,70,77,72,67,74,73
Nicolò Cambiaghi,LW,23,74,77,71,70,76,65,75
Todd Cantwell,CAM,26,74,69,66,74,74,46,74
Ramiro Carrera,CM,30,74,80,84,76,77,76,72
Léo Baptistão,RM,32,74,76,78,73,75,70,76
Fábio Carvalho,CAM,22,74,75,62,73,80,49,71
Vitor Carvalho,CDM,27,74,74,77,71,77,74,72
Milton Casco,LB,36,74,74,77,76,76,75,74
Daniele Casiraghi,LM,31,74,73,85,74,80,71,63
Leonardo Castro,ST,32,74,80,69,66,81,68,70
Jonny,RB,30,74,63,72,70,74,59,72
Matías Catalán,CB,32,74,83,73,70,81,82,71
Daniel Cataño,CAM,32,74,69,47,74,68,67,65
Václav Černý,RM,26,74,80,87,70,86,55,70
Ilias Chair,LM,26,74,77,81,73,81,45,70
Muhammed Cham,CAM,23,74,72,58,73,80,54,68
Calum Chambers,CB,29,74,52,43,75,53,75,74
Walid Cheddira,ST,26,74,81,70,67,79,86,70
Mohamed-Ali Cho,RW,20,74,79,59,74,82,62,66
Tomáš Chorý,ST,29,74,52,70,69,47,95,73
Mojmír Chytil,ST,25,74,75,74,62,71,88,73
Pathé Ciss,CDM,30,74,60,87,74,64,84,69
Viktor Claesson,CM,32,74,71,85,75,74,73,74
Nathaniel Clyne,RB,33,74,69,63,71,71,65,73
Conor Coady,CB,31,74,48,71,77,41,74,76
Timothé Cognat,CM,26,74,77,91,76,80,62,72
Séamus Coleman,RB,35,74,52,65,75,55,68,74
Facundo Colidio,ST,24,74,80,74,67,81,70,73
Omar Colley,CB,31,74,72,74,62,54,90,71
Tomás Conechny,LW,26,74,90,76,68,90,59,65
Joaquín Correa,ST,30,74,65,70,76,65,66,70
Logan Costa,CB,23,74,47,67,69,50,79,72
Lassana Coulibaly,CDM,28,74,71,80,76,67,73,70
Aaron Cresswell,LB,34,74,54,57,75,64,61,75
Andrés Cubas,CDM,28,74,68,86,74,70,31,74
Jorge Cuenca,CB,24,74,61,66,74,59,64,77
Patrick Cutrone,ST,26,74,74,67,67,70,75,74
Lucas Da Cunha,LM,23,74,77,61,72,81,54,70
Patson Daka,ST,25,74,90,73,64,87,69,77
Flavius Daniliuc,CB,23,74,62,67,72,40,84,71
Mohamed Daramy,LM,22,74,85,77,69,88,71,69
Pablo De Blasis,CM,36,74,66,79,74,68,30,74
Maracás,CB,30,74,76,74,68,75,75,72
Pedro De la Vega,RW,23,74,83,80,72,81,66,76
Natan,CB,23,74,57,71,63,61,77,74
Vinicius Souza,CDM,25,74,65,80,70,64,83,74
Dani de Wit,CAM,26,74,44,90,75,66,83,78
Brecht Dejaegere,CM,33,74,66,78,77,69,66,72
Pedrinho,RM,26,74,81,61,74,83,51,72
Stefano Denswil,CB,31,74,59,69,70,55,78,67
Habib Diallo,ST,29,74,70,71,71,69,80,72
Damián Díaz,CAM,38,74,63,69,78,65,69,63
Ismael Díaz,LW,27,74,85,71,65,90,80,75
Leandro Díaz,ST,32,74,62,72,67,66,84,68
Mohammed Diomande,CDM,22,74,74,72,79,79,70,75
Andy Diouf,CM,21,74,78,73,74,71,76,74
Alberto Dossena,CB,25,74,39,64,62,47,80,75
David Douděra,RM,26,74,89,85,68,88,56,70
Tasos Douvikas,ST,25,74,79,80,69,83,74,70
Tommy Doyle,CM,22,74,66,72,77,69,64,74
Ondrej Duda,CM,29,74,63,73,76,67,54,72
Alfred Duncan,CM,31,74,67,78,80,68,78,75
Jhon Durán,ST,20,74,81,69,68,74,79,71
Filip Đuričić,CAM,32,74,67,52,75,72,67,72
Rafiu Durosinmi,ST,21,74,78,64,64,74,84,68
Tyronne Ebuehi,RB,28,74,90,76,70,78,67,74
Rodrigo Echeverría,CM,29,74,74,93,73,69,80,74
Anwar El Ghazi,LM,29,74,73,63,73,70,76,74
Meschack Elia,ST,27,74,92,80,70,93,71,69
Gonzalo Escalante,CM,31,74,60,78,77,61,71,73
Escudero,LB,35,74,68,65,74,62,66,73
Mateus Fernandes,CM,20,74,74,63,79,77,62,74
Maxime Estève,CB,22,74,67,64,68,54,84,70
Jonny Evans,CB,36,74,33,53,73,32,75,74
Edu Expósito,CM,28,74,64,75,75,66,65,73
Abdessamad Ezzalzouli,LM,22,74,82,55,68,85,57,70
Rasmus Falk,CM,32,74,71,86,76,80,61,76
Facundo Farías,ST,22,74,81,70,73,89,69,72
Federico Fattori,CDM,32,74,61,86,76,66,75,73
Peque,CAM,21,74,82,72,73,80,43,72
Evan Ferguson,ST,19,74,74,66,70,69,75,72
Nicolás Fernández,ST,28,74,82,76,68,90,57,75
Zian Flemming,ST,26,74,74,82,75,65,78,73
James Forrest,RW,33,74,78,54,74,75,52,79
Gabriel Pec,RW,23,74,86,83,64,84,64,74
Dimitri Foulquier,RB,31,74,75,76,68,75,74,71
Mohamed Fouzair,RM,32,74,72,86,72,85,64,70
Roberto Gagliardini,CDM,30,74,40,62,75,44,68,69
Antonino Gallo,LB,24,74,79,74,72,77,65,74
Agustín García Basso,CB,32,74,61,75,64,69,78,73
Raúl García,ST,23,74,73,60,77,66,74,68
Unai García,CB,32,74,55,80,74,59,74,65
Kike García,ST,34,74,51,60,74,53,78,73
Johan Gastien,CDM,36,74,42,85,71,42,67,73
Dennis Geiger,CDM,26,74,36,59,81,57,49,79
Robert Glatzel,ST,30,74,62,82,58,64,85,75
Wilfried Gnonto,RM,20,74,87,69,72,87,67,69
Yeimar Gómez Andrade,CB,32,74,70,79,61,62,90,66
Sergio Gómez,LB,24,74,63,75,74,76,58,73
Craig Goodwin,LM,32,74,84,86,69,84,75,72
Jon Gorenc Stanković,CDM,28,74,45,84,70,43,86,70
Andreaw Gravillon,CB,26,74,74,60,62,66,86,68
Florian Grillitsch,CB,29,74,70,68,81,61,73,79
Kamil Grosicki,LM,36,74,84,55,74,83,65,72
Brajan Gruda,CAM,20,74,74,80,71,83,62,72
Gabriel Gudmundsson,LB,25,74,86,75,71,84,69,71
Evann Guessand,ST,23,74,85,61,66,73,77,70
Rafik Guitane,RW,25,74,77,62,69,75,51,65
Guridi,CAM,29,74,61,62,78,66,57,70
Emmanuel Gyasi,RM,30,74,78,78,72,81,71,76
Janik Haberer,CM,30,74,54,79,77,62,67,75
Amir Hadžiahmetović,CDM,27,74,70,86,75,72,73,69
Ianis Hagi,CAM,25,74,61,64,76,65,62,69
Massadio Haïdara,CB,31,74,77,79,70,74,78,74
Haris Hajradinović,CM,30,74,72,82,79,74,61,68
Hákon Arnar Haraldsson,LM,21,74,77,81,75,75,57,69
Gauthier Hein,CAM,28,74,77,74,77,79,46,66
Mees Hilgers,CB,23,74,74,73,69,74,75,70
Emil Holm,RM,24,74,85,87,70,79,86,72
Lewis Holtby,CM,33,74,56,70,77,67,62,72
Robin Hranáč,CB,24,74,71,64,68,66,86,73
Patrik Hrošovský,CDM,32,74,56,90,77,68,57,72
Will Hughes,CDM,29,74,34,59,78,53,58,72
Omari Hutchinson,RM,20,74,78,72,70,82,59,68
Elseid Hysaj,LB,30,74,77,71,71,69,64,74
Iborra,CDM,36,74,51,67,78,49,87,68
Juan Iglesias,RB,26,74,82,76,68,79,68,70
Kelechi Iheanacho,ST,27,74,71,66,73,71,74,74
Danny Ings,ST,32,74,54,47,73,66,65,78
Jackson Irvine,CM,31,74,64,90,73,64,75,75
Carlos Izquierdoz,CB,35,74,49,78,66,47,85,67
Armando Izzo,CB,32,74,48,59,62,41,75,72
Iván Jaime,LM,23,74,73,68,73,76,69,73
Ismail Jakobs,LB,25,74,84,78,71,83,65,70
Lucas Janson,LM,30,74,84,77,68,86,58,66
Tin Jedvaj,CB,28,74,67,67,67,73,79,68
Fredrik Jensen,CAM,27,74,68,78,77,68,74,75
Moritz Jenz,CB,25,74,61,65,68,66,85,73
Raúl Jiménez,ST,33,74,54,71,77,53,81,75
Jens Jønsson,CDM,31,74,72,80,70,73,72,74
Joo Min Kyu,ST,34,74,70,74,64,67,89,68
Václav Jurečka,ST,30,74,75,86,67,72,74,74
Jutglà,ST,25,74,74,73,69,79,78,77
Lukáš Kalvach,CM,29,74,63,82,78,66,76,75
Glen Kamara,CDM,28,74,76,86,79,72,72,74
Efecan Karaca,CAM,34,74,76,80,74,83,39,74
Oleksandr Karavaiev,RB,32,74,77,78,71,78,59,73
Naby Keïta,CM,29,74,52,52,75,70,56,75
Otar Kiteishvili,CAM,28,74,70,78,75,75,42,70
Klauss,ST,27,74,70,83,67,57,90,73
Mateusz Klich,CM,34,74,62,76,77,67,77,72
Robin Knoche,CB,32,74,55,55,73,33,78,73
Konstantinos Koulierakis,CB,20,74,70,66,69,68,77,73
Alex Král,CDM,26,74,73,75,72,67,76,70
Lukas Kübler,RB,32,74,89,72,69,73,75,72
Marash Kumbulla,CB,24,74,40,65,61,37,76,78
Sven Kums,CM,36,74,34,74,78,44,63,68
Daler Kuzyaev,CM,31,74,76,80,79,74,63,73
Adam Lallana,CAM,36,74,51,54,79,54,60,77
Sam Lammers,ST,27,74,57,77,72,76,71,75
Loïc Lapoussin,LM,28,74,77,85,72,72,67,70
Hugo Larsson,CM,20,74,73,83,78,72,68,77
Toni Lato,LB,26,74,76,70,73,79,56,70
Darko Lazović,LM,33,74,67,71,75,75,44,71
Lee Dong Kyeong,CAM,26,74,78,86,74,72,62,69
Jamie Leweling,RM,23,74,85,73,72,85,76,71
Adryelson,CB,26,74,78,68,69,67,72,74
Karol Linetty,CM,29,74,45,73,78,69,57,74
Jesse Lingard,CAM,31,74,71,58,74,75,57,73
Ondřej Lingr,CAM,25,74,65,81,72,79,75,69
Dejan Ljubičić,CM,26,74,77,88,73,67,74,74
Andrés Llinás,CB,27,74,68,63,73,60,83,68
Gautier Lloris,CB,29,74,42,69,65,38,84,75
Gastón Lódico,LM,26,74,83,74,73,77,49,64
Joe Lolley,RM,32,74,71,75,70,76,60,69
Cadu,LM,27,74,72,67,74,78,55,73
Unai López,CDM,28,74,69,78,82,71,61,75
Hernán López Muñoz,CAM,24,74,85,64,70,90,58,68
Anthony Losilla,CDM,38,74,34,79,74,51,75,72
Dejan Lovren,CB,35,74,55,55,67,43,81,70
John Lundstram,CDM,30,74,69,83,75,61,74,69
Kevin Mac Allister,CB,26,74,69,90,69,82,73,72
Koki Machida,CB,27,74,83,74,71,72,85,72
Daizen Maeda,LW,26,74,93,94,72,92,62,77
Giulio Maggiore,CM,26,74,70,79,75,67,66,79
Hörður Magnússon,CB,31,74,74,72,72,63,77,73
Ryan Manning,LB,28,74,67,87,71,71,63,72
Iván Marcone,CDM,34,74,33,75,74,49,79,70
Pep Biel,CAM,28,74,65,77,75,75,47,72
Neal Maupay,ST,28,74,63,74,74,76,67,78
Mark McKenzie,CB,25,74,82,75,72,79,80,72
Marvin Mehlem,CAM,27,74,61,86,74,77,54,70
Nico Melamed,CAM,23,74,80,56,76,81,59,68
Domingos Duarte,CB,29,74,44,70,72,51,78,73
Teden Mengi,CB,22,74,83,65,66,71,79,72
Rony Lopes,RM,28,74,70,67,74,76,57,67
Djordje Mihailovic,CAM,25,74,69,85,75,74,61,76
Sven Mijnans,CM,24,74,57,91,76,74,63,70
Yankuba Minteh,RM,20,74,95,71,66,94,45,68
Bojan Miovski,ST,25,74,74,79,63,72,72,76
Fabio Miretti,CM,21,74,75,77,78,74,65,71
Josip Mišić,CDM,30,74,70,83,76,65,71,55
Stefan Mitrović,CB,34,74,32,71,69,31,87,72
Stoichkov,LM,30,74,72,72,71,74,74,69
César Montes,CB,27,74,53,76,68,62,81,72
Joni Montiel,CAM,26,74,66,67,76,75,57,69
Alfredo Morelos,ST,28,74,71,70,72,69,84,68
Manu Morlanes,CM,25,74,64,75,80,71,65,76
Carlton Morris,ST,28,74,76,69,69,70,84,75
Faris Pemi Moumbagna,ST,24,74,92,75,66,86,88,65
Ernest Muçi,CAM,23,74,78,64,74,80,62,67
Mert Müldür,RB,25,74,75,78,71,73,73,68
Aihen Muñoz,LB,27,74,77,77,71,78,62,73
Javi Muñoz,CM,29,74,71,88,77,74,75,68
Alex Muñoz,CB,30,74,80,90,70,75,80,69
Thomas Murg,CAM,29,74,78,70,76,81,66,70
Amir Murillo,RB,28,74,83,76,68,80,72,68
Phillipp Mwene,LB,30,74,78,83,70,83,66,73
Marvelous Nakamba,CDM,30,74,51,70,74,67,74,70
Keito Nakamura,LM,24,74,76,81,71,79,66,67
Khaled Narey,RM,30,74,79,79,72,86,71,71
Luca Netz,LB,21,74,77,68,73,76,64,69
Gabriel Neves,CM,27,74,69,74,77,71,55,72
Perry Ng,RB,28,74,73,83,71,71,70,72
Michael Ngadeu,CB,33,74,74,73,67,51,92,66
Arnaud Nordin,RM,26,74,81,54,74,82,65,72
Ernest Nuamah,RW,20,74,82,64,65,88,68,69
Juan Jesus,CB,33,74,58,56,56,63,74,75
Callum O'Hare,CAM,26,74,75,84,75,79,56,73
Dara O'Shea,CB,25,74,68,72,67,65,77,72
Igoh Ogbu,CB,24,74,78,71,63,72,88,66
David Okereke,ST,27,74,87,70,68,79,67,70
Joseph Okumu,CB,27,74,87,74,61,67,80,69
Rogério,LB,26,74,73,64,72,78,53,73
Kristoffer Olsson,CM,29,74,70,82,77,68,52,75
Christopher Operi,LB,27,74,80,80,71,74,69,72
Gift Orban,ST,22,74,78,60,61,76,68,75
Ivan Ordets,CB,32,74,54,63,60,53,91,71
Mislav Oršić,LM,31,74,81,65,70,75,61,71
Patrick Osterhage,CDM,24,74,80,86,71,72,72,70
Juan Ferney Otero,ST,29,74,91,81,69,91,83,63
Dango Ouattara,LM,22,74,83,62,65,87,57,69
Magomed Ozdoev,CM,31,74,69,70,78,68,71,75
Luis Palma,LW,24,74,80,67,72,73,61,67
Amahl Pellegrino,LW,34,74,84,82,67,83,54,72
Danilo,ST,25,74,70,83,72,79,70,70
Rubén Pérez,CDM,35,74,43,65,77,49,71,70
Romain Perraud,LB,26,74,66,73,75,73,64,73
Lucas Perrin,CB,25,74,45,72,72,43,76,75
Krzysztof Piątek,ST,29,74,73,71,66,66,76,75
Amos Pieper,CB,26,74,66,76,66,60,78,75
Joël Piroe,ST,25,74,68,69,72,60,82,74
Tommaso Pobega,CM,25,74,74,82,74,73,77,79
Julien Ponceau,CAM,23,74,76,82,77,76,47,69
Alexander Prass,CM,23,74,83,85,74,80,74,74
Lukáš Provod,CM,27,74,80,85,74,71,85,76
Teemu Pukki,ST,34,74,75,81,71,76,71,80
Baba Rahman,LB,30,74,78,76,69,72,73,74
Cristian Ramírez,LB,30,74,81,86,73,85,63,71
Aaron Ramsey,CM,33,74,50,51,81,39,65,71
Luca Ranieri,CB,25,74,76,53,68,62,60,75
Federico Rasmussen,CB,32,74,55,84,72,51,87,68
Federico Redondo,CM,21,74,78,82,78,65,75,72
Rocco Reitz,CM,22,74,75,78,76,70,54,72
Elvis Rexhbeçaj,CM,26,74,56,77,77,63,70,73
Fabian Rieder,CAM,22,74,72,80,75,75,59,67
Mats Rits,CDM,31,74,70,77,74,72,70,71
Rochinha,LW,29,74,83,71,68,85,42,72
Óscar,CM,26,74,56,54,77,57,56,76
Valentin Rosier,RB,28,74,83,78,69,82,74,68
Jérôme Roussillon,LB,31,74,79,76,71,81,73,69
Raúl Ruidíaz,ST,34,74,71,67,65,71,60,80
Mikkel Rygaard,CM,33,74,57,71,79,72,65,75
Lukáš Sadílek,CM,28,74,69,88,77,70,61,72
Osame Sahraoui,LM,23,74,78,76,68,85,44,68
Samu Sáiz,CAM,33,74,74,75,77,78,70,71
Diadié Samassékou,CDM,28,74,53,79,69,67,66,73
Francisco Moura,LB,25,74,75,69,73,77,70,73
Javi Sánchez,CB,27,74,68,66,69,69,83,71
Manu Sánchez,LB,24,74,70,74,71,76,51,66
Nicola Sansone,CAM,33,74,69,58,70,74,48,74
Josh Sargent,ST,24,74,72,75,67,73,81,73
Amir Sâyoud,RM,33,74,74,75,75,75,62,65
Saba Sazonov,CB,22,74,68,67,72,56,77,70
Joe Scally,RB,21,74,70,73,69,79,71,70
András Schäfer,CM,25,74,74,86,77,73,55,78
Bart Schenkeveld,CB,33,74,68,73,70,67,79,70
Ivan Schranz,LM,31,74,83,82,71,78,73,75
Stefan Schwab,CM,33,74,64,80,75,62,74,73
Alex Scott,CM,21,74,72,80,76,75,65,73
Alidu Seidu,CB,24,74,51,51,68,67,71,75
Ryan Sessegnon,LB,24,74,77,69,76,78,60,73
Petr Ševčík,CDM,30,74,67,74,79,72,67,74
Ahmed Sharahili,CB,30,74,76,76,72,74,80,75
Leonardo Sigali,CB,37,74,58,64,73,61,79,73
Danylo Sikan,ST,23,74,79,62,65,78,69,77
Cesinha,ST,34,74,83,76,71,80,77,69
Abdallah Sima,LM,23,74,92,73,67,85,73,72
David Simão,CM,34,74,66,75,77,63,67,73
Ibrahima Sissoko,CM,26,74,56,83,76,56,90,74
Gijs Smal,LM,27,74,66,75,76,75,75,72
Rubén Sobrino,LM,32,74,78,55,75,76,66,70
Pablo Solari,ST,23,74,86,69,64,85,72,73
José Sosa,CM,39,74,48,56,79,48,66,73
Ricardo Esgaio,RB,31,74,68,78,76,67,59,71
John Souttar,CB,27,74,76,66,72,69,84,71
Carl Starfelt,CB,29,74,78,75,72,71,75,69
Niklas Stark,CB,29,74,75,73,72,72,79,73
Pascal Struijk,CB,25,74,56,74,73,55,81,73
Luka Sučić,CAM,22,74,76,72,74,82,71,69
Stoppila Sunzu,CB,35,74,45,72,58,41,92,65
Tomáš Suslov,RM,22,74,70,73,75,87,68,68
Attila Szalai,CB,26,74,76,74,69,67,83,73
Damian Szymański,CDM,29,74,71,86,68,68,76,70
Flavien Tait,CM,31,74,64,78,76,72,69,77
Matt Targett,LB,28,74,64,66,73,66,66,71
Greg Taylor,LB,26,74,74,86,79,69,66,72
Kenneth Taylor,CM,22,74,65,75,79,85,67,70
Nahuel Tenaglia,RB,28,74,71,80,70,71,76,73
William Tesillo,CB,34,74,66,73,72,61,76,68
Phillip Tietz,ST,27,74,66,77,67,64,84,75
Karl Toko Ekambi,LW,32,74,83,78,70,82,73,71
Luis Henrique,LM,22,74,80,70,74,84,78,64
Pablo Torre,CAM,21,74,69,71,77,76,48,69
Facundo Torres,RM,24,74,80,72,73,83,53,69
Jordan Torunarigha,CB,27,74,84,70,71,79,81,66
Cenk Tosun,ST,33,74,67,66,69,65,72,75
Adama Traoré,RW,29,74,88,68,66,86,63,73
Gennaro Tutino,ST,28,74,84,68,70,78,67,67
Ayase Ueda,ST,26,74,72,75,63,78,70,76
Filip Ugrinic,CAM,25,74,78,87,77,75,86,69
Nicolai Vallys,CAM,28,74,80,90,74,83,74,74
Milan van Ewijk,RB,24,74,93,82,68,91,65,69
Ricky van Wolfswinkel,ST,35,74,71,69,73,60,76,77
Vladyslav Vanat,ST,22,74,79,67,69,78,61,79
Nuno Tavares,LB,24,74,88,74,71,79,77,69
Johan Vásquez,CB,25,74,62,74,65,59,72,75
Unai Vencedor,CM,23,74,55,76,74,71,74,71
Yorbe Vertessen,ST,23,74,84,70,70,94,72,72
Arturo Vidal,CM,37,74,53,65,78,58,74,72
Tonny Vilhena,CM,29,74,66,76,76,74,76,75
Toni Villa,LM,29,74,74,68,75,74,33,70
Jed Wallace,RM,30,74,75,83,71,78,61,70
Daniel Wass,CM,35,74,68,81,74,70,73,70
Tsuyoshi Watanabe,CB,27,74,77,71,64,76,81,65
Timothy Weah,RM,24,74,86,71,71,84,69,72
Ashley Westwood,CDM,34,74,49,83,75,60,67,69
Ben Whiteman,CDM,28,74,64,83,75,63,75,70
Morgan Whittaker,RW,23,74,79,77,70,76,63,73
Silvan Widmer,RB,31,74,70,86,70,75,77,75
Christopher Wooh,CB,22,74,77,65,66,56,81,69
Joe Worrall,CB,27,74,52,65,68,48,82,68
Roman Yaremchuk,ST,28,74,76,71,73,70,79,75
Rıdvan Yılmaz,LB,23,74,84,75,71,88,55,78
Okay Yokuşlu,CDM,30,74,57,81,73,55,83,71
Christos Zafeiris,CM,21,74,74,80,73,80,72,72
Arsen Zakharyan,LM,21,74,77,73,72,82,53,72
Zaldúa,RB,32,74,66,73,74,67,72,71
Fernando Zampedri,ST,36,74,63,52,63,52,83,68
Cédric Zesiger,CB,26,74,77,72,70,55,85,74
Fernando Zuqui,CM,32,74,71,80,79,68,62,71
Max Aarons,RB,24,73,79,84,67,84,70,70
Brenden Aaronson,CAM,23,73,77,81,71,81,50,73
Rodrigo Abascal,CB,30,73,68,71,64,56,81,67
Himad Abdelli,CAM,24,73,62,78,75,69,73,73
Oliver Abildgaard,CDM,28,73,64,84,75,44,83,73
Ragnar Ache,ST,26,73,86,70,62,81,81,66
Elias Achouri,LW,25,73,86,67,67,87,52,70
Aguado,CM,28,73,73,83,75,76,61,71
Emre Akbaba,CAM,31,73,66,74,76,65,60,69
Ilias,RW,20,73,74,64,72,75,55,63
Chadrac Akolo,ST,29,73,89,78,66,90,70,73
Jean-Daniel Akpa Akpro,CM,31,73,69,82,75,71,70,71
Aleñá,CM,26,73,67,64,74,68,61,76
Nani,LM,37,73,64,60,73,68,74,60
Agustín Almendra,CM,24,73,68,73,75,68,73,70
Ibrahim Amadou,CDM,31,73,69,83,70,63,82,70
Selim Amallah,CAM,27,73,66,69,76,68,74,69
Lazare Amani,CM,26,73,72,83,73,83,61,73
Zeki Amdouni,ST,23,73,70,72,74,68,73,73
Arbilla,CB,37,73,55,73,70,42,82,71
Alex Arce,ST,29,73,59,65,53,58,78,61
Areso,RB,25,73,69,75,71,75,72,68
Joe Aribo,CM,28,73,73,81,76,75,78,73
Stuart Armstrong,CM,32,73,63,69,75,61,59,77
Adrián Arregui,CM,32,73,69,73,80,71,80,74
Oğuz Aydın,RM,23,73,81,65,71,81,58,64
Tiago Tomás,ST,22,73,83,77,68,83,67,72
Milan Badelj,CDM,35,73,41,73,75,48,67,68
Mama Baldé,ST,28,73,87,76,67,83,76,72
Carlos Baleba,CDM,20,73,78,77,76,75,78,70
Daniel Ballard,CB,24,73,64,68,64,56,88,68
Leon Balogun,CB,36,73,75,69,68,64,84,67
Mohamed Bamba,ST,22,73,79,71,62,79,74,66
Valentín Barco,LB,20,73,76,73,78,77,48,72
Pier Barrios,CB,34,73,71,76,70,68,82,70
Jelle Bataille,RB,25,73,84,86,74,77,67,68
Mohamed Bayo,ST,26,73,66,64,67,68,75,72
Thomas Beelen,CB,23,73,74,74,70,75,77,69
Kevin Behrens,ST,33,73,66,79,58,68,85,73
Eliesse Ben Seghir,CAM,19,73,77,55,69,76,54,69
Gastón Benavídez,RB,28,73,66,75,73,68,56,68
Bruno Bianchi,CB,35,73,54,66,68,49,84,65
Bigas,CB,33,73,61,60,73,61,77,69
Leonardo Bittencourt,CAM,30,73,55,73,73,77,46,72
Fredrik Andre Bjørkan,LB,26,73,80,91,67,81,70,68
Jayden Bogle,RB,24,73,79,72,70,79,65,70
Darijan Bojanić,CM,29,73,42,77,77,52,74,73
Yoan Bonny,ST,20,73,91,68,72,83,78,67
Ângelo,RM,19,73,83,64,70,85,43,63
Jan Bořil,CB,33,73,68,70,72,65,80,70
Darko Brašanac,CM,32,73,43,66,76,58,70,77
Ben Brereton Díaz,LW,25,73,80,78,68,80,80,74
Armando Broja,ST,23,73,84,69,62,61,82,70
Facundo Buonanotte,RM,19,73,74,65,73,77,52,70
Gianluca Busio,CM,22,73,70,82,79,76,57,68
Nahuel Bustos,ST,26,73,85,76,71,80,68,73
Javier Cabrera,RM,32,73,76,80,67,76,66,71
Juan José Cáceres,RB,24,73,87,77,68,80,63,68
Mathieu Cafaro,LM,27,73,71,80,70,80,59,70
Jens-Lys Cajuste,CDM,25,73,70,74,75,64,75,69
Luca Caldirola,CB,33,73,32,34,68,33,77,72
Calero,CB,29,73,61,58,71,64,73,73
Alexander Callens,CB,32,73,74,77,70,69,78,73
Dani Calvo,CB,30,73,55,74,65,49,85,69
Lamine Camara,CM,20,73,76,77,76,82,51,69
Mohamed Ali Camara,CB,27,73,73,75,66,64,90,65
Sergio Camello,ST,23,73,71,66,73,69,56,78
Jorman Campuzano,CDM,28,73,71,80,72,74,66,70
Alexis Canelo,LM,32,73,89,69,72,83,74,65
Sergi Canós,LM,27,73,69,69,74,74,72,72
Nicolás Capaldo,CM,26,73,76,90,73,77,73,77
Gabriel Carabajal,CAM,32,73,69,68,73,76,61,71
Edwin Cardona,CAM,31,73,44,44,74,50,78,65
Irvin Cardona,ST,27,73,90,68,70,76,71,70
Julián Carranza,ST,24,73,71,78,68,70,73,76
Guido Carrillo,ST,33,73,50,74,65,32,82,72
Federico Carrizo,CAM,33,73,83,73,71,83,63,70
Wanderson,LB,35,73,90,82,68,84,68,73
Cristian Cásseres Jr,CDM,24,73,77,85,72,78,66,69
Santiago Castro,ST,19,73,79,45,64,80,69,66
Federico Ceccherini,CB,32,73,62,61,67,63,74,74
Adam Gnezda Čerin,CM,25,73,72,80,75,74,60,74
Farouk Chafaï,CB,34,73,43,87,57,38,83,75
Diego Chará,CDM,38,73,71,87,74,71,71,68
Tjaronn Chery,CAM,36,73,45,75,74,77,66,68
Alessandro Circati,CB,20,73,63,64,63,59,80,72
Clerc,LB,32,73,82,79,69,79,73,70
Elias Cobbaut,CB,26,73,75,72,74,59,82,69
Lorenzo Colombo,ST,22,73,72,64,59,64,74,69
Nazareno Colombo,CB,25,73,59,83,67,67,78,72
Eray Cömert,CB,26,73,72,75,71,69,78,71
Jake Cooper,CB,29,73,51,73,61,51,90,71
Janner Corozo,RM,29,73,84,81,68,84,63,69
Claudio Corvalán,CB,35,73,60,76,74,61,80,74
Nicolas Cozza,LB,25,73,70,68,69,76,66,73
Miguel Crespo,CM,28,73,69,83,75,72,71,73
Pejiño,RM,28,73,92,61,68,92,62,62
Leonardo Lelo,LM,24,73,82,90,65,83,61,74
Danny da Costa,RB,31,73,75,78,64,75,78,70
Abner Vinícius,LB,24,73,84,69,75,80,58,67
Gustavo,ST,30,73,77,60,55,72,88,68
Busanello,LB,25,73,76,88,71,74,77,70
Mikkel Damsgaard,CM,24,73,77,69,72,85,62,73
Marcus Danielson,CB,35,73,43,58,61,43,86,66
Josh Dasilva,CM,25,73,71,71,76,71,75,74
Paweł Dawidowicz,CB,29,73,61,61,67,36,80,73
Zeca,ST,27,73,84,67,58,73,87,66
Miguel,ST,25,73,71,74,72,71,83,68
Thibault De Smet,LB,26,73,69,80,72,65,68,72
Felipe Silva,ST,31,73,75,81,64,76,90,68
Amar Dedić,RB,22,73,83,88,68,83,69,64
Diego Demme,CDM,32,73,45,76,76,58,59,71
Jason Denayer,CB,29,73,72,71,73,66,76,68
Fabio Depaoli,RB,27,73,70,72,72,75,53,73
Mikkel Desler,RB,29,73,69,89,73,76,60,68
Cyriel Dessers,ST,29,73,72,72,66,65,82,75
Habib Diarra,CM,20,73,65,75,77,72,69,70
Bebé,LM,34,73,87,76,72,73,91,64
Sinaly Diomandé,CB,23,73,72,68,71,57,78,70
Matt Doherty,RB,32,73,66,76,70,68,71,73
Nery Domínguez,CB,34,73,53,64,77,49,80,70
Cecilio Domínguez,LM,30,73,78,68,72,80,71,66
Tomás Händel,CDM,23,73,68,77,76,74,63,74
Juninho Vieira,ST,27,73,86,68,64,86,66,68
Fernando,ST,25,73,91,66,73,87,62,74
Kamory Doumbia,CAM,21,73,68,70,74,70,54,71
Shane Duffy,CB,32,73,34,59,61,33,83,68
Noë Dussenne,CB,32,73,32,71,66,32,81,72
Sampson Dweh,CB,22,73,73,68,72,71,78,73
Youssef El Arabi,ST,37,73,60,50,68,58,75,72
Omar El Hilali,RB,21,73,81,75,67,83,72,70
Mohamed Elyounoussi,LW,30,73,74,86,71,70,65,72
Emanuel Emegha,ST,21,73,85,68,62,75,80,69
Julio César Enciso,CAM,20,73,75,61,73,79,42,67
Samuel Essende,ST,26,73,74,82,62,73,89,66
Kiko Femenía,RB,33,73,69,69,74,70,61,69
Roger Fernandes,LM,18,73,90,64,68,85,36,76
Edimilson Fernandes,CB,28,73,69,66,75,70,75,75
Federico Fernández,CB,35,73,37,78,74,35,76,71
Ezequiel Fernández,CDM,22,73,67,78,76,70,79,68
Nicolás Fernández,CM,26,73,82,85,75,80,77,73
Carlos Fernández,ST,28,73,71,50,72,61,72,72
Junior Firpo,LB,28,73,74,70,71,72,73,66
Thomas Foket,RB,29,73,65,76,70,73,69,72
Francés,CB,22,73,76,77,68,81,75,72
Nicolás Freire,CB,30,73,68,68,64,66,88,65
Fresneda,RB,19,73,75,76,69,76,67,67
Marvin Friedrich,CB,28,73,68,55,65,54,79,69
Kanya Fujimoto,CAM,25,73,77,77,76,81,43,71
Manu Fuster,LM,26,73,73,57,75,83,42,69
Gianluca Gaetano,CAM,24,73,59,69,74,68,55,69
Federico Gattoni,CB,25,73,73,80,70,68,73,70
Valentin Gendrey,RB,24,73,76,79,66,82,70,69
Abdulrahman Ghareeb,LM,27,73,82,75,67,87,56,68
Faouzi Ghoulam,LB,33,73,67,69,72,56,66,69
Ryan Giles,LB,24,73,90,85,73,86,59,72
Benedikt Gimber,CB,27,73,64,71,69,65,78,70
Sergi Gómez,CB,32,73,65,62,69,57,76,73
Fábio Abreu,ST,31,73,78,83,65,78,80,69
Pedro Malheiro,RB,23,73,80,75,69,75,57,71
Derlis González,ST,30,73,78,81,77,84,59,73
Francisco González Metilli,CAM,27,73,73,84,71,73,63,71
Lucas Gourna-Douath,CDM,21,73,74,81,72,78,77,68
José Gragera,CDM,24,73,56,72,70,62,78,74
Archie Gray,CDM,18,73,76,75,75,74,70,72
Ilia Gruev,CDM,24,73,72,78,77,61,65,73
Hugo Guillamón,CDM,24,73,56,72,72,59,69,69
Manuel Gulde,CB,33,73,55,54,61,59,76,71
Gumbau,CM,29,73,52,66,79,54,71,70
Lewis Hall,LB,20,73,70,73,78,78,52,68
Tarek Hamed,CDM,35,73,61,88,69,67,78,68
Abdou Harroui,CM,26,73,66,83,73,72,70,71
Jorrel Hato,CB,18,73,88,68,77,84,69,75
Lukáš Hejda,CB,34,73,58,66,67,50,87,70
Junior Hernández,LB,25,73,85,74,65,76,59,70
Yeremay,LW,21,73,77,65,72,78,48,69
Wesley Hoedt,CB,30,73,52,66,72,60,81,70
Philipp Hofmann,ST,31,73,63,55,69,37,92,75
Casper Højer,LB,29,73,74,73,73,75,74,71
Rob Holding,CB,28,73,45,50,70,50,77,68
Lucas Höler,ST,30,73,73,82,63,63,80,78
Tomi Horvat,CAM,25,73,78,74,72,72,68,70
Trai Hume,RB,22,73,83,82,66,78,76,69
Adam Idah,ST,23,73,85,67,66,74,85,73
Samuel Iling-Junior,LM,20,73,80,70,74,83,51,62
Marcus Ingvartsen,ST,28,73,57,77,70,68,74,75
Cedric Itten,ST,27,73,70,72,66,68,85,74
Pontus Jansson,CB,33,73,50,71,63,48,88,72
Ardon Jashari,CDM,22,73,66,90,73,70,76,74
Fali,CB,31,73,49,80,68,36,90,66
Ben Johnson,RB,24,73,74,75,69,69,70,66
Paul Joly,RB,24,73,64,78,69,68,74,64
Erik,LB,23,73,83,85,72,87,66,68
Dejan Joveljić,ST,25,73,73,71,66,76,78,71
Christopher Jullien,CB,31,73,54,58,72,53,85,63
Anthony Jung,CB,32,73,63,71,67,63,77,69
Matěj Jurásek,RW,21,73,82,73,67,80,70,69
David Jurásek,LB,24,73,81,75,66,84,75,71
Julian Justvan,RM,26,73,84,75,75,82,40,72
Issa Kaboré,RB,23,73,87,73,69,87,73,74
Hassane Kamara,LB,30,73,80,78,69,85,71,71
Jakub Kamiński,LM,22,73,78,74,68,86,54,63
Kenan Karaman,CAM,30,73,76,80,72,75,72,72
Grigoris Kastanos,CAM,26,73,76,66,76,75,66,66
Joris Kayembe,LB,30,73,82,80,68,76,71,71
Ilan Kebbal,CAM,26,73,72,83,71,83,42,68
Tomasz Kędziora,CB,30,73,77,75,69,74,74,73
Reda Khadra,CAM,23,73,84,68,70,87,67,72
Maurits Kjaergaard,CM,21,73,78,77,74,71,79,76
Luca Warrick Koleosho,LM,19,73,90,62,67,91,40,66
Karim Konaté,ST,20,73,86,75,63,85,64,66
Rominigue Kouamé,CM,27,73,67,89,75,69,76,75
Boubakar Kouyaté,CB,27,73,56,70,63,67,80,63
Emil Krafth,RB,30,73,53,68,72,53,72,74
Elias Jelert,RB,21,73,86,87,71,84,65,67
Nicolas Kühn,RW,24,73,90,73,65,85,68,75
Bas Kuipers,LB,30,73,67,82,70,68,71,66
Daniel-Kofi Kyereh,CAM,28,73,73,58,72,75,58,71
Stefan Lainer,RB,32,73,67,76,67,74,72,72
Gianluca Lapadula,ST,34,73,68,66,68,67,68,74
Julien Laporte,CB,30,73,37,75,67,38,86,66
Jacob Bruun Larsen,LM,25,73,78,60,72,84,68,73
Jens Stryger Larsen,RB,33,73,77,85,68,74,76,72
Latasa,ST,23,73,72,68,67,65,80,71
Valentino Lazaro,LM,28,73,66,67,75,76,64,75
Mathew Leckie,LM,33,73,84,75,70,79,81,73
Tomás Araújo,CB,22,73,80,82,78,78,81,66
Théo Leoni,CM,24,73,71,71,77,68,57,71
Johann Lepenant,CDM,21,73,68,75,76,70,66,70
Lukas Lerager,CM,31,73,69,88,74,66,81,75
Keane Lewis-Potter,LW,23,73,74,73,65,82,59,67
Tom Lockyer,CB,29,73,53,77,63,52,79,72
Nicolás Lodeiro,CAM,35,73,54,74,75,60,62,77
Luciano Lollo,CB,37,73,36,70,69,34,72,75
Ivi López,CAM,30,73,74,67,72,72,67,69
Dion Lopy,CDM,22,73,64,75,74,65,74,71
Iker Losada,RM,23,73,76,56,73,75,58,72
Sandi Lovrič,CDM,26,73,44,76,76,54,66,73
Fabio Lucioni,CB,36,73,59,75,60,59,80,74
Jeison Lucumí,LM,29,73,79,66,70,86,63,67
Gustav Ludwigson,LM,30,73,88,89,68,88,77,73
Massimo Luongo,CDM,31,73,58,75,73,60,79,72
Charalampos Lykogiannis,LB,30,73,82,65,72,71,79,66
Antoine Makoumbou,CDM,26,73,70,89,74,74,74,70
Lennard Maloney,CDM,24,73,71,90,67,55,84,69
Braydon Manu,RM,27,73,81,70,68,92,69,68
Faitout Maouassa,LB,26,73,74,71,71,78,75,70
Roger Martí,ST,33,73,73,69,68,71,71,75
Emiliano Martínez,CDM,25,73,77,78,74,69,66,68
Roger Martínez,ST,30,73,68,75,70,79,81,72
Erhan Mašović,CB,25,73,58,59,68,64,73,67
Mata,ST,35,73,65,63,67,55,74,78
Magnus Mattsson,CAM,25,73,62,83,70,72,52,71
Luca Mazzitelli,CM,28,73,36,65,79,44,67,72
Oli McBurnie,ST,28,73,54,72,69,54,84,72
Gary Medel,CB,37,73,51,65,72,50,73,79
Björn Meijer,LB,21,73,75,80,67,64,89,65
Bamo Meïté,CB,22,73,60,65,66,46,69,69
Melero,CM,30,73,51,68,76,50,77,71
Lorenzo Melgarejo,ST,34,73,83,76,65,82,65,66
Birger Meling,LB,29,73,79,84,70,80,53,71
Jubal,CB,31,73,51,66,68,39,82,71
João Mendes,LW,29,73,72,74,75,68,74,75
Batista Mendy,CDM,24,73,68,74,74,54,87,73
Alexandre Mendy,ST,30,73,73,77,66,71,90,68
Max Meyer,CAM,28,73,53,70,76,74,58,72
Matt Miazga,CB,29,73,43,67,67,50,84,70
Fredrik Midtsjø,CM,31,73,76,83,75,75,75,79
Salvador Agra,RM,32,73,84,73,70,87,63,64
Pere Milla,ST,31,73,72,81,73,74,60,72
Alexandru Mitriță,LM,29,73,83,72,70,89,55,67
Filip Mladenović,LB,33,73,85,84,70,85,56,69
Jakub Moder,CM,25,73,66,65,77,55,74,74
Florent Mollet,CAM,32,73,63,79,76,69,55,71
Gonzalo Montes,CM,29,73,70,77,75,70,70,68
Santiago Montiel,LM,23,73,92,77,68,83,59,66
Emre Mor,RM,27,73,84,66,67,92,47,66
Maxi Moralez,CAM,37,73,53,69,74,67,33,73
Tete Morente,LM,27,73,77,71,77,83,70,61
Lewis Morgan,ST,27,73,82,80,72,82,62,72
Aidan Morris,CDM,22,73,77,80,74,69,82,70
Gabriel Moscardo,CDM,18,73,68,73,72,72,80,64
Andrés Mosquera,CB,34,73,68,74,68,72,75,68
Alex Mowatt,CDM,29,73,54,90,75,53,66,72
Stefan Mugoša,ST,32,73,65,75,59,63,89,66
Florent Muslija,CAM,26,73,78,68,75,78,40,68
Knowledge Musona,CAM,34,73,70,84,74,73,74,73
Andrey Santos,CM,20,73,71,68,77,77,67,70
Sebastian Nanasi,LM,22,73,65,79,78,75,61,70
Dan Neil,CDM,22,73,72,90,73,74,71,69
Neto Borges,LB,28,73,70,82,69,70,84,74
Carlos Neva,LB,28,73,76,80,69,78,61,68
Cyril Ngonge,RM,24,73,79,64,72,87,64,68
Tanguy Nianzou,CB,22,73,66,68,68,53,78,67
Casper Nielsen,CM,30,73,71,83,73,70,73,71
Gustaf Nilsson,ST,27,73,76,72,62,63,81,73
Justin Njinmah,ST,23,73,90,74,66,90,60,74
Niels Nkounkou,LB,23,73,77,80,73,79,74,69
Obinna Nwobodo,CDM,27,73,82,90,72,82,65,67
Armando Obispo,CB,25,73,73,68,75,70,78,70
Jens Odgaard,ST,25,73,73,82,71,72,79,74
Wilson Odobert,LM,19,73,85,67,67,87,43,68
Chiedozie Ogbene,RB,27,73,92,84,69,90,79,72
Darius Olaru,CM,26,73,84,92,73,82,76,74
Brian Oliván,LB,30,73,78,86,73,79,68,68
Jorge Fernandes,CB,27,73,34,61,63,34,92,65
Samu,ST,20,73,74,65,67,65,83,69
Karim Onisiwo,ST,32,73,75,77,64,74,85,74
Luca Orellano,LM,24,73,90,73,67,91,56,66
Divock Origi,ST,29,73,76,63,72,65,77,74
Nicolás Oroz,CM,30,73,72,74,80,74,69,70
Richard Ortiz,CDM,34,73,78,86,72,67,81,68
Reece Oxford,CB,25,73,54,33,66,60,80,73
Nicolas Pallois,CB,36,73,34,55,66,33,86,67
Kevin Paredes,LM,21,73,74,65,70,82,34,71
Anthony Partipilo,RM,29,73,86,83,71,84,68,72
Aleksandar Pavlović,CDM,20,73,65,75,81,74,64,69
Martín Payero,CM,26,73,70,73,76,70,75,73
Marcus Holmgren Pedersen,RM,24,73,89,85,69,89,64,65
Mads Pedersen,LB,28,73,79,73,70,85,58,71
Ricardo Pepi,ST,21,73,69,75,67,71,72,70
João Pedro,ST,31,73,66,74,60,64,84,74
Guga Rodrigues,CM,27,73,77,74,75,74,57,76
Joaquín Pereyra,LM,25,73,67,74,77,66,65,74
Mauricio Pereyra,CAM,34,73,66,73,75,69,62,73
Rafael Pérez,CB,34,73,63,81,66,55,88,70
Luis Pérez,RB,29,73,87,88,63,88,73,65
Fran Pérez,RM,22,73,74,70,75,76,55,71
Kike Pérez,CM,27,73,58,46,78,62,56,72
Aleksandar Pešić,ST,32,73,68,69,68,69,84,69
Andrea Petagna,ST,29,73,56,61,74,35,93,69
Kamil Piątkowski,CB,24,73,80,82,69,81,84,68
Oleksandr Pikhalyonok,CM,27,73,64,72,76,69,60,75
Andrea Pinamonti,ST,25,73,69,79,64,71,73,72
Francisco Pizzini,RM,30,73,80,73,69,84,70,68
Marko Pjaca,LW,29,73,75,60,72,75,79,70
Óscar Plano,LM,33,73,84,79,69,79,76,67
Abdón Prats,ST,31,73,70,68,66,65,76,67
Dirk Proper,CDM,22,73,46,81,76,75,48,72
Leopold Querfeld,CB,20,73,60,83,69,63,85,66
Carlos Quintana,CB,36,73,49,68,60,38,86,70
Jordi Quintillà,CDM,30,73,67,83,79,62,70,71
Dani Raba,RM,28,73,57,60,72,72,72,65
Juanpe,CB,33,73,50,68,71,50,83,67
Jacob Rasmussen,CB,27,73,63,75,69,47,84,70
Andrei Rațiu,RB,26,73,86,68,70,90,63,67
Tim Ream,CB,36,73,34,67,75,38,73,70
Arkadiusz Reca,LM,29,73,75,76,68,81,68,74
Ludovit Reis,CM,24,73,74,81,73,71,68,68
Jason,RM,30,73,72,65,70,74,63,66
Devyne Rensch,RB,21,73,73,72,75,75,63,70
Amir Richardson,CM,22,73,81,77,76,63,73,71
Marco Richter,RM,26,73,64,72,69,84,65,72
Mihailo Ristić,LB,28,73,74,77,70,76,66,69
Connor Roberts,RB,28,73,75,81,72,77,71,68
Patricio Rodríguez,LW,34,73,81,56,68,83,34,65
Juan Gabriel Rodríguez,CB,30,73,69,71,73,66,77,69
Santiago Rodríguez,CAM,24,73,73,76,72,81,45,70
Mads Roerslev,RB,25,73,70,77,71,66,68,72
Gabriel Rojas,LB,27,73,83,82,70,83,64,70
Cristian Roldan,RM,29,73,77,85,70,77,73,82
Silvio Romero,ST,36,73,58,79,71,69,76,72
Isaac,ST,24,73,73,65,74,69,68,71
Daan Rots,RM,23,73,78,72,73,82,56,65
Matteo Ruggeri,LM,22,73,69,82,75,64,67,72
Alan Ruiz,CAM,31,73,55,63,76,53,72,62
Albert Rusnák,CAM,30,73,73,84,74,74,57,73
André Franco,RM,26,73,75,71,74,72,61,69
Serdar Saatçı,CB,21,73,65,58,68,73,86,64
Abdelhamid Sabiri,CAM,27,73,51,74,74,68,76,72
Modibo Sagnan,CB,25,73,75,67,72,54,79,68
Hiroki Sakai,RB,34,73,73,78,67,71,71,68
Tatsuhiro Sakamoto,RM,27,73,76,85,69,85,45,66
Kike Salas,CB,22,73,69,72,64,55,76,73
San Emeterio,CM,27,73,51,79,75,54,74,73
Ulises Sanchez,RM,26,73,81,74,74,73,51,65
Iván Sánchez,RM,31,73,67,51,76,71,31,66
Ilie Sánchez,CDM,33,73,44,85,73,50,72,74
Antonio Sánchez,RM,27,73,74,85,81,75,75,68
Ricard,RB,24,73,82,77,69,81,51,66
Arouna Sangante,CB,22,73,63,70,67,51,78,72
Agustín Sant'Anna,RB,27,73,74,66,66,79,63,70
Liam Scales,CB,26,73,76,74,70,63,83,66
Jeffrey Schlupp,LW,31,73,77,66,73,73,69,74
Jan Schöppner,CDM,25,73,58,82,68,62,77,64
Zito Luvumbo,ST,22,73,83,66,70,92,62,75
Aleksandar Sedlar,CB,32,73,36,74,68,52,80,75
Davie Selke,ST,29,73,84,62,63,69,79,74
Leonardo Sernicola,RB,27,73,72,83,72,68,68,71
Xherdan Shaqiri,CAM,32,73,66,50,74,69,70,71
Jordan Siebatcheu,ST,28,73,55,72,70,54,87,74
Kiliann Sildillia,RB,22,73,68,70,67,69,71,67
Santiago Simón,RM,22,73,73,78,72,78,70,71
Manolis Siopis,CDM,30,73,69,87,71,78,64,71
Moussa Sissoko,CM,35,73,58,69,72,54,86,79
Tim Skarke,ST,28,73,84,77,67,86,69,72
Will Smallbone,CM,24,73,60,83,75,67,63,72
Eric Smith,CB,27,73,69,74,76,61,81,76
Adam Smith,RB,33,73,65,73,75,65,68,73
Fábio Silva,ST,22,73,75,70,65,73,74,74
Ola Solbakken,RM,26,73,82,83,70,80,66,65
Thibo Somers,RM,25,73,80,89,69,81,75,71
Oliver Sørensen,CM,22,73,76,91,73,69,81,73
Santiago Sosa,CB,25,73,53,73,74,62,80,74
Marquinhos,LW,27,73,85,69,68,86,49,68
Jack Stacey,RB,28,73,70,82,69,73,71,71
Jack Stephens,CB,30,73,49,66,71,34,78,71
Dujon Sterling,LB,24,73,78,67,72,72,75,71
Gabriel Suazo,LB,27,73,71,81,72,70,71,74
Erik Sviatchenko,CB,32,73,64,77,68,51,89,68
Karol Świderski,ST,27,73,63,71,70,66,74,71
Morlaye Sylla,LM,26,73,80,81,72,83,56,66
Haris Tabaković,ST,30,73,72,78,64,51,87,79
Montassar Talbi,CB,26,73,64,64,61,54,81,67
Ao Tanaka,CDM,26,73,64,81,75,72,65,70
Oussama Targhalline,CM,22,73,50,67,76,50,47,72
Jackson Tchatchoua,RB,23,73,91,85,66,84,78,65
Álvaro Tejero,RB,28,73,82,91,68,82,61,66
Brandon Thomas,ST,29,73,78,83,66,79,69,73
Kristian Thorstvedt,CM,25,73,60,76,78,54,83,70
Frederik Tingager,CB,31,73,53,78,67,54,92,68
Dorukhan Toköz,CM,28,73,71,73,73,72,72,73
Hassan Tombakti,CB,25,73,85,75,72,80,80,73
Omar Haktab Traoré,RB,26,73,76,79,64,86,64,65
Lassina Traoré,ST,23,73,79,64,67,76,85,69
Zlatko Tripić,LW,31,73,84,81,67,85,76,63
Axel Tuanzebe,CB,26,73,87,55,71,72,75,73
Ozan Tufan,CAM,29,73,76,75,73,72,79,72
Deniz Türüç,RM,31,73,74,77,73,76,69,72
Salih Uçan,CM,30,73,54,75,75,60,68,68
Matthieu Udol,LB,28,73,72,80,71,72,69,70
Lesley Ugochukwu,CDM,20,73,64,75,75,64,77,68
Mikael Uhre,ST,29,73,84,77,56,86,81,77
Um Won Sang,RM,25,73,93,77,63,93,66,74
Mark Uth,CAM,33,73,55,53,74,66,66,75
Vallejo,CB,27,73,69,33,70,63,71,76
Siebe Van der Heyden,CB,26,73,63,75,67,53,72,69
Mike van der Hoorn,CB,31,73,63,70,64,43,86,72
Matías Vargas,LM,27,73,85,85,69,87,68,70
Gustavo Velázquez,CB,33,73,74,72,62,75,81,68
Miloš Veljković,CB,28,73,33,68,66,36,78,74
Yari Verschaeren,CAM,23,73,68,70,77,71,38,66
Hugo Vetlesen,CDM,24,73,77,88,75,86,60,69
Bruno Xadas,CAM,26,73,75,71,73,77,62,68
Diego Viera,CB,33,73,31,71,64,31,92,70
Sebastián Villa,LW,28,73,87,78,68,84,60,67
Héctor Villalba,LM,30,73,89,74,67,84,56,72
Villalibre,ST,26,73,74,70,68,73,92,64
Villares,CM,28,73,71,75,74,74,73,75
Nicolas Viola,CAM,34,73,35,45,77,62,63,64
Michel Vlap,LM,27,73,66,83,74,65,73,72
Tomáš Vlček,CB,23,73,75,64,70,74,80,69
Conrad Wallem,LM,24,73,79,84,70,82,64,68
Marvin Wanitzek,CM,31,73,55,90,78,77,63,71
Joel Ward,RB,34,73,52,58,72,50,71,72
Owen Wijndal,LB,24,73,77,77,72,83,65,74
Maximilian Wittek,LB,29,73,72,79,68,77,67,71
Luke Woolfenden,CB,25,73,67,76,70,70,85,70
Haji Wright,ST,26,73,89,73,59,73,83,70
Gregory Wüthrich,CB,29,73,47,70,62,47,91,69
Ashley Young,RB,39,73,55,68,77,66,66,72
Miha Zajc,CM,30,73,66,76,75,66,61,70
Carlos Zambrano,CB,35,73,53,67,70,54,76,66
Mattia Zanotti,RB,21,73,78,80,71,78,65,64
Anass Zaroury,LM,23,73,82,74,69,86,57,66
Exequiel Zeballos,RM,22,73,84,68,65,86,43,72
Akim Zedadka,RB,29,73,80,83,69,78,58,67
Jaroslav Zelený,CB,32,73,75,74,75,72,78,74
David Zima,CB,23,73,72,71,64,74,78,73
Peter Žulj,CM,31,73,54,80,76,51,78,68
Félix Correia,LM,23,72,82,69,67,85,54,65
Mehdi Abeid,CDM,32,72,63,71,76,57,73,70
Abdelkabir Abqar,CB,25,72,56,62,70,33,70,69
Luis Abram,CB,28,72,69,79,76,63,76,68
Gonzalo Abrego,CM,24,72,67,84,74,61,77,67
Frank Acheampong,ST,30,72,92,90,71,90,76,74
Lautaro Acosta,CAM,36,72,82,66,73,81,47,72
Dapo Afolayan,RW,27,72,76,81,69,84,64,71
Lucien Agoumé,CM,22,72,56,75,78,67,70,73
Felix Agu,LB,24,72,84,76,69,87,50,74
Ai Kesen,LW,35,72,81,80,69,79,82,71
Akapo,RB,31,72,86,72,60,79,72,64
Yunus Akgün,RM,24,72,86,72,68,91,55,65
Marvin,RM,24,72,89,75,71,87,69,60
Paul Akouokou,CDM,26,72,54,59,76,54,63,70
Bandar Al Ahbabi,RB,34,72,81,77,69,85,43,66
Ameen Al Dakhil,CB,22,72,70,68,68,69,75,69
Danijel Aleksić,CM,33,72,68,82,74,69,72,68
Tadeo Allende,RM,25,72,83,80,68,77,75,65
Francisco Álvarez,CB,24,72,65,76,65,63,73,70
Robson Bambu,CB,26,72,75,63,63,71,67,69
Kelvin Amian,RB,26,72,78,82,65,77,79,67
Francis Amuzu,LW,25,72,92,73,68,92,56,68
Mikael Anderson,CAM,26,72,79,86,69,79,68,70
Jaidon Anthony,LM,24,72,78,71,68,75,64,66
Shinta Appelkamp,CAM,23,72,55,72,75,79,39,71
Dennis Appiah,RB,32,72,71,89,62,68,68,67
Lucas Arce,RB,27,72,90,85,68,86,45,67
Daniel Armstrong,RM,26,72,77,77,64,84,58,68
Toluwalase Arokodare,ST,23,72,78,69,59,67,91,69
Yáser Asprilla,RW,20,72,76,68,70,78,63,65
Tommaso Augello,LB,30,72,74,75,68,70,50,67
Kouame Autonne,CB,23,72,77,76,63,66,86,64
Gustavo Sá,CAM,19,72,75,41,74,73,77,72
Matthias Bader,RB,27,72,69,83,71,74,63,70
Stefan Bajcetic,CDM,19,72,66,68,74,67,63,68
Tiemoué Bakayoko,CDM,30,72,52,66,72,49,81,69
Mitchel Bakker,LM,24,72,80,72,74,78,74,69
Lameck Banda,LW,23,72,88,58,62,88,35,70
Barry Bannan,CM,34,72,54,83,72,65,44,73
Gonçalo Franco,CDM,23,72,65,75,74,68,72,70
Federico Barba,CB,31,72,68,69,67,69,77,70
David Barbona,CAM,29,72,77,69,73,75,70,68
Hernán Barcos,ST,40,72,49,61,70,49,87,65
Borna Barišić,LB,31,72,67,71,73,69,72,65
Kyle Bartley,CB,33,72,49,68,63,46,90,67
Maximilian Bauer,CB,24,72,54,64,65,53,79,74
Jean-David Beauguel,ST,32,72,62,62,62,64,92,62
Timo Becker,RB,27,72,83,77,70,73,79,65
Abdelkader Bedrane,CB,32,72,67,74,72,54,79,68
Felix Beijmo,RB,26,72,87,89,66,83,74,68
Kristijan Belić,CDM,23,72,57,81,71,74,69,69
Dion Drena Beljo,ST,22,72,63,63,64,55,82,69
Stefan Bell,CB,33,72,34,40,60,33,85,72
Alessandro Bellemo,CDM,29,72,49,93,78,51,62,68
Mohamed Ali Ben Romdhane,CAM,25,72,68,68,75,72,74,72
Sofiane Bendebka,CM,32,72,71,91,71,77,66,75
Adrian Benedyczak,LM,23,72,86,76,69,91,80,64
Jessy Benet,CM,29,72,65,89,75,52,80,68
Bartosz Bereszyński,RB,32,72,78,81,68,74,68,66
Matúš Bero,CM,29,72,71,90,71,68,78,72
Benjamín Berríos,CM,26,72,69,92,77,74,64,71
Andrea Bertolacci,CM,33,72,53,60,76,57,61,67
Pietro Beruatto,LB,25,72,80,80,65,75,68,63
Ermin Bičakčić,CB,34,72,70,63,60,34,82,71
Krystian Bielik,CDM,26,72,57,72,69,53,81,69
Stipe Biuk,LM,21,72,84,72,64,82,60,67
Sebastián Blanco,CAM,36,72,63,51,71,67,56,70
Alexis Blin,CDM,27,72,31,85,70,31,74,74
Lucas Blondel,RB,28,72,82,83,70,75,65,68
Myron Boadu,ST,23,72,80,67,67,82,67,72
Oscar Bobb,RW,21,72,76,50,79,84,34,62
Bruno Gaspar,RM,31,72,80,74,71,77,65,74
Daniel Boloca,CDM,25,72,60,80,78,58,71,70
Toni Borevković,CB,27,72,51,67,65,38,84,63
Sebastián Boselli,CB,21,72,79,75,71,70,78,66
Eric Botteghin,CB,37,72,30,66,64,32,92,65
Walter Bou,ST,31,72,67,79,59,69,66,74
Róbert Boženík,ST,24,72,74,74,68,74,76,69
Pedro Rebocho,LB,29,72,75,85,72,78,70,66
Matthias Braunöder,CM,22,72,76,92,75,84,43,73
Nathan Broadhead,LM,26,72,78,68,67,81,64,68
Alan Browne,CM,29,72,70,89,72,70,72,72
Gaston Brugman,CM,32,72,68,79,76,73,69,70
Gianni Bruno,ST,33,72,67,66,68,73,67,69
Hugo Bueno,LB,21,72,75,73,69,75,63,70
Osman Bukari,RW,25,72,83,73,66,87,63,66
Cameron Burgess,CB,28,72,52,74,69,50,86,67
Guido Burgstaller,ST,35,72,53,79,71,53,82,74
Wes Burns,RM,29,72,90,87,64,92,70,65
Marnon Busch,RB,29,72,79,73,69,84,74,68
Sam Byram,LB,30,72,71,67,70,70,69,70
Jimmy Cabot,RB,30,72,84,70,72,83,50,74
Liberato Cacace,LB,23,72,71,82,70,72,75,68
Déiber Caicedo,LM,24,72,84,66,58,85,46,69
Mady Camara,CM,27,72,70,83,77,70,82,65
Matteo Cancellieri,LW,22,72,81,48,71,76,64,66
Antonio Candela,RB,24,72,84,81,65,84,74,66
Víctor Cantillo,CDM,30,72,68,65,82,65,71,68
Johan Carbonero,LW,25,72,82,80,66,88,56,69
Valentín Carboni,CAM,19,72,62,53,76,60,42,75
Carlos Mané,LM,30,72,90,67,66,90,60,65
Bernardo Vital,CB,23,72,64,69,59,66,74,73
Óscar Cardozo,ST,41,72,38,31,64,41,82,63
Yago Cariello,ST,25,72,64,74,62,77,85,71
Carmona,RM,22,72,73,74,72,74,65,74
Dário Essugo,CDM,19,72,77,76,71,67,80,68
Byron Castillo,RB,29,72,89,85,68,89,59,67
Lukáš Červ,CDM,23,72,69,77,72,69,73,70
Maxime Chanot,CB,34,72,45,70,65,50,87,68
Jhoanner Chávez,LB,22,72,85,75,70,85,64,69
Cho Gue Sung,ST,26,72,80,79,63,75,83,73
Hamza Choudhury,RB,26,72,64,69,75,65,71,65
Chow Tim,CM,30,72,74,84,71,71,72,74
Anders Christiansen,CM,34,72,66,80,72,72,64,76
Carney Chukwuemeka,CAM,20,72,65,63,73,65,65,72
Ibrahim Cissé,CB,28,72,69,75,71,66,77,69
Matt Clarke,CB,27,72,52,63,61,50,86,64
Jake Clarke-Salter,CB,26,72,68,71,68,60,78,64
Matías Cóccaro,ST,26,72,72,77,70,73,73,70
Alex Cochrane,LB,24,72,74,81,69,72,60,66
Germán Conti,CB,30,72,56,64,64,54,80,68
Rodrigo Contreras,ST,28,72,73,77,66,69,86,67
Steve Cook,CB,33,72,34,65,69,36,80,71
Derek Cornelius,CB,26,72,72,70,60,63,91,70
Corpas,RM,33,72,89,73,71,89,61,60
Ayrton Costa,LB,25,72,70,73,67,73,69,70
David Costas,CB,29,72,77,66,68,69,78,70
Charlie Cresswell,CB,22,72,51,65,68,54,79,69
Luismi Cruz,RM,23,72,83,67,67,87,58,64
Pau Cubarsí,CB,17,72,69,68,78,65,60,72
Carlos Cuesta,CB,25,72,76,73,72,76,74,67
Rafael Czichos,CB,34,72,61,67,64,51,82,67
Marco D'Alessandro,LW,33,72,82,65,74,87,33,65
Nuno da Costa,ST,33,72,83,69,68,80,68,66
Zé Pedro,CB,27,72,64,66,72,63,74,74
Riccieli,CB,25,72,53,69,59,52,80,70
Diego Lopes,CAM,30,72,71,85,72,70,34,73
Jesper Daland,CB,24,72,68,72,67,50,80,69
Zuriko Davitashvili,LM,23,72,87,71,70,80,62,65
Luca de la Torre,CM,26,72,57,89,75,72,52,67
Artur,CDM,28,72,66,76,70,57,76,70
Lorenzo De Silvestri,RB,36,72,67,66,74,59,77,71
Tiago Esgaio,RB,29,72,69,80,69,71,51,67
Alan,CAM,24,72,74,73,74,77,31,67
Koni De Winter,CB,22,72,69,66,66,65,75,73
Thomas Delaine,LB,32,72,85,74,72,77,69,70
Hannes Delcroix,CB,25,72,69,64,73,64,73,69
Rafael Delgado,LB,34,72,80,80,66,76,79,68
Olivier Deman,LB,24,72,61,86,70,73,63,72
Emmanuel Dennis,LM,26,72,85,67,68,84,71,76
Cameron Devlin,CDM,26,72,64,91,72,73,61,70
Gianluca Di Chiara,LB,30,72,81,84,70,74,79,63
Oumar Diakité,ST,20,72,80,59,63,77,74,69
Grady Diangana,LM,26,72,78,66,69,87,58,67
Rob Dickie,CB,28,72,53,75,68,54,84,69
Bamba Dieng,ST,24,72,79,60,63,80,66,69
Kevin Diks,CB,27,72,72,84,70,76,75,69
Loïs Diony,ST,31,72,66,66,68,67,77,68
Josh Doig,LB,22,72,82,82,69,75,69,63
Jean-Luc Dompé,LW,29,72,72,73,65,81,50,67
Aron Dønnum,RM,26,72,80,71,63,84,72,69
Dotor,CM,23,72,58,71,75,54,59,69
Guéla Doué,RB,21,72,74,67,70,68,76,69
Ismaël Doukouré,CDM,21,72,69,69,73,62,75,71
Ousmane Doumbia,CDM,32,72,73,88,70,71,75,73
Callum Doyle,CB,20,72,56,70,72,60,78,69
Carel Eiting,CM,26,72,42,81,81,48,52,69
Hjalmar Ekdal,CB,25,72,64,66,67,53,79,69
Jurgen Ekkelenkamp,CAM,24,72,62,87,74,69,77,73
Jack Elliott,CB,29,72,48,89,67,50,79,73
José Enamorado,LM,25,72,81,66,70,80,42,69
Arne Engels,CM,21,72,72,78,77,70,68,71
Eom Ji Sung,LM,22,72,87,79,64,83,60,73
Martin Erlić,CB,26,72,66,48,60,42,80,70
Sebastiano Esposito,ST,22,72,71,66,72,75,67,65
Nahuel Estévez,CDM,28,72,67,78,76,70,58,68
Håkon Evjen,RW,24,72,83,86,68,89,55,66
Cláudio Falcão,CDM,30,72,66,91,67,67,70,66
César Falletti,CAM,31,72,88,78,73,84,66,64
Zinedine Ferhat,RM,31,72,77,75,70,75,65,65
Gerso,LW,33,72,91,77,63,89,58,68
Nicolás Fernández,RM,24,72,81,73,70,84,58,63
Álvaro Carreras,LB,21,72,81,82,74,79,63,72
Josan,RB,34,72,82,65,74,81,34,70
Frederico Venâncio,CB,31,72,54,32,64,60,83,73
Kilian Fischer,RB,23,72,87,73,72,83,69,67
Ryan Flamingo,CB,21,72,64,77,70,69,74,70
Alexis Flips,LM,24,72,72,68,71,73,61,70
Malick Fofana,LW,19,72,87,61,68,86,35,69
David Datro Fofana,ST,21,72,79,67,67,87,78,70
Jonas Föhrenbach,LB,28,72,88,85,63,66,74,64
Nicolás Fonseca,CDM,25,72,68,78,75,67,69,70
Lyle Foster,ST,24,72,80,69,65,77,76,68
Ryan Fraser,LW,30,72,69,59,69,84,55,68
Mads Frøkjær,CAM,25,72,62,66,75,65,66,71
Dael Fry,CB,27,72,67,67,64,57,77,73
Ramiro Funes Mori,CB,33,72,60,67,70,53,79,70
Darnell Furlong,RB,28,72,75,83,61,71,71,67
Ignatius Ganago,ST,25,72,80,56,67,79,75,67
Ulisses Garcia,LB,28,72,80,79,70,78,76,65
Joaquín García,RB,23,72,84,85,71,80,69,69
Luca Garritano,CAM,30,72,77,79,71,86,43,72
Kialonda Gaspar,CB,26,72,64,69,53,63,90,67
Jusuf Gazibegović,RB,24,72,77,92,67,76,68,65
César Gelabert,CM,23,72,73,60,77,73,64,72
Valère Germain,ST,34,72,55,82,72,59,70,74
Lautaro Giannetti,CB,30,72,66,68,65,63,81,66
Dimitris Giannoulis,LB,28,72,84,73,65,79,56,70
Matías Giménez,ST,25,72,72,67,71,75,70,71
Jakob Glesnes,CB,30,72,51,91,62,54,83,72
Edoardo Goldaniga,CB,30,72,55,66,61,51,81,69
Claudio Gomes,CDM,24,72,77,80,71,82,73,74
Rodrigo Gomes,RW,21,72,81,68,70,80,42,74
Jonatan Gómez,CM,34,72,66,63,74,67,57,72
Valentín Gómez,CB,21,72,80,91,70,78,65,70
Elías Gómez,LB,30,72,84,84,70,81,78,68
Unai Gómez,CAM,21,72,67,62,73,66,68,72
Paulo Bernardo,CM,22,72,78,80,75,68,75,74
Luis González,LM,33,72,82,53,70,76,62,63
Sergio,CB,32,72,55,53,70,45,73,64
Lukas Görtler,CM,30,72,70,89,75,67,75,72
Dimitrios Goutas,CB,30,72,53,77,61,52,83,68
Stian Gregersen,CB,29,72,82,78,61,69,90,68
Julian Gressel,RM,30,72,67,85,68,65,73,69
Matt Grimes,CM,29,72,61,92,76,57,60,73
Carlos Gruezo,CDM,29,72,50,76,72,68,69,72
Jóhann Berg Guðmundsson,RM,33,72,61,67,76,66,67,72
Morgan Guilavogui,ST,26,72,81,69,69,78,74,72
Serdar Gürler,LM,33,72,81,71,69,83,59,69
Yeison Guzmán,CAM,26,72,73,66,73,83,42,69
Hayden Hackney,CDM,22,72,70,80,74,65,64,73
Pantelis Hatzidiakos,CB,27,72,66,67,72,68,72,70
Kortney Hause,CB,29,72,53,34,66,50,86,67
Silvan Hefti,RB,26,72,79,88,68,74,79,66
Jorrit Hendrix,CDM,29,72,68,74,72,66,77,67
Christophe Hérelle,CB,32,72,58,67,72,41,76,69
Javi Hernández,LB,26,72,70,77,68,72,72,70
Andrés Herrera,RB,25,72,87,69,65,83,69,69
Ki-Jana Hoever,RB,22,72,71,82,68,75,66,67
Fabian Holland,CDM,34,72,53,75,71,74,66,72
Benedict Hollerbach,ST,23,72,81,81,68,87,69,69
Martin Hongla,CM,26,72,73,83,73,75,76,65
Sascha Horvath,CM,28,72,77,79,75,87,52,69
Branimir Hrgota,CAM,31,72,70,82,70,77,67,71
Rodrigo Huescas,RB,20,72,85,80,75,84,42,65
Hwang Ui Jo,ST,32,72,77,75,65,76,71,70
Jesús Imaz,CAM,33,72,80,81,71,81,63,67
Sverrir Ingi Ingason,CB,31,72,54,67,66,50,78,71
Juan Manuel Insaurralde,CB,39,72,40,70,66,51,83,66
Juan Iturbe,RM,31,72,89,66,68,89,34,64
Tomoki Iwata,CDM,27,72,77,77,75,73,78,72
Paul Jaeckel,CB,26,72,63,54,69,66,76,68
Václav Jemelka,CB,29,72,68,71,69,64,80,66
Jeong Woo Yeong,CAM,24,72,78,79,73,78,54,69
Erik Jirka,RM,26,72,86,71,69,83,67,69
Lasse Berg Johnsen,CDM,25,72,65,91,68,69,78,71
Michael Johnston,LW,25,72,83,65,67,88,46,70
Alfie Jones,CB,26,72,61,76,71,56,79,68
DeJuan Jones,LB,27,72,84,77,68,80,76,68
Isaiah Jones,RM,25,72,86,79,69,84,57,70
Zanka,CB,34,72,49,57,68,44,83,67
Jhojan Julio,LM,26,72,81,82,70,82,65,73
Tino Kadewere,ST,28,72,73,63,70,72,71,71
Abdelkahar Kadri,CAM,24,72,70,57,74,74,60,70
Gédéon Kalulu,RB,27,72,82,74,68,79,79,69
Wilfried Kanga,ST,26,72,74,80,62,68,91,69
Yann Karamoh,LM,26,72,77,62,69,78,60,68
David Moberg Karlsson,CAM,30,72,90,62,68,84,59,67
Yassine Kechta,CM,22,72,55,79,75,62,53,70
Olivier Kemen,CM,28,72,80,84,73,74,82,75
Marc-Oliver Kempf,CB,29,72,72,73,64,71,81,67
Jonjoe Kenny,RB,27,72,67,84,68,72,64,67
Frankie Kent,CB,28,72,63,82,69,60,80,69
Wahbi Khazri,ST,33,72,63,66,74,63,70,73
Abdukodir Khusanov,CB,20,72,79,50,62,62,81,69
Semih Kılıçsoy,ST,19,72,79,66,66,77,72,67
Joshua Kitolano,CM,23,72,73,87,75,86,70,74
Sean Klaiber,RB,30,72,81,75,73,77,80,69
Christoph Klarer,CB,24,72,73,71,68,59,80,69
Kenan Kodro,ST,31,72,58,64,66,49,77,75
Mats Köhlert,LB,26,72,79,80,72,79,60,68
Ismaël Koné,CM,22,72,81,75,74,74,69,72
Jan Kopic,RM,34,72,76,65,67,77,58,69
Giannis Kotsiras,RB,31,72,78,77,70,76,70,69
Jean Evrard Kouassi,LM,29,72,90,75,62,90,73,75
Damir Kreilach,ST,35,72,37,71,76,47,85,79
Filip Krovinović,CAM,29,72,65,67,78,64,56,65
Luca Langoni,RM,22,72,90,90,66,90,58,71
Sam Larsson,LM,31,72,79,71,72,79,58,70
Tobias Lauritsen,ST,27,72,57,72,59,63,85,71
Dimitri Lavalée,CB,27,72,73,60,69,54,76,69
Tom Lawrence,CAM,30,72,72,73,72,75,66,66
Amor Layouni,RW,31,72,93,78,64,90,80,67
Lee Seung Woo,CAM,26,72,78,63,69,87,58,70
Maxim Leitsch,CB,26,72,75,56,69,77,72,74
Darragh Lenihan,CB,30,72,68,72,68,61,77,64
Alan Lescano,CM,22,72,65,72,74,66,67,70
Timo Letschert,CB,31,72,60,71,67,53,88,63
Martin Linnes,RB,32,72,85,86,66,83,64,70
Marin Ljubičić,ST,22,72,79,75,69,74,72,72
Robert Ljubičić,CM,25,72,78,87,74,75,65,74
Raúl Loaiza,CDM,30,72,54,85,74,58,73,70
Roberto López,CAM,24,72,55,82,77,55,65,66
Imrân Louza,CM,25,72,65,73,75,56,57,69
Max Lowe,LB,27,72,78,69,67,78,66,69
Lorenzo Lucca,ST,24,72,68,63,64,43,91,68
Abel Luciatti,CB,31,72,62,75,61,64,83,70
Nélson Monte,CB,29,72,55,82,67,53,78,72
Tomás Ribeiro,CB,25,72,66,72,63,64,75,72
José Machín,CM,28,72,54,70,75,54,60,71
Álvaro Madrid,CM,29,72,68,77,76,68,70,65
Nicolas Madsen,CM,24,72,55,73,75,61,71,68
Soungoutou Magassa,CB,20,72,64,59,73,51,77,68
Frank Magri,ST,25,72,77,72,70,78,69,65
Linton Maina,LM,25,72,92,78,66,89,47,69
Gaius Makouta,CDM,27,72,68,86,74,65,80,70
Youssef Maleh,CM,26,72,57,75,77,66,58,69
Facundo Mallo,CB,29,72,59,73,59,59,81,67
Emanuel Mammana,CB,28,72,75,67,73,77,75,72
Wilson Manafá,RB,30,72,82,74,68,87,61,63
Million Manhoef,RM,22,72,84,80,65,87,73,69
Oscar Taty Maritu,ST,25,72,89,74,53,81,74,74
Jonas Martin,CDM,34,72,44,59,74,43,61,74
Aarón,LB,27,72,41,74,74,66,61,71
Mauricio Martínez,CDM,31,72,54,68,75,52,85,70
Pablo Martinez,CB,35,72,64,72,68,61,80,73
David Martínez,CB,26,72,77,59,72,72,79,69
Josef Martínez,ST,31,72,79,50,67,81,71,72
Adam Masina,CB,30,72,68,33,69,58,70,68
Lukáš Masopust,RM,31,72,71,72,71,73,75,70
Eliot Matazo,CDM,22,72,64,71,75,72,80,68
Christian Mawissa,CB,19,72,64,69,69,66,74,70
Youssef Maziz,CAM,26,72,57,71,73,67,57,70
Pasquale Mazzocchi,RM,29,72,76,69,73,75,68,64
Riley McGree,LM,25,72,76,78,71,81,74,71
Kenny McLean,CDM,32,72,59,84,73,74,69,73
Paddy McNair,CB,29,72,62,76,68,62,75,71
Jonas Meffert,CDM,30,72,63,77,73,53,75,65
David Mella,LM,19,72,92,65,68,89,51,71
Eugenio Mena,LB,36,72,67,65,72,69,67,71
Kevin Méndez,RM,28,72,78,82,72,76,72,62
Edgar Méndez,RM,34,72,73,69,67,74,81,64
Benjamin Mendy,LB,30,72,71,38,77,66,77,67
Levent Mercan,LB,23,72,79,64,73,81,66,62
Bautista Merlini,CAM,29,72,81,90,70,89,34,68
Fernando Meza,RB,34,72,66,70,72,68,70,69
Omenuke Mfulu,CDM,30,72,76,79,71,75,82,69
Giannis Michailidis,CB,24,72,67,64,69,68,70,71
Valentin Mihăilă,LM,24,72,92,83,68,93,52,63
Lewis Miley,CM,18,72,63,77,77,68,68,68
Liam Millar,LM,24,72,84,68,64,87,59,66
Samy Mmaee,CB,28,72,63,64,65,63,78,63
Tobias Mølgaard,CB,28,72,82,83,67,84,83,73
Aaron Molinas,CAM,24,72,67,75,73,80,58,71
Joël Monteiro,LM,25,72,82,77,69,80,83,68
Kieffer Moore,ST,32,72,71,62,58,52,90,71
Leonardo Morales,CB,33,72,72,83,65,68,75,71
Ilaix Moriba,CM,21,72,69,72,73,67,61,70
Patrick Mortensen,ST,35,72,55,85,70,59,88,75
Tyler Morton,CDM,21,72,61,77,76,67,59,72
Jhon Mosquera,LM,34,72,74,68,71,72,74,71
Franco Moyano,CDM,27,72,69,75,80,67,64,68
Paul-José Mpoku,CM,32,72,71,74,73,78,73,74
Kerim Mrabti,LW,30,72,77,81,72,83,71,67
Miro Muheim,LB,26,72,72,83,72,77,68,68
Junior Mwanga,CDM,21,72,68,76,73,67,71,70
Juan Ignacio Nardoni,CM,22,72,73,81,76,76,82,68
Ximo Navarro,RB,34,72,73,83,69,69,69,69
Robert Navarro,LM,22,72,71,67,70,77,63,71
Umut Nayir,ST,31,72,66,72,60,59,86,71
Loïc Négo,RM,33,72,79,68,70,79,65,74
Phil Neumann,CB,27,72,91,82,67,83,81,62
Nathan Ngoumou,RM,24,72,89,74,67,83,67,69
Cheikh Niasse,CDM,24,72,60,74,73,63,78,69
Joakim Nilsson,CB,30,72,63,59,67,53,76,68
Stanley Nsoki,CB,25,72,77,75,67,70,79,63
Kenedy,LM,28,72,70,64,70,75,63,70
Marcelino Núñez,CM,24,72,63,79,74,63,63,73
Antonio Nusa,LM,19,72,87,59,65,92,59,60
Bram Nuytinck,CB,34,72,46,58,65,46,80,68
Lewis O'Brien,CM,25,72,63,90,73,72,60,75
Brian Ocampo,LM,25,72,79,68,68,85,59,61
Martín Ojeda,CAM,25,72,83,78,70,83,61,71
Caleb Okoli,CB,23,72,40,68,65,47,90,69
Victor Olatunji,ST,25,72,81,63,61,73,86,72
Anderson Oliveira,LM,26,72,87,73,65,82,48,72
Abdülkadir Ömür,CAM,25,72,81,76,72,83,47,68
Jean Onana,CM,24,72,54,77,74,53,87,67
Frank Onyeka,CM,26,72,85,76,73,68,74,73
Joao Ortiz,CDM,28,72,73,90,71,71,74,63
Gabriel Osho,CB,26,72,71,70,65,68,78,70
Yordan Osorio,CB,30,72,48,76,62,55,85,68
Jonathan Osorio,CM,32,72,53,78,79,63,62,72
Leo Østigård,CB,24,72,64,65,62,63,82,71
Rémi Oudin,RW,27,72,63,72,73,64,67,74
Berkay Özcan,CM,26,72,68,80,75,72,69,70
Berat Özdemir,CM,26,72,68,85,73,74,72,69
Rômulo,RW,28,72,83,86,75,77,62,65
Kendry Páez,CAM,17,72,81,65,74,77,49,66
Paik Seung Ho,CM,27,72,64,89,73,72,73,67
Tiago Palacios,RM,23,72,75,75,72,79,36,64
Carlos Palacios,LW,24,72,75,70,74,81,72,60
Renato Veiga,CDM,21,72,80,68,72,65,72,70
Antonio Palumbo,CM,28,72,61,84,76,74,79,70
Park Jin Seob,CB,28,72,70,84,64,67,86,64
Keaton Parks,CDM,27,72,32,72,76,37,76,69
Lucas Passerini,ST,30,72,38,54,58,51,91,69
Dimitrios Pelkas,CAM,30,72,73,70,73,76,55,65
Facundo Pellistri,RM,22,72,77,74,69,83,56,73
Sergio Peña,CM,28,72,50,72,78,56,71,66
Alexandre Penetra,CB,23,72,68,75,62,65,73,70
Gabriel Pereira,CB,24,72,60,74,58,58,85,73
Sebastián Pérez,CDM,31,72,68,79,71,66,68,68
Marco Pérez,ST,33,72,79,70,60,77,86,70
Baldomero Perlaza,CDM,32,72,58,85,68,55,88,76
Gaëtan Perrin,LM,28,72,79,81,72,82,60,64
Jakub Pešek,RW,31,72,86,65,68,87,38,65
Patric Pfeiffer,CB,25,72,78,52,64,63,90,69
Pablo Piatti,LM,35,72,69,55,67,72,35,69
Marvin Pieringer,ST,24,72,74,77,68,63,82,72
Ronaël Pierre-Gabriel,RB,26,72,76,74,66,71,75,70
Lucas Pires,LB,23,72,76,74,71,77,64,70
Lukas Podolski,CAM,39,72,54,48,74,43,76,73
Diego Polenta,CB,32,72,65,70,68,68,92,63
Andy Polo,RM,29,72,89,74,70,90,58,70
Juan Camilo Portilla,CDM,26,72,68,83,75,70,71,65
Juan Portillo,LB,24,72,77,82,71,82,75,63
Matteo Prati,CDM,20,72,59,74,75,59,66,70
Alan Pulido,ST,33,72,74,65,71,71,76,72
Pulido,CB,33,72,32,77,70,52,82,69
Facundo Quignon,CDM,31,72,51,79,75,69,69,66
José Quintero,RB,34,72,84,71,73,82,71,67
Uroš Račić,CM,26,72,60,72,76,53,85,72
Nemanja Radoja,CM,31,72,49,69,79,52,77,69
Gastón Ramírez,CAM,33,72,55,43,74,68,68,67
Adrián Ramos,ST,38,72,67,67,66,65,73,70
Filippo Ranocchia,CM,23,72,72,78,76,77,72,68
Youri Regeer,RB,21,72,75,76,75,72,63,69
Chadi Riad,CB,21,72,61,59,75,63,80,67
Kiko Bondoso,LW,28,72,76,70,69,77,47,70
Omar Richards,LB,26,72,63,61,69,79,48,69
Stefan Ristovski,RB,32,72,85,75,68,73,75,66
Miles Robinson,CB,27,72,81,78,72,83,79,74
Luis Miguel Rodríguez,ST,39,72,57,60,71,60,62,73
Ángel,ST,37,72,74,60,67,77,68,72
Felipe Román,RB,28,72,82,80,72,83,73,76
Luka Romero,RM,19,72,76,69,70,82,45,66
Philippe Rommens,CDM,27,72,44,79,80,68,63,69
Facundo Roncaglia,CB,37,72,59,65,63,54,75,72
Fabricio,ST,23,72,83,74,70,78,72,67
Lazaros Rota,RB,27,72,80,80,68,76,65,65
Tom Rothe,LB,19,72,71,75,69,66,79,70
Joe Rothwell,CM,29,72,78,76,75,72,65,71
Albion Rrahmani,ST,24,72,73,70,67,71,74,68
Diego Rubio,ST,31,72,68,74,68,67,69,71
Johnny Russell,RW,34,72,74,76,68,76,76,69
Matěj Ryneš,LB,23,72,78,74,72,75,75,70
Falaye Sacko,RB,29,72,87,88,68,87,66,63
Mujaid,CB,24,72,71,75,70,53,81,72
Bartosz Salamon,CB,33,72,46,66,68,46,93,67
Maximiliano Salas,ST,26,72,71,69,70,74,77,67
Alan Saldivia,CB,22,72,76,78,65,70,80,69
Manolis Saliakas,RB,28,72,62,80,70,77,61,71
Dániel Sallói,LW,28,72,75,79,70,76,66,73
Mbwana Ally Samatta,ST,31,72,77,70,67,73,75,69
Matisse Samoise,RM,22,72,78,90,70,74,63,70
Mario Sampirisi,CB,31,72,74,78,66,61,79,70
Borja Sánchez,LM,28,72,74,68,70,77,73,70
Juanlu Sánchez,RB,21,72,65,75,69,65,55,71
Philipp Sander,CM,26,72,74,76,76,72,66,70
Ivo Rodrigues,CM,29,72,68,72,72,76,61,76
Killian Sardella,RB,22,72,73,71,71,75,58,69
Manprit Sarkaria,ST,28,72,81,79,71,84,73,67
Kevin Schade,LW,22,72,94,58,66,93,64,65
Andreas Schjelderup,LW,20,72,73,66,68,83,50,69
Niklas Schmidt,CM,26,72,65,60,75,55,78,70
Lasse Schøne,CM,38,72,32,58,77,36,59,65
Sebastian Schonlau,CB,30,72,61,71,68,62,74,69
Siebe Schrijvers,CM,28,72,69,71,73,69,57,71
Richard Schunke,CB,32,72,60,74,70,58,86,73
Ole Kristian Selnæs,CM,30,72,61,79,73,64,78,75
Jaime Seoane,CM,27,72,76,78,71,76,71,69
Jean Michaël Seri,CDM,33,72,50,73,78,64,58,71
Volodymyr Shepelev,CDM,27,72,60,68,76,69,57,74
Eldor Shomurodov,ST,29,72,72,63,68,80,69,65
Djibril Sidibé,RB,32,72,68,68,69,64,75,75
Óscar Sielva,CM,33,72,63,82,75,61,77,70
Alejandro Silva,CM,35,72,77,87,74,73,64,67
André Luís,ST,30,72,74,73,67,76,68,70
Maximiliano Silvera,ST,27,72,71,76,68,67,73,70
Giuliano Simeone,ST,21,72,82,78,65,83,81,72
Daley Sinkgraven,LB,29,72,69,72,72,78,50,66
Hugo Siquet,RM,22,72,74,75,72,77,61,66
Ibrahim Sissoko,ST,28,72,77,76,64,68,83,61
Michał Skóraś,RM,24,72,86,77,70,84,57,61
Mile Škorić,CB,33,72,58,71,60,52,85,68
Steven Skrzybski,ST,31,72,77,83,68,77,58,73
Hrvoje Smolčić,CB,24,72,69,66,64,66,78,68
Serginho,CM,29,72,75,84,76,63,84,70
Son Jun Ho,CDM,32,72,77,90,73,64,72,72
Song Min Kyu,CAM,25,72,79,75,72,87,78,76
Mads Bech Sørensen,CB,25,72,57,67,67,49,80,73
Mario Soriano,CAM,22,72,76,60,73,76,72,64
Brenner,ST,24,72,78,63,68,75,55,72
Ali Sowe,ST,30,72,77,68,67,73,84,72
Djed Spence,RB,24,72,86,68,67,86,60,71
Andraž Šporar,ST,30,72,76,70,69,73,75,70
Marko Stamenić,CDM,22,72,68,75,73,65,72,68
Jarne Steuckers,CAM,22,72,69,81,74,74,58,67
Petar Stojanović,RB,28,72,79,85,68,79,66,62
Nikola Storm,LM,29,72,75,67,70,77,57,67
Mario Stroeykens,CAM,19,72,74,70,76,75,71,69
Róber Pier,CB,29,72,53,81,77,57,71,69
John Swift,CAM,29,72,59,62,73,65,68,65
Serhiy Sydorchuk,CDM,33,72,63,78,78,65,73,60
Issiaga Sylla,LB,30,72,68,85,70,69,68,68
Mamadou Sylla,ST,30,72,77,76,69,76,79,66
Abakar Sylla,CB,21,72,71,71,69,68,78,69
Japhet Tanganga,CB,25,72,75,57,68,64,81,69
Shogo Taniguchi,CB,33,72,70,82,74,53,72,70
Florian Tardieu,CDM,32,72,37,87,73,44,67,68
Chiquinho,LW,24,72,87,62,67,86,64,64
Charlie Taylor,LB,30,72,53,76,69,65,77,70
Casper Tengstedt,ST,24,72,83,74,68,82,75,73
Florian Thauvin,ST,31,72,58,67,74,71,67,69
Jan Thielmann,RM,22,72,78,77,69,84,58,73
Morten Thorsby,CM,28,72,50,83,73,62,73,74
Jón Dagur Þorsteinsson,LM,25,72,80,79,68,79,67,67
Marcel Tisserand,CB,31,72,70,80,71,75,82,73
Harry Toffolo,LB,29,72,71,79,68,69,69,68
Gastón Togni,LM,26,72,75,66,71,75,71,70
Jeremy Toljan,RB,30,72,79,70,71,79,62,68
Torrente,CB,23,72,60,56,72,56,74,66
El Bilal Touré,ST,22,72,73,57,70,69,70,70
Isaak Touré,CB,21,72,69,68,61,62,92,67
Abdoulaye Touré,CDM,30,72,46,68,70,40,86,70
Andros Townsend,CAM,33,72,64,38,73,68,62,72
Ismaël Traoré,CB,38,72,34,73,68,36,88,69
Nicolás Tripichio,RB,28,72,81,82,73,81,63,65
William Troost-Ekong,CB,31,72,63,65,52,51,84,69
Auston Trusty,CB,26,72,78,78,65,74,82,71
Jeppe Tverskov,CDM,31,72,47,83,70,52,78,70
Oleksandr Tymchyk,RB,27,72,89,70,71,85,51,66
Filip Uremović,CB,27,72,86,65,67,63,77,68
Agustín Urzi,LM,24,72,86,80,62,85,54,62
Can Uzun,CAM,18,72,65,75,70,76,65,70
Nicolás Valentini,CB,23,72,73,73,69,72,74,69
Alex Valera,ST,28,72,67,69,64,66,82,69
Emanuele Valeri,LB,25,72,66,71,70,69,39,72
Mattia Valoti,CM,31,72,55,74,77,56,62,68
Charles Vanhoutte,CM,25,72,53,84,74,62,74,75
Dante Vanzeir,ST,26,72,82,79,70,86,70,73
Juan Pablo Vargas,CB,29,72,51,60,67,50,88,69
Denis Vavro,CB,28,72,69,73,67,64,84,67
Pablo Vázquez,CB,29,72,68,48,70,66,80,68
Benjamin Verbič,LW,30,72,79,65,72,83,67,69
Nick Viergever,CB,35,72,74,69,70,66,75,73
João Teixeira,CAM,31,72,74,72,73,75,62,70
Lukáš Vorlický,CAM,22,72,58,61,77,57,60,61
Marios Vrousai,LM,26,72,75,70,70,77,67,65
Matěj Vydra,ST,32,72,74,61,66,78,67,72
Hauke Wahl,CB,30,72,62,77,74,45,78,70
Luca Waldschmidt,ST,28,72,69,67,73,77,64,73
Victor Wanyama,CDM,33,72,57,74,71,34,92,67
Marcelo Weigandt,RB,24,72,81,76,66,77,73,70
Noah Weißhaupt,LM,22,72,72,69,70,81,54,68
Tomáš Wiesner,RB,27,72,80,72,70,84,56,69
Mateusz Wieteska,CB,27,72,52,63,63,41,77,66
Chris Willock,RM,26,72,79,67,69,79,58,70
Cláudio Winck,RB,30,72,74,86,64,72,67,68
Wu Lei,RM,32,72,82,83,66,86,63,73
Miki Yamane,RB,30,72,82,82,74,71,73,70
Yoon Bit Garam,CM,34,72,67,82,75,66,64,70
Maya Yoshida,CB,36,72,60,68,67,51,77,70
Étienne Youté Kinkoué,CB,22,72,65,63,65,57,87,69
Alhassan Yusuf,CDM,24,72,75,90,73,78,67,72
Diego Zabala,RW,32,72,69,66,75,69,67,63
Francesco Zampano,LB,30,72,82,84,72,84,72,64
Luca Zanimacchia,RM,26,72,78,78,70,66,51,68
Alessandro Zanoli,RB,23,72,72,74,67,68,72,70
Giovanni Zaro,CB,30,72,57,68,63,35,85,70
Zarraga,CM,25,72,74,71,77,77,65,72
Arbër Zeneli,LW,29,72,69,61,73,70,53,69
Kevin Zenón,LM,23,72,83,91,71,83,53,62
Matthias Zimmermann,RB,32,72,66,75,71,73,66,70
Christoph Zimmermann,CB,31,72,55,65,60,31,85,67
Nermin Zolotić,CB,31,72,53,72,73,54,82,71
Szymon Żurkowski,CM,26,72,77,83,74,68,75,71
Ali Abdi,LB,30,71,93,90,69,83,71,70
Matthis Abline,ST,21,71,75,55,66,79,62,59
Kellyn Acosta,CM,29,71,74,88,74,74,70,73
Samuel Adegbenro,LM,28,71,90,78,62,91,75,65
Emanuel Aguilera,CB,35,71,54,73,62,54,85,70
Jean-Eudes Aholou,CM,30,71,54,61,72,59,80,72
José Aja,CB,31,71,36,66,54,40,90,52
Halil Akbunar,RM,30,71,77,76,68,82,45,65
Abdullah Al Khaibari,CDM,28,71,62,79,74,74,69,68
Gabriel Alanís,RM,30,71,80,82,67,70,74,72
Fernando Alarcón,CB,30,71,53,65,60,50,76,67
Bruno Langa,LB,26,71,82,75,58,82,61,75
Gonçalo Borges,LM,23,71,85,54,66,86,60,70
Sotiris Alexandropoulos,CDM,22,71,75,78,73,77,69,66
Jim Allevinah,RM,29,71,81,67,62,84,42,65
Javier Altamirano,CM,25,71,72,72,74,81,59,65
Altimira,CM,23,71,62,66,74,56,63,69
Juan Álvarez,RM,28,71,76,71,67,80,67,68
Carlos Álvarez,RM,21,71,68,64,71,71,58,70
Tiago Araújo,LM,23,71,83,71,70,85,71,64
Lucas Lima,LB,32,71,74,77,69,70,77,67
Branco Ampuero,CB,31,71,53,59,66,42,81,71
Mads Juel Andersen,CB,26,71,34,64,61,52,88,69
Andrés Andrade,CB,25,71,74,85,67,73,78,68
Franko Andrijašević,CAM,33,71,70,78,72,71,85,68
Santiago Arzamendia,LB,26,71,73,75,67,78,68,70
Barış Atik,LW,29,71,64,85,70,79,44,62
Rob Atkinson,CB,26,71,55,75,63,52,85,65
Luke Ayling,RB,33,71,53,76,69,53,73,69
Finn Azaz,CAM,24,71,75,75,72,72,65,67
Bae Jun Ho,LM,21,71,71,72,71,70,48,69
Javier Báez,CB,34,71,70,71,69,68,74,69
Adrián Balboa,ST,30,71,59,63,62,54,88,67
Danovis Banguero,LB,34,71,80,80,64,80,84,65
Mattia Bani,CB,30,71,46,61,63,45,76,71
Beni Baningime,CDM,26,71,48,80,71,48,63,70
Miguel Barbieri,CB,31,71,67,37,59,57,86,67
Italo,CM,27,71,68,85,73,73,85,73
Juan Barinaga,RB,23,71,71,75,65,71,70,64
Aymen Barkok,CAM,26,71,64,67,71,72,68,67
Ashley Barnes,ST,34,71,44,66,71,50,81,77
João Novais,CM,31,71,64,71,75,68,74,71
Enzo Barrenechea,CDM,23,71,50,86,79,65,63,64
Connor Barron,CM,22,71,71,90,73,66,67,70
Simone Bastoni,CM,27,71,63,72,74,64,64,73
Damian Batallini,RM,28,71,70,59,73,75,72,65
Dylan Batubinsika,CB,28,71,70,64,63,65,84,64
Dominik Baumgartner,CB,28,71,72,77,66,68,79,68
Finn Ole Becker,CM,24,71,64,77,77,75,51,71
Chris Bedia,ST,28,71,69,67,62,67,82,70
Amari'i Bell,CB,30,71,76,79,66,74,72,71
Mohamed Belloumi,RW,22,71,76,72,69,79,46,66
Carlos Benavídez,CDM,26,71,65,70,69,70,70,69
Gastón Benedetti,LB,23,71,73,82,69,71,52,70
Loris Benito,CB,32,71,66,85,65,65,77,70
Yassine Benzia,CAM,30,71,64,61,69,68,55,69
Robert Berić,ST,33,71,51,73,65,63,86,74
Antoine Bernede,CM,25,71,68,81,72,63,69,70
Nahir Besara,CAM,33,71,68,74,72,63,72,70
Matteo Bianchetti,CB,31,71,52,70,68,50,78,71
Mads Bidstrup,CM,23,71,72,85,75,67,72,69
Uran Bislimi,CM,24,71,69,80,72,70,67,68
Dimitri Bisoli,CM,30,71,72,83,71,71,62,70
Lautaro Blanco,LB,25,71,80,78,68,76,66,68
Aylton Boa Morte,RM,30,71,76,77,67,75,77,70
Daniel Bocanegra,CB,37,71,66,75,69,62,80,71
Paweł Bochniewicz,CB,28,71,65,74,64,33,84,64
Luciano Boggio,CM,25,71,72,79,73,72,59,68
Federico Bonazzoli,ST,27,71,63,53,67,68,67,70
Ezequiel Bonifacio,RB,30,71,71,74,70,74,69,70
Andreas Bouchalakis,CDM,31,71,68,72,73,44,77,65
Agustín Bouzat,CDM,30,71,84,91,69,84,62,68
Martin Boyle,RM,31,71,87,75,65,90,53,68
Flavien-Enzo Boyomo,CB,22,71,72,72,65,74,80,65
Umut Bozok,ST,27,71,76,70,73,74,66,71
Volodymyr Brazhko,CDM,22,71,64,73,72,67,70,69
Anthony Briançon,CB,29,71,39,71,67,55,87,65
Miguel Brizuela,CB,27,71,53,75,68,55,82,63
Ezequiel Bullaude,CAM,23,71,83,72,70,71,73,65
Cristian Buonaiuto,LM,31,71,75,72,70,76,53,68
Brandon Bye,RB,28,71,79,81,62,74,73,68
Yonathan Cabral,CB,32,71,51,66,69,33,87,67
Alejandro Camargo,CM,35,71,70,83,77,48,75,64
Omar Campos,LB,22,71,79,75,65,81,59,60
Gaspar Campos,LM,24,71,79,82,65,81,72,65
Fali Candé,CB,26,71,81,84,62,79,72,65
Reggie Cannon,RB,26,71,87,84,63,85,82,65
Manuel Capasso,CB,28,71,55,68,56,53,84,68
Pierrick Capelle,CDM,37,71,53,65,73,53,62,72
Marc Cardona,ST,29,71,78,81,70,80,66,71
Gonzalo Carneiro,ST,29,71,78,65,70,63,80,64
Adalberto Carrasquilla,CM,25,71,72,80,70,75,63,73
Cesare Casadei,CM,21,71,66,70,73,67,72,70
Eíran Cashin,CB,22,71,57,71,68,60,88,63
Josué Casimir,RM,22,71,84,71,68,81,68,70
Giuseppe Caso,LW,25,71,79,39,69,80,36,70
Alex Castro,LM,30,71,81,64,64,82,50,59
Alexis Castro,CM,29,71,74,69,72,80,69,73
Nélson Oliveira,ST,33,71,68,68,67,65,77,71
Maximiliano Caufriez,CB,27,71,57,68,66,54,77,72
Žan Celar,ST,25,71,73,74,62,76,77,59
Ondřej Čelůstka,CB,35,71,62,57,66,59,84,66
Álex Centelles,LB,25,71,75,85,67,72,69,71
Fabien Centonze,RB,28,71,71,75,69,71,72,58
Ricardo Mangas,LM,26,71,77,83,67,77,69,74
Timmy Chandler,RB,34,71,37,68,74,54,79,73
Yimmi Chará,LM,33,71,87,75,65,85,68,69
Fidel,LM,34,71,67,67,72,66,60,74
Youssef Chermiti,ST,20,71,67,61,69,66,79,72
Choi Jun,RB,25,71,83,87,69,73,69,71
Tahith Chong,CAM,24,71,78,69,72,75,59,69
Jacob Christensen,CDM,23,71,70,78,72,70,66,67
Víctor Chust,CB,24,71,70,54,76,66,72,67
Jordan Clark,CAM,30,71,67,74,74,69,70,71
Marcus Coco,RM,28,71,79,43,71,78,65,69
Antonio Čolak,ST,30,71,67,79,64,65,79,68
Michele Collocolo,CDM,24,71,73,82,72,67,74,64
Cheick Conde,CDM,24,71,68,85,68,68,80,71
Enzo Copetti,ST,28,71,79,79,67,78,74,72
Diego Coppola,CB,20,71,52,42,66,55,74,70
Córdoba,LM,27,71,80,75,68,79,68,68
Córdoba,CB,29,71,63,71,67,55,71,71
Àlex Corredera,CM,28,71,69,85,76,61,71,70
Fábio Ronaldo,LW,23,71,83,77,65,86,62,63
Soumaila Coulibaly,CB,20,71,89,70,74,83,82,65
Woyo Coulibaly,RB,25,71,79,83,67,73,83,60
Enzo Crivelli,ST,29,71,73,73,67,53,90,72
Diogo Gonçalves,CM,27,71,82,75,73,83,64,72
Marco Curto,CB,25,71,66,78,56,60,84,71
Wylan Cyprien,CDM,29,71,61,72,72,64,78,66
Damien Da Silva,CB,36,71,47,73,68,39,83,68
Edgar,ST,37,71,56,57,65,57,87,66
Oday Dabbagh,ST,25,71,74,69,62,72,81,66
Henrik Dalsgaard,RB,35,71,71,75,65,66,79,66
Márton Dárdai,CB,22,71,55,75,70,66,75,69
Harry Darling,CB,25,71,69,77,70,67,80,68
Tom Davies,CM,26,71,61,64,76,63,65,70
Ben Davies,CB,29,71,67,65,71,64,78,71
Keinan Davis,ST,26,71,67,62,63,61,91,67
Vítor Costa,LB,30,71,75,85,60,78,65,65
Paulino,RM,27,71,74,65,67,76,48,66
Casper De Norre,CM,27,71,66,82,71,62,63,68
Rúben Lameiras,RW,29,71,74,69,69,75,57,73
Fabiano Souza,RB,24,71,83,81,64,86,69,66
Jordy de Wijs,CB,29,71,61,72,57,42,92,65
Liam Delap,ST,21,71,77,69,65,74,79,65
Mark Delgado,CDM,29,71,63,87,75,71,62,70
Mathias Delorge,CM,20,71,66,81,74,60,72,64
Jessy Deminguet,CM,26,71,73,88,74,69,69,68
Marco Di Cesare,CB,22,71,53,68,61,50,79,68
Matteo Di Giusto,CAM,24,71,75,81,70,81,44,56
Francesco Di Mariano,LW,28,71,75,63,67,79,63,70
Dimitris Diamantakos,ST,31,71,72,72,62,77,78,66
Assane Diao Diaoune,RM,19,71,90,64,62,90,54,68
Moussa Diarra,LB,23,71,63,73,69,68,71,69
Mauro Díaz,CAM,33,71,67,62,72,71,54,68
Pedro Díaz,CM,26,71,66,82,73,71,71,67
El Hadji Malick Diouf,LB,19,71,79,71,65,76,73,67
Moussa Djenepo,LM,26,71,78,63,65,80,62,67
Lucas Piazón,CAM,30,71,68,64,71,68,58,74
Benjamín Domínguez,LM,20,71,84,82,67,83,42,58
Maxime Dominguez,CM,28,71,74,76,75,75,55,69
Kieran Dowell,CAM,26,71,65,62,74,61,56,70
Denis Drăguș,ST,25,71,81,72,60,78,71,62
Vladyslav Dubinchak,LB,26,71,75,73,74,79,48,65
Rade Dugalić,CB,31,71,39,75,63,48,90,67
Jean-Kévin Duverne,LB,27,71,62,73,73,57,75,69
Lasha Dvali,CB,29,71,54,76,64,53,81,68
Jeremy Ebobisse,ST,27,71,78,83,67,76,82,72
Enzo Ebosse,CB,25,71,59,66,62,66,75,63
Josh Eccles,CDM,24,71,69,73,71,73,64,64
Claudio Echeverri,CAM,18,71,83,54,68,92,35,66
Souffian El Karouani,LB,23,71,66,77,69,75,61,71
Zakaria El Ouahdi,RB,22,71,69,81,67,78,51,73
Eren Elmalı,LB,24,71,84,81,66,76,74,68
Maximilian Entrup,ST,27,71,72,72,65,70,72,63
Ivo Pinto,RB,34,71,80,79,65,76,71,69
Mamadou Fall,ST,32,71,92,76,63,83,78,63
Christian Fassnacht,RM,30,71,76,72,69,76,76,65
Joca,RW,28,71,77,69,68,76,33,67
Paolo Fernandes,RW,26,71,74,68,68,81,55,66
Clayton,ST,25,71,71,66,65,70,78,68
Sebastián Fernández,ST,39,71,67,52,74,76,39,76
Damián Fernández,CB,23,71,77,78,64,79,76,67
Miguel Maga,RB,21,71,78,72,65,77,44,72
Facundo Ferreyra,ST,33,71,51,57,66,49,77,70
Sam Field,CDM,26,71,53,77,73,60,63,68
Daniel Fila,ST,22,71,74,60,59,69,78,67
Dominik Fitz,CAM,25,71,71,79,74,81,55,59
Edison Flores,LW,30,71,78,70,68,76,65,67
Fabricio Formiliano,CB,31,71,63,61,58,59,84,65
Adam Forshaw,CDM,32,71,50,69,74,59,64,70
Daam Foulon,LM,25,71,73,82,73,75,69,65
Franco Fragapane,LM,31,71,87,70,71,89,54,67
Marcel Franke,CB,31,71,59,70,60,50,90,67
Fabian Frei,CB,35,71,52,75,73,43,71,68
Martin Frese,LB,26,71,80,77,70,77,66,65
Gabriel Fuentes,LB,27,71,85,81,69,81,73,61
César Fuentes,CDM,31,71,57,87,72,64,70,66
Fernando Gaibor,CM,32,71,67,77,75,66,72,70
Nicolás Gaitán,CAM,36,71,53,34,70,56,46,71
Konstantinos Galanopoulos,CDM,26,71,73,75,71,75,67,67
Matías Galarza,CDM,22,71,66,71,73,73,66,67
Omri Gandelman,CDM,24,71,67,75,70,57,73,62
Niko Gießelmann,LB,32,71,60,74,70,66,74,69
Nicholas Gioacchini,ST,24,71,84,73,61,78,74,68
Santiago Giordana,ST,29,71,67,70,66,66,70,69
Saviour Godwin,LM,28,71,92,82,60,91,58,64
Marlon Gomes,CM,20,71,74,66,75,75,63,71
Joan González,CM,22,71,53,77,76,67,72,67
Mario González,ST,28,71,71,75,63,65,75,68
Karlan Grant,LM,26,71,83,76,67,80,72,70
Alberto Grassi,CM,29,71,37,67,73,62,56,70
Julian Green,CAM,29,71,65,77,73,78,64,69
Andreas Gruber,RM,29,71,78,74,68,85,64,67
Robert Gumny,RB,26,71,75,77,68,77,68,68
Koray Günter,CB,30,71,55,50,68,67,74,70
Rodrigo Guth,CB,23,71,71,74,66,64,77,71
Ehsan Haji Safi,LB,34,71,70,70,71,69,74,70
Sead Hakšabanović,LM,25,71,74,69,69,80,61,69
Alen Halilović,CAM,28,71,55,58,72,65,34,66
Craig Halkett,CB,29,71,51,67,68,63,78,64
Johannes Handl,CB,26,71,64,76,55,45,92,66
Grant Hanley,CB,32,71,53,65,60,51,83,68
Kian Hansen,CB,35,71,50,69,70,44,78,68
Emil Hansson,LM,26,71,69,68,72,80,49,67
Varazdat Haroyan,CB,32,71,56,71,63,60,77,65
Jens Petter Hauge,LW,24,71,74,75,65,83,67,66
Isaac Hayden,CDM,29,71,50,70,70,53,80,67
Dominique Heintz,CB,31,71,56,66,66,52,83,71
Michał Helik,CB,29,71,63,73,62,57,87,67
Leo Coelho,CB,31,71,65,65,53,55,70,55
Valentin Henry,RB,30,71,79,84,68,83,74,62
Thomas Henry,ST,29,71,53,60,71,39,86,72
Edwin Herrera,LB,26,71,83,84,63,84,56,65
Aaron Herrera,RB,27,71,72,76,71,70,76,68
George Hirst,ST,25,71,78,73,65,74,81,68
Mason Holgate,CB,27,71,70,59,71,65,72,68
Ryan Hollingshead,RB,33,71,46,86,71,53,81,72
Sebastian Holmén,CB,32,71,44,74,63,62,83,67
George Honeyman,RM,30,71,72,89,72,66,65,70
Hong Chul,LB,33,71,84,80,62,82,69,66
Cédric Hountondji,CB,30,71,40,53,66,35,80,70
Even Hovland,CB,35,71,51,68,67,38,87,67
Jonny Howson,CDM,36,71,51,84,69,55,67,71
Renato Ibarra,RM,33,71,87,71,68,86,70,65
Pietro Iemmello,ST,32,71,83,85,62,80,73,66
Roberto Insigne,RW,30,71,82,61,71,88,59,65
Nikolas Ioannou,LB,28,71,79,81,64,70,78,70
Alessio Iovine,RB,33,71,71,79,68,66,61,72
Andy Irving,CM,24,71,55,78,73,60,81,62
Matheus Jussa,CDM,28,71,66,90,68,64,74,69
Mikael Ishak,ST,31,71,74,71,66,69,90,66
Ardian Ismajli,CB,27,71,68,58,64,66,62,71
Ryotaro Ito,CM,26,71,80,71,76,83,60,71
Ablie Jallow,RM,25,71,77,70,70,80,30,64
Jakub Jankto,CM,28,71,70,68,72,74,54,71
Franco Jara,ST,36,71,66,52,68,54,76,67
Bakery Jatta,RW,26,71,83,87,68,84,78,64
Alexander Jeremejeff,ST,30,71,69,68,66,65,83,69
Jiang Guangtai,CB,30,71,81,81,61,80,81,66
Dennis Johnsen,ST,26,71,92,77,69,91,73,70
Jung Ho Yeon,CM,23,71,66,91,72,65,71,72
Christian Kabasele,CB,33,71,57,57,65,42,78,71
Tomáš Kalas,CB,31,71,85,72,63,62,82,69
Warren Kamanzi,RB,23,71,83,73,68,77,58,70
Ismaël Kandouss,CB,26,71,50,71,63,53,84,64
Mohammed Kanno,CM,29,71,81,77,76,68,75,64
Ahmetcan Kaplan,CB,21,71,65,61,71,62,76,70
Aytaç Kara,CM,31,71,50,80,75,53,82,68
Adam Karabec,RW,21,71,73,67,73,74,64,68
Michał Karbownik,LB,23,71,87,80,72,82,52,67
Sinan Karweina,ST,25,71,80,72,68,82,67,64
Edo Kayembe,CDM,26,71,73,79,74,70,80,66
Michael Kayode,RB,20,71,64,62,64,66,49,70
Yannik Keitel,CDM,24,71,69,65,72,63,73,70
Tobias Kempe,CM,35,71,54,69,75,65,72,72
Gyrano Kerk,RM,28,71,86,64,65,82,78,70
Luca Kilian,CB,25,71,70,59,64,65,85,71
Emre Kılınç,RM,30,71,68,82,67,80,55,70
Kim Dae Won,LM,27,71,87,78,66,86,67,67
Mathias Kjølø,CDM,23,71,35,79,76,66,60,69
Felix Klaus,RM,32,71,80,78,70,76,67,70
Ko Seung Beom,CM,30,71,73,91,71,71,74,70
Juan Cruz Komar,CB,28,71,56,76,64,60,78,68
Yukhym Konoplia,RB,25,71,79,71,71,78,58,64
Nebojša Kosović,CDM,29,71,67,84,74,72,63,69
Koffi Kouao,RB,26,71,79,75,62,74,68,65
Dawid Kownacki,ST,27,71,73,69,69,76,68,68
Matías Kranevitter,CDM,31,71,71,54,76,66,74,70
Jean-Philippe Krasso,ST,27,71,65,69,69,68,83,67
Dmytro Kryskiv,CM,23,71,67,68,78,68,47,70
Saël Kumbedi,RB,19,71,83,66,67,80,56,69
Fabian Kunze,CDM,26,71,70,81,66,64,76,72
Berkan Kutlu,CM,26,71,78,90,70,79,71,73
Grejohn Kyei,ST,29,71,66,68,64,56,87,69
Giorgos Kyriakopoulos,LB,28,71,58,63,73,65,65,70
Jordan Larsson,RW,27,71,79,73,70,84,64,72
Richie Laryea,RB,29,71,84,84,69,82,65,68
Joaquín Laso,CB,34,71,61,69,66,50,81,68
Emmanuel Latte Lath,ST,25,71,91,71,62,92,63,69
Sandro Lauper,CDM,27,71,73,75,75,73,76,68
Numa Lavanchy,RB,31,71,81,92,65,78,63,67
Lee Yeong Jae,CM,30,71,77,89,72,72,60,71
Jordan Lefort,LB,31,71,68,79,68,64,72,72
Tim Leibold,LB,30,71,69,76,68,83,63,66
Toni Leistner,CB,34,71,45,69,60,49,88,67
Félix Lemaréchal,CAM,21,71,61,71,77,69,65,68
Ryan Leonard,RB,32,71,73,82,70,68,78,70
Enzo Leopold,CM,24,71,65,89,76,73,55,68
Liam Lindsay,CB,28,71,41,77,61,37,83,67
Luis Guilherme,RM,18,71,78,55,64,74,65,74
Pol Lirola,RB,27,71,65,71,71,71,63,69
Danny Loader,ST,24,71,79,72,69,79,76,71
Saba Lobjanidze,RW,29,71,86,71,66,78,46,64
Marius Lode,CB,31,71,77,79,68,74,78,71
Renzo López,ST,30,71,62,74,64,59,82,66
Augusto Lotti,ST,28,71,78,73,66,74,79,64
Matteo Lovato,CB,24,71,67,53,65,64,77,73
Maximiliano Lovera,LM,25,71,82,69,68,87,55,60
Sergio Lozano,CM,25,71,60,71,76,60,40,58
Sayfallah Ltaief,LM,24,71,86,70,64,84,62,58
Kristoffer Lund Hansen,LB,22,71,87,92,70,80,69,68
Yvann Maçon,RB,25,71,83,80,65,85,69,66
Mads Emil Madsen,CM,26,71,65,79,72,69,79,69
Mathieu Maertens,CAM,29,71,72,77,71,65,62,70
Matej Maglica,CB,25,71,68,66,58,35,93,68
Habib Maïga,CDM,28,71,53,80,70,66,83,72
Josh Maja,ST,25,71,77,71,70,74,68,70
Jean-Victor Makengo,CM,26,71,59,70,76,67,67,68
Daniel Maldini,CAM,22,71,66,55,75,67,47,66
Lucas Mancinelli,RM,35,71,75,71,72,76,52,69
Eliaquim Mangala,CB,33,71,46,52,59,50,82,61
Manquillo,RB,30,71,62,50,71,64,61,65
Myziane Maolida,LM,25,71,71,59,69,78,64,69
Nikola Maraš,CB,28,71,65,74,70,63,81,62
Antonio Marchesano,ST,33,71,66,80,73,73,49,73
Adrián Marín,LB,27,71,74,75,67,72,71,69
Rafa Marín,CB,22,71,67,74,71,66,71,67
João Marques,LW,22,71,67,64,69,74,50,68
Federico Martínez,ST,28,71,77,72,70,74,76,68
Facundo Martínez,CM,39,71,47,62,77,49,63,65
Damián Martínez,RB,34,71,73,77,64,75,71,70
Pablo Martínez,CM,26,71,71,83,73,72,70,69
Barbero,ST,26,71,69,65,70,65,78,70
Thiago Martins,CB,29,71,80,73,72,64,76,65
Bruno Martins Indi,CB,32,71,44,65,69,33,83,68
Gastón Martirena,RB,24,71,87,85,69,76,48,61
Han-Noah Massengo,CDM,23,71,69,70,74,68,63,69
Igor Matanović,ST,21,71,64,81,67,62,80,69
Rabbi Matondo,LM,24,71,91,68,66,94,47,66
Isaac Mbenza,LM,28,71,86,70,68,80,72,64
Nathanaël Mbuku,RM,22,71,75,60,73,80,51,63
Kasey McAteer,RW,22,71,80,68,69,83,61,67
Barrie McKay,LM,29,71,78,56,70,83,31,61
Scott McKenna,CB,27,71,51,65,58,51,86,67
Flavio,CDM,28,71,67,83,74,66,70,63
Jérémy Mellot,RB,30,71,85,92,65,79,77,61
Yorleys Mena,ST,33,71,66,70,55,67,78,65
Joe Mendes,RB,21,71,86,76,62,83,53,74
Javier Méndez,CB,29,71,68,77,60,65,75,71
Armando Méndez,RB,28,71,78,82,64,83,93,66
Mauro Méndez,ST,25,71,70,61,73,71,80,69
Formose Mendy,CB,23,71,79,73,70,69,78,63
Chris Mepham,CB,26,71,54,62,66,39,77,68
Maikel Mesa,CAM,33,71,70,82,73,67,86,65
Meseguer,CM,25,71,64,74,74,61,72,68
Sven Michel,ST,34,71,63,76,72,76,71,74
Kamal Miller,CB,27,71,77,80,70,74,82,68
Martin Minchev,ST,23,71,83,62,67,80,76,67
Pedro Mendes,ST,25,71,74,61,61,69,84,66
Leonel Miranda,CM,30,71,69,56,78,74,67,65
Tomás Molina,ST,29,71,81,71,65,81,80,68
Montero,CB,25,71,68,59,66,67,73,64
Shaquell Moore,RB,27,71,79,87,65,81,78,66
Felipe Mora,ST,31,71,72,61,66,73,67,68
Santiago Moreno,RM,24,71,80,74,64,86,49,66
Mateu Morey,RB,24,71,66,48,75,75,52,72
Raúl Moro,LM,21,71,81,33,69,84,30,60
Jordan Morris,ST,29,71,82,72,63,82,80,70
Fahd Moufi,RB,28,71,74,84,68,73,75,68
Toni Moya,CM,26,71,55,58,77,48,56,68
Sebas Moyano,LM,27,71,78,70,67,80,42,64
Pelly-Ruddock Mpanzu,CM,30,71,77,86,73,77,84,70
Arbnor Muja,RM,25,71,91,77,68,87,60,62
Bali Mumba,LB,22,71,82,76,68,87,55,69
Facundo Mura,RB,25,71,82,79,67,84,68,67
Jesús Murillo,CB,30,71,80,83,60,82,79,71
Sei Muroya,RB,30,71,74,76,68,85,64,71
Mickaël Nadé,CB,25,71,35,73,55,36,91,69
Adamo Nagalo,CB,21,71,74,71,68,66,81,63
Kal Naismith,CB,32,71,65,77,65,67,78,69
Tsiy-William Ndenge,CDM,27,71,71,81,68,64,82,71
Paul Nebel,CAM,21,71,74,92,72,79,49,68
Yvan Neyou,CDM,27,71,68,74,70,62,65,68
Jessic Ngankam,ST,24,71,84,70,65,80,78,67
Tokmac Chol Nguen,CAM,30,71,80,71,69,83,60,66
Kevin Nisbet,ST,27,71,64,74,65,66,73,70
Jean-Pierre Nsame,ST,31,71,68,75,59,63,87,67
Olivier Ntcham,CM,28,71,65,73,75,69,76,58
Randy Nteka,ST,26,71,71,78,69,74,88,68
Miguel Cardoso,LM,30,71,74,59,69,73,65,68
Fabian Nürnberger,LM,25,71,72,74,72,76,56,70
Jay O'Shea,CM,36,71,55,89,73,61,73,68
Tim Oberdorf,CB,28,71,72,71,69,64,75,73
Raphael Obermair,RM,28,71,80,90,70,86,67,64
Pedro Obiang,CDM,32,71,38,48,74,48,69,67
Denis Odoi,RB,36,71,68,73,72,73,66,69
Moses Odubajo,RB,31,71,80,71,68,80,69,68
Lawrence Ofori,CM,26,71,74,67,74,69,61,72
Jonathan Okita,LW,27,71,84,74,68,82,71,68
Masaya Okugawa,LM,28,71,75,70,70,78,32,70
Cristian Olivera,RW,22,71,85,59,63,86,42,53
Emanuel Olivera,CB,34,71,66,72,62,67,75,67
Andrew Omobamidele,CB,22,71,71,67,68,72,81,66
Jacob Ondrejka,LM,22,71,76,66,70,82,59,64
Bruno Onyemaechi,LB,25,71,81,73,68,80,76,66
Jerome Opoku,CB,25,71,54,68,59,62,88,59
Gaetano Oristanio,CAM,21,71,86,65,69,83,42,66
Darío Osorio,RM,20,71,82,66,66,75,63,63
Aiham Ousou,CB,24,71,80,66,69,71,80,69
Elisha Owusu,CDM,26,71,56,74,71,64,68,70
Braian Oyola,LM,28,71,80,64,67,84,54,57
Kenneth Paal,LB,27,71,79,77,70,83,71,65
Pacheco,CB,23,71,53,62,76,45,73,65
Nelson Palacio,CM,23,71,71,87,72,70,67,74
Leart Paqarada,LB,29,71,67,76,72,74,66,71
Franco Pardo,CB,27,71,70,71,68,68,83,67
Nathan Patterson,RB,22,71,78,71,64,71,68,66
Esteban Pavez,CDM,34,71,77,86,70,76,79,70
Estanis,RW,21,71,80,56,68,75,47,59
Andy Pelmard,CB,24,71,88,82,70,81,75,68
Matheus Pereira,CDM,26,71,67,72,74,66,73,70
Fabio Pereyra,CB,34,71,61,71,57,60,83,65
Jorge Pereyra Díaz,ST,34,71,74,72,65,78,56,73
Matías Pérez García,CAM,39,71,72,65,72,68,54,64
Martín Pérez Guedes,CM,33,71,80,81,75,81,70,60
Mario Gaspar,CB,33,71,64,72,65,63,72,69
Máximo Perrone,CM,21,71,68,77,75,69,66,61
Gino Peruzzi,RB,32,71,73,80,67,71,66,68
Giuseppe Pezzella,LB,26,71,67,71,71,67,68,73
Immanuel Pherai,CAM,23,71,80,83,70,78,50,71
Maximilian Philipp,ST,30,71,72,61,72,73,65,74
Nathaniel Phillips,CB,27,71,50,65,64,48,79,68
Roberto Piccoli,ST,23,71,71,56,65,62,70,75
Rodrigo Piñeiro,LM,25,71,89,70,69,88,64,66
Juan Pintado,RB,27,71,88,89,67,84,41,65
Lorenzo Pirola,CB,22,71,66,43,67,62,72,68
Rodolfo Pizarro,LM,30,71,75,68,70,74,65,70
Vicente Pizarro,CDM,21,71,69,81,73,66,65,66
Jackson Porozo,CB,24,71,79,63,59,59,80,65
Lucas Pratto,ST,36,71,55,52,67,51,87,70
Filip Prebsl,CDM,21,71,70,70,73,71,77,69
Cameron Pring,LB,26,71,79,76,64,84,71,63
Mateus Quaresma,LB,28,71,68,73,68,72,73,70
Jesurun Rak-Sakyi,RW,21,71,85,66,65,81,49,63
Anthony Ralston,RB,25,71,77,81,73,74,77,69
Benito Raman,ST,29,71,88,74,69,87,56,72
Largie Ramazani,RM,23,71,87,60,63,88,53,67
Ignacio Ramírez,ST,27,71,70,55,68,69,75,70
Juan Ramírez,CM,31,71,79,80,72,84,60,70
Elbasan Rashani,LM,31,71,82,76,69,80,63,68
Mathias Rasmussen,CM,26,71,72,82,75,76,60,71
Luca Ravanelli,CB,27,71,67,50,58,52,73,71
Rayan Raveloson,CDM,27,71,73,84,73,74,74,67
Nathan Redmond,RM,30,71,75,37,70,75,62,68
Oriol Rey,CM,26,71,59,77,75,59,72,71
Bryan Reynolds,RB,23,71,69,85,67,72,71,77
Federico Ricca,CB,29,71,63,69,67,66,66,68
Emil Riis,ST,26,71,79,69,60,65,75,70
Alexander Ring,CDM,33,71,64,82,70,70,71,70
Marlon Ritter,CAM,29,71,57,78,73,76,66,70
Patrick Roberts,RM,27,71,78,55,68,85,40,59
Jack Robinson,CB,31,71,54,71,64,66,71,68
Jannik Rochelt,LM,25,71,88,92,68,81,61,66
Facundo Rodríguez,CB,24,71,68,71,56,63,78,69
Alan Rodríguez,CM,24,71,69,68,75,78,34,71
Marko Rog,CM,29,71,68,65,74,71,64,63
Simone Romagnoli,CB,34,71,52,61,59,34,86,68
André Rømer,CDM,31,71,59,89,71,61,75,66
Braian Romero,ST,33,71,83,85,64,85,70,69
Maximiliano Romero,ST,25,71,75,71,70,75,77,68
Lazar Rosić,CB,31,71,46,46,63,54,85,65
Steve Rouiller,CB,34,71,52,80,67,50,79,71
Jonny Rowe,RM,21,71,84,64,66,81,64,67
Kye Rowles,CB,26,71,67,74,67,61,78,66
Waldo,LM,29,71,90,69,64,90,65,65
Sergio Ruiz,CDM,29,71,64,85,74,64,68,66
Elias Saad,LW,24,71,67,71,72,82,58,68
Pablo Sabbag,ST,27,71,61,62,60,60,83,64
Emmanuel Sabbi,LM,26,71,90,68,65,90,56,68
Jorge Sáenz,CB,27,71,68,78,66,53,78,69
Ramzi Safuri,CAM,28,71,68,67,73,69,70,68
Emir Sahiti,RM,25,71,82,73,65,83,56,68
Borja Sainz,LM,23,71,77,70,68,83,47,67
Yoann Salmier,CB,31,71,34,66,66,37,84,72
Ulrik Saltnes,CM,31,71,72,90,72,77,79,72
Alfons Sampsted,RB,26,71,69,91,65,81,67,67
Luismi,CDM,32,71,55,82,64,55,76,68
Curro Sánchez,ST,28,71,74,71,72,81,43,68
James Sands,CDM,24,71,54,74,72,48,70,72
Marcelo Saracchi,LB,26,71,78,77,65,82,62,66
Malang Sarr,CB,25,71,59,55,70,53,77,67
Vincent Sasso,CB,33,71,38,66,67,35,82,65
Joan Sastre,RB,27,71,79,70,67,75,64,64
Isaac Schmidt,LB,24,71,86,80,64,87,60,64
Benno Schmitz,RB,29,71,54,71,72,68,74,68
David Schnegg,LB,25,71,75,82,64,75,79,67
Matthias Seidl,CAM,23,71,73,81,73,59,55,68
Josep Señé,CM,32,71,69,72,74,66,71,69
Nico Serrano,LM,21,71,81,71,70,83,46,62
Kevin Sessa,RM,24,71,89,76,69,85,45,65
Armindo Sieb,ST,21,71,80,80,65,84,67,70
Tim Siersleben,CB,24,71,46,63,61,59,77,70
Reis,LW,31,71,80,78,67,83,56,67
Miguel Reisinho,CM,25,71,71,76,73,68,74,69
Ellis Simms,ST,23,71,80,67,61,67,84,66
Matte Smets,CB,20,71,68,80,75,65,72,68
Danilo,LB,32,71,67,75,68,75,65,70
Marcel Sobottka,CDM,30,71,75,77,71,63,75,69
Simon Sohm,CAM,23,71,75,81,74,77,83,70
Álex Sola,RM,25,71,77,87,70,79,68,65
Santiago Solari,LM,26,71,79,67,66,78,58,67
Jhon Solís,CDM,19,71,63,81,73,65,77,70
Alan Soñora,CM,26,71,68,72,73,77,64,69
Brandon Soppy,RB,22,71,78,73,68,80,76,65
Yira Sor,ST,24,71,88,61,61,93,50,68
Cheick Souaré,LM,22,71,75,71,70,77,68,69
Hélder Costa,RM,30,71,75,65,68,80,62,68
Harry Souttar,CB,25,71,51,64,68,40,89,66
Leonai,CDM,29,71,71,69,72,56,79,69
Pascal Stenzel,RB,28,71,64,69,75,52,67,67
Leonidas Stergiou,CB,22,71,72,76,68,80,77,72
Ross Stewart,ST,28,71,70,82,66,76,81,67
Filip Stojković,RB,31,71,70,82,69,69,78,68
Jordan Storey,CB,27,71,58,71,65,53,78,69
Carlos Strandberg,ST,28,71,89,76,59,73,90,68
Cristián Suárez,CB,37,71,76,71,68,54,71,71
Kamaldeen Sulemana,LW,22,71,94,65,67,92,60,64
Ibrahim Sulemana,CDM,21,71,68,76,69,75,69,72
Sam Surridge,ST,26,71,67,65,63,60,77,67
Gastón Suso,CB,33,71,52,70,73,46,78,68
Jan Sýkora,LM,30,71,77,72,69,77,57,67
Iván Tapia,CAM,25,71,69,90,75,69,68,66
Cristian Tarragona,ST,33,71,76,72,65,75,71,72
César Tárrega,CB,22,71,63,52,63,64,85,65
Robert Taylor,LW,29,71,85,76,73,79,63,59
Filippo Terracciano,RM,21,71,78,74,72,81,65,62
Aleksa Terzić,LB,25,71,80,66,67,84,57,68
Tanner Tessmann,CDM,22,71,59,79,73,64,84,67
Cedric Teuchert,ST,27,71,71,74,68,69,65,70
Isaac Kiese Thelin,ST,32,71,68,75,64,47,88,74
Kévin Théophile-Catherine,CB,34,71,67,68,70,76,81,65
Norman Theuerkauf,CDM,37,71,43,74,67,55,78,71
Bobby Thomas,CB,23,71,54,69,66,52,83,61
Sorba Thomas,RM,25,71,88,85,62,86,61,63
Luke Thomas,LB,23,71,74,75,66,77,65,68
Erik Thommy,CM,30,71,77,64,76,76,52,73
Timothy Tillman,CM,25,71,75,75,78,75,72,67
Nouhou,LB,27,71,87,83,56,86,80,64
Boris Tomiak,CB,26,71,76,77,61,67,86,67
Michal Tomič,RB,25,71,77,73,70,75,62,68
Jens Toornstra,CAM,35,71,55,80,75,37,68,74
Jonatan Torres,ST,27,71,58,75,63,57,76,70
Nemanja Tošić,LB,27,71,72,82,70,69,76,66
Aiyegun Tosin,ST,26,71,89,75,63,88,74,72
Conor Townsend,LB,31,71,68,81,66,65,71,68
Mattéo Tramoni,LW,24,71,89,70,70,85,63,67
Mamadou Traore,CB,29,71,48,64,68,38,81,64
Boubacar Traoré,CDM,23,71,71,69,75,67,73,68
Jesús Trindade,CDM,31,71,69,79,72,79,75,69
Sondre Tronstad,CDM,29,71,53,74,70,62,69,69
Fran Tudor,RM,28,71,90,91,63,90,67,65
David Turnbull,CM,25,71,54,64,75,58,69,66
Scott Twine,LM,25,71,77,77,70,79,45,67
Rodrigo Ureña,CDM,31,71,54,70,69,63,70,70
Jere Uronen,LB,30,71,63,79,69,66,65,69
Moses Usor,RM,22,71,90,78,66,89,65,61
Georgios Vagiannidis,RB,23,71,78,78,67,81,59,68
Bruno Wilson,CB,27,71,46,75,60,54,82,69
Leonardo Valencia,CAM,33,71,63,55,75,65,68,63
Nuno Santos,CM,25,71,77,72,72,75,69,73
Yan Valery,RB,25,71,60,75,67,69,70,71
Albert Vallci,CB,29,71,68,80,64,73,81,66
Théo Valls,CM,28,71,64,74,75,67,70,68
Zeno Van Den Bosch,CB,21,71,64,56,74,54,78,67
Hannes Van Der Bruggen,CM,31,71,34,81,72,45,64,67
Sydney van Hooijdonk,ST,24,71,75,67,62,72,78,69
Jari Vandeputte,LM,28,71,79,72,68,81,60,69
Leonel Vangioni,LB,37,71,71,65,69,76,66,69
Zinho Vanheusden,CB,25,71,48,66,69,52,81,68
Jhon Vásquez,RM,29,71,81,72,59,84,81,60
Emiliano Velázquez,CB,30,71,42,72,66,63,82,68
Kristoffer Velde,LM,25,71,82,77,69,78,58,61
Lorenzo Venuti,RB,29,71,61,75,67,71,53,67
Calvin Verdonk,LB,27,71,83,71,67,74,67,66
Gastón Verón,ST,23,71,70,62,70,74,71,70
Arno Verschueren,CAM,27,71,84,80,73,69,69,72
Birger Verstraete,CM,30,71,55,79,73,70,58,70
Carlos Vicente,RM,25,71,80,74,67,82,57,66
Paulinho,LB,29,71,83,80,68,84,64,66
Emanuel Vignato,CAM,24,71,62,66,73,72,41,67
Mikel Villanueva,CB,31,71,53,72,68,54,86,70
Gonzalo Villar,CM,26,71,59,64,75,51,67,71
Mattia Viti,CB,22,71,68,57,67,63,70,68
Mërgim Vojvoda,LM,29,71,68,68,74,67,68,74
Nazar Voloshyn,LM,21,71,81,61,67,84,46,68
Andrés Vombergar,ST,29,71,75,69,64,65,84,69
Bart Vriends,CB,33,71,62,80,65,38,85,65
Patrik Wålemark,RW,22,71,70,74,68,77,64,63
Rémi Walter,CM,29,71,66,81,74,59,66,68
Shon Weissman,ST,28,71,72,73,67,68,76,72
Brian White,ST,28,71,75,75,59,75,75,71
Christian Witzig,CM,23,71,68,81,75,69,66,64
Hannes Wolf,RM,25,71,74,68,69,80,66,67
Paweł Wszołek,RM,32,71,77,81,69,81,61,65
Mert Hakan Yandaş,CM,30,71,70,83,74,75,66,69
Kelvin Yeboah,ST,24,71,85,74,60,91,70,74
DeAndre Yedlin,RB,31,71,85,87,63,85,66,67
Darlin Yongwa,LB,23,71,88,78,67,81,71,66
Élie Youan,LM,25,71,85,69,64,88,63,69
Amin Younes,CAM,31,71,65,63,71,74,52,67
Alessio Zerbin,LW,25,71,71,68,72,67,67,64
Philipp Ziereis,CB,31,71,64,79,66,55,81,69
Ondřej Zmrzlý,LB,25,71,71,72,70,73,70,67
Bruno Zuculini,CDM,31,71,66,72,73,67,80,67
A Lan,ST,35,70,78,79,62,82,75,65
Ramón Ábila,ST,34,70,55,54,65,59,92,65
Joe Abrigo,CAM,29,70,76,41,72,79,46,64
Junior Adamu,ST,23,70,78,66,59,80,74,66
Davide Adorni,CB,32,70,76,76,65,71,67,68
Juan Felipe Aguirre,CB,28,70,64,61,59,53,80,60
Ahn Hyun Beom,RB,29,70,90,91,62,90,73,69
Ahn Young Kyu,CB,34,70,64,68,54,58,82,63
Anouar Ait El Hadj,CAM,22,70,66,70,73,78,57,61
Semi Ajayi,CB,30,70,76,79,57,61,83,66
Sami Al Khaibari,CB,34,70,54,84,58,48,85,66
Iván Alejo,RM,29,70,78,51,68,83,69,63
Algobia,CM,25,70,53,65,74,53,59,62
Mukhtar Ali,CDM,26,70,66,82,74,64,63,69
Denis Alibec,ST,33,70,68,68,71,71,80,66
Ezgjan Alioski,LB,32,70,72,71,70,74,66,66
Nabil Alioui,LW,25,70,70,62,67,68,56,64
Ignacio Aliseda,LM,24,70,83,72,65,89,52,64
Alkain,RM,27,70,75,64,62,84,60,62
Bruno Costa,CM,27,70,63,63,73,69,57,67
Miguel Lopes,CB,37,70,64,64,68,66,72,67
Giorgio Altare,CB,26,70,64,66,55,48,84,58
Jaime Alvarado,CDM,25,70,63,76,72,66,83,69
Agustín Álvarez,ST,23,70,67,73,69,74,74,68
Viti Rozada,RM,26,70,91,85,64,87,56,70
Pedro Henrique,ST,27,70,57,61,58,59,78,68
Kikas,ST,25,70,75,73,60,76,66,68
Lisandro Alzugaray,RM,34,70,70,67,69,68,50,71
Jair Amador,CB,35,70,68,78,64,60,90,59
Jordan Amavi,LB,30,70,67,58,70,66,70,67
Thierry Ambrose,ST,27,70,81,56,63,80,74,62
Aurèle Amenda,CB,21,70,72,70,67,71,90,66
José Amo,CB,26,70,53,74,66,66,78,67
Lucas Andersen,CAM,30,70,76,70,70,71,61,70
Joel Andersson,RB,27,70,83,87,68,82,65,63
Oleksandr Andrievskyi,CDM,30,70,67,71,73,65,73,69
Fabrizio Angileri,LB,30,70,77,79,66,76,80,66
Giorgi Arabidze,RW,26,70,79,63,65,81,32,67
Oliver Arblaster,CM,20,70,64,68,72,67,69,70
Carlos Arboleda,LM,33,70,78,65,71,77,70,52
Adu Ares,LM,22,70,83,55,69,88,65,62
Jorge Arias,CB,31,70,80,82,63,70,78,73
José Arnáiz,LM,29,70,76,79,62,85,68,65
Paul Arriola,RM,29,70,77,86,66,79,66,66
Dixon Arroyo,CDM,32,70,61,65,68,56,70,67
Zoran Arsenić,CB,30,70,68,77,68,70,81,70
Majeed Ashimeru,CM,26,70,70,68,75,73,63,64
Simon Asta,RM,23,70,80,92,75,83,69,65
Atienza,CM,25,70,56,73,71,55,74,70
Jonas Auer,LB,24,70,77,81,61,78,68,63
Mathias Autret,LM,33,70,61,55,74,60,62,69
Donis Avdijaj,CAM,28,70,85,77,67,81,65,65
Gastón Ávila,CB,22,70,72,68,66,67,73,65
Tomás Avilés,CB,20,70,61,62,64,58,70,63
Chidozie Awaziem,CB,27,70,73,72,64,70,77,70
Irakli Azarov,LB,22,70,74,71,71,77,52,66
Juninho Bacuna,CDM,27,70,71,75,70,76,74,67
Michael Baidoo,CAM,25,70,81,61,69,82,64,67
Lewis Baker,CM,29,70,65,76,72,65,69,70
George Baldock,RB,31,70,67,79,67,74,67,66
Jure Balkovec,CB,30,70,66,70,69,68,75,66
Thierno Ballo,LW,22,70,84,75,67,88,31,62
Fodé Ballo-Touré,LB,27,70,77,34,72,86,70,71
Abdoulaye Bamba,CB,34,70,63,67,67,68,67,69
Nicușor Bancu,LB,31,70,81,90,68,81,70,67
Filippo Bandinelli,CM,29,70,67,76,70,70,68,67
Rayyan Baniya,CB,25,70,66,69,60,63,82,70
Lucas Barcelos,LW,26,70,76,79,56,76,74,73
Roony Bardghji,RW,18,70,74,64,64,77,49,67
Tai Baribo,ST,26,70,72,73,60,72,71,68
Daniel Barlaser,CDM,27,70,53,74,72,54,73,69
Cristian Barrios,LM,26,70,79,61,65,83,42,64
Cole Bassett,CAM,23,70,65,73,72,71,63,64
Samuel Bastien,CM,27,70,69,81,73,75,64,70
David Bates,CB,27,70,54,68,64,41,82,58
Emin Bayram,CB,21,70,63,74,71,62,66,62
Adrian Beck,CM,27,70,52,78,73,65,69,68
Alejandro Bedoya,CM,37,70,60,70,75,57,66,76
Jobe Bellingham,CM,18,70,70,74,71,63,63,68
Jeanuël Belocian,CB,19,70,70,59,71,65,72,66
Luis Benítes,LM,28,70,80,69,60,81,45,55
Jorge Benítez,ST,32,70,68,71,59,69,77,70
Yassine Benrahou,CAM,25,70,68,63,74,72,56,64
Rubén Bentancourt,ST,31,70,74,74,55,77,69,59
Berrocal,CB,24,70,62,76,66,55,77,68
Giulian Biancone,CB,24,70,68,61,67,59,78,66
Jake Bidwell,LB,31,70,68,80,66,65,74,67
Brian Blasi,CB,28,70,70,78,65,65,75,71
Lewin Blum,RB,23,70,73,74,66,75,65,64
Éric Bocat,LB,25,70,79,76,69,76,64,68
Herbert Bockhorn,RB,29,70,84,83,67,76,65,58
Mateusz Bogusz,ST,23,70,70,70,70,72,68,66
Emil Bohinen,CM,25,70,56,69,74,62,65,67
Kevin Bonifazi,CB,28,70,33,32,64,37,70,68
Taylor Booth,RM,23,70,78,76,68,77,50,65
Robin Bormuth,CB,28,70,70,71,56,65,83,65
Erik Botheim,ST,24,70,71,73,66,70,78,71
Endre Botka,RB,30,70,68,62,64,74,72,65
Mohamed Bouldini,ST,28,70,80,77,57,75,84,64
Hugo Boumous,CAM,29,70,79,67,69,76,69,67
Bilal Boutobba,RM,26,70,73,61,73,77,34,53
Tom Bradshaw,ST,32,70,78,80,65,76,70,73
Billal Brahimi,RW,24,70,76,56,70,75,70,60
Simone Branca,CM,32,70,67,83,72,75,72,66
Cameron Brannagan,CDM,28,70,64,90,72,63,64,69
Claudio Bravo,LB,27,70,74,81,62,73,63,62
James Bree,RB,26,70,67,72,68,70,68,66
David Brekalo,CB,25,70,73,83,64,74,85,65
Abel Bretones,LB,24,70,77,81,65,73,75,65
Norberto Briasco,ST,28,70,79,68,68,77,75,72
Callum Brittain,RB,26,70,81,75,65,78,69,67
Dylan Bronn,CB,29,70,58,72,65,62,77,68
Archie Brown,LM,22,70,89,78,68,75,80,67
Brugui,RM,27,70,86,75,64,90,64,68
Joe Bryan,LB,30,70,71,70,69,74,71,62
Lee Buchanan,LB,23,70,77,73,64,71,61,65
Reece Burke,CB,28,70,67,69,65,54,75,71
Harrison Burrows,LB,22,70,76,84,68,79,58,68
Maxime Busi,RB,24,70,69,67,70,69,65,68
Erick Cabaco,CB,29,70,43,63,63,44,78,68
Ben Cabango,CB,24,70,66,68,64,57,81,69
Mattia Caldara,CB,30,70,34,56,67,36,71,70
Leonardo Campana,ST,24,70,65,71,53,65,70,70
Luigi Canotto,RW,30,70,73,62,71,75,45,66
Mateo Carabajal,CB,27,70,72,81,73,69,73,71
Iza Carcelén,RB,31,70,74,88,68,75,56,60
Jofre,RM,23,70,82,65,67,83,59,66
Hayden Carter,CB,24,70,75,77,66,67,80,65
Martim Neto,CM,21,70,75,75,72,77,58,69
Santiago Cáseres,CDM,27,70,43,70,75,52,80,69
Michele Castagnetti,CDM,34,70,36,78,69,58,76,67
Lucas Castro,CM,35,70,51,51,74,61,67,73
Jens Castrop,CM,21,70,79,79,73,84,57,71
Pietro Ceccaroni,CB,28,70,70,69,68,59,74,67
Nathaniel Chalobah,CDM,29,70,53,62,70,54,76,67
Štěpán Chaloupek,CB,21,70,75,65,64,66,81,66
Dylan Chambost,CM,27,70,55,74,74,67,68,68
Pep Chavarría,LB,26,70,84,86,66,79,73,68
Mathieu Choinière,CM,25,70,55,88,73,70,54,66
Gojko Cimirot,CDM,31,70,54,78,73,61,70,69
Léo Cittadini,CDM,30,70,65,68,75,67,60,72
Leighton Clarkson,CM,22,70,62,70,73,71,48,69
Maxime Colin,RB,32,70,70,81,65,69,71,67
Álex Collado,RM,25,70,55,56,74,58,60,70
Jamilu Collins,LB,30,70,76,71,66,79,70,64
Cristian Colmán,ST,30,70,79,56,58,65,80,70
Andrea Compagno,ST,28,70,67,76,63,53,84,70
Jairo Concha,CM,25,70,70,75,70,70,65,72
Leo Cordeiro,CM,28,70,73,79,75,75,73,67
Óscar Cortés,LM,20,70,79,59,70,77,51,69
Aldo Corzo,CB,35,70,66,69,67,68,70,67
Pedro Álvaro,CB,24,70,64,71,59,63,78,68
Luís Silva,CM,31,70,53,76,75,60,70,61
Matteo Cotali,LB,27,70,71,81,68,77,61,70
Tanguy Coulibaly,LM,23,70,77,63,65,81,60,50
Lewie Coyle,RB,28,70,70,79,64,74,70,67
Matt Crooks,CAM,30,70,67,85,72,62,82,72
Michaël Cuisance,CM,25,70,57,72,73,77,64,68
Rui Pedro,ST,26,70,74,72,68,70,70,68
Damian Dąbrowski,CDM,32,70,66,88,67,75,80,68
Mats Møller Dæhli,CAM,29,70,49,90,73,79,56,69
Kryštof Daněk,RW,21,70,68,58,71,71,60,69
Bradley Danger,CB,26,70,74,81,68,76,75,67
Pál Dárdai,CAM,25,70,65,74,70,76,46,64
Lukas Daschner,ST,25,70,68,68,73,77,66,69
De La Fuente,CB,25,70,57,65,65,60,71,67
Hernán De La Fuente,RB,27,70,87,78,65,82,73,65
Marcos André,ST,27,70,71,63,66,74,78,58
Madson,RM,25,70,78,79,69,76,51,65
Del Moral,CM,24,70,62,77,70,59,62,66
Fisayo Dele-Bashiru,CAM,23,70,81,81,69,71,81,62
Karamoko Dembélé,RW,21,70,81,64,67,86,33,65
Davide Diaw,ST,32,70,84,71,60,83,79,67
Juan Cruz,LM,24,70,77,44,67,79,42,53
Lorenzo Dickmann,RB,27,70,69,81,64,70,56,64
Daryl Dike,ST,24,70,70,62,62,59,95,67
Franculino,ST,20,70,80,66,67,74,75,67
George Dobson,CDM,26,70,53,84,68,56,72,68
Carlos Domínguez,CB,23,70,69,53,69,63,62,68
Doo Hyun Seok,RB,28,70,83,88,58,81,61,71
Bruno Nazario,ST,29,70,81,68,73,72,58,73
Daniel Penha,CAM,25,70,69,70,71,71,57,56
Cody Drameh,RB,22,70,80,74,65,79,68,65
Couhaib Driouech,LW,22,70,94,86,60,91,61,68
Jeremy Dudziak,LB,29,70,63,72,72,78,58,68
Milan Đurić,ST,34,70,32,59,67,32,92,74
Serdar Dursun,ST,32,70,58,72,68,53,74,71
Dennis Eckert Ayensa,ST,27,70,77,62,60,71,73,63
George Edmundson,CB,27,70,69,72,62,68,89,65
Samuel Edozie,LW,21,70,81,66,67,82,50,66
Victor Edvardsen,ST,28,70,82,74,65,76,83,64
Johannes Eggestein,ST,26,70,56,67,71,70,68,69
Kingsley Ehizibue,RM,29,70,89,73,66,87,76,67
Albin Ekdal,CDM,35,70,34,62,73,40,70,63
Caleb Ekuban,ST,30,70,82,81,65,79,83,64
Oussama El Azzouzi,CDM,23,70,55,66,73,55,66,66
Oualid El Hajjam,RB,33,70,69,76,69,67,70,67
Farid El Melali,LM,27,70,68,49,68,74,38,68
Omar Elabdellaoui,RB,32,70,74,75,67,77,69,70
Elgezabal,CB,31,70,50,73,69,54,76,65
Juan Elordi,LB,30,70,64,57,73,60,60,54
Lukas Engel,LB,25,70,83,80,66,80,65,63
Yannik Engelhardt,CDM,23,70,63,84,72,68,70,68
Ramiro Enrique,ST,23,70,80,83,68,83,60,68
Yusuf Erdoğan,RM,32,70,82,74,66,80,58,66
Caner Erkin,LB,35,70,62,62,74,64,61,70
Patrick Erras,CB,29,70,34,67,73,32,87,66
Matías Espinoza,LB,27,70,76,80,63,75,69,69
Michael Estrada,ST,28,70,76,54,68,75,80,62
Nené,CM,29,70,65,83,69,60,79,75
Alieu Fadera,LM,22,70,82,72,64,83,69,64
Diego Fagundez,LM,29,70,73,68,69,75,59,66
José Fajardo,ST,31,70,68,65,66,66,72,62
Maximiliano Falcón,CB,27,70,77,89,43,73,85,70
Fei Nanduo,RM,31,70,80,63,68,80,63,69
Thiago Fernández,LM,20,70,78,66,68,82,53,65
Sebastián Ferreira,ST,26,70,70,69,64,72,62,72
Juninho,CB,29,70,75,73,67,73,86,66
Héctor Fertoli,LM,29,70,80,69,66,80,59,62
Bård Finne,ST,29,70,74,79,66,80,60,69
Will Fish,CB,21,70,65,75,65,61,80,66
Mamadou Fofana,CB,26,70,61,82,66,68,76,66
Lamine Fomba,CDM,26,70,69,84,68,64,80,67
Carlos Forbs,LW,20,70,88,65,66,92,45,68
Marcus Forss,ST,25,70,73,65,59,75,70,70
Marlon Fossey,RM,26,70,84,79,67,87,68,67
Bartol Franjić,CDM,24,70,63,77,64,76,75,69
Michael Frey,ST,30,70,60,77,65,53,91,70
Jay Fulton,CDM,30,70,60,69,70,60,74,66
Nahuel Furtado,RB,26,70,75,77,50,75,52,60
Samuel Galindo,CM,32,70,75,69,74,73,64,65
Enric Gallego,ST,38,70,54,62,70,54,85,72
Jonathan Galván,CB,32,70,59,83,66,56,81,72
Lucas Gamba,ST,37,70,69,67,70,85,75,68
Cristian Gamboa,RB,34,70,76,70,65,78,65,67
Fran Gámez,RB,33,70,80,84,61,77,71,66
Damián García,CDM,21,70,55,70,69,67,70,69
Diego García,ST,24,70,74,59,62,76,63,66
Imanol,LB,24,70,67,74,70,66,41,63
Nicolas Gavory,LB,29,70,58,74,69,69,67,69
Denis Genreau,CM,25,70,55,77,74,66,63,72
Pieter Gerkens,CM,29,70,47,82,70,59,56,75
Willem Geubbels,ST,23,70,81,73,66,77,70,67
Lautaro Giaccone,RM,23,70,67,54,71,74,43,66
Leonardo Gil,CM,33,70,58,72,72,61,69,65
Gastón Giménez,CDM,33,70,63,78,66,59,83,66
Josh Ginnelly,ST,27,70,90,79,63,92,59,64
Daniel Giraldo,CDM,32,70,74,79,72,71,80,58
Federico Girotti,ST,25,70,59,66,62,64,83,67
Klaus Gjasula,CB,34,70,34,68,64,34,86,67
Erik Godoy,CB,31,70,60,68,66,55,81,67
Aníbal Godoy,CDM,34,70,43,74,78,43,73,65
Andrés Gómez,RM,21,70,78,65,64,79,59,72
Josué Sá,CB,32,70,53,74,64,52,77,70
Zeca,CDM,36,70,66,57,73,63,57,70
Lucas González,CM,24,70,72,71,75,78,71,70
Oumar Gonzalez,CB,26,70,46,69,59,54,85,68
Anto Grgić,CDM,27,70,60,79,75,63,76,69
Guerrero,LM,26,70,74,82,67,73,69,66
Makhtar Gueye,ST,26,70,71,75,59,53,91,66
Jérémy Guillemenot,ST,26,70,80,73,68,77,66,67
Fredrik Gulbrandsen,ST,32,70,86,83,65,82,76,66
Semih Güler,CB,29,70,73,74,59,70,80,63
Jostein Gundersen,CB,28,70,56,71,66,54,80,70
Simon Gustafson,CDM,29,70,64,80,75,56,79,72
Kevin Gutiérrez,CDM,27,70,74,81,77,80,65,65
Cristian Gutiérrez,LB,23,70,75,49,70,80,57,69
Christian Gytkjær,ST,34,70,50,39,62,51,78,73
Dennis Hadžikadunić,CB,26,70,67,70,67,58,77,68
Geoffry Hairemans,RW,32,70,37,77,80,46,64,71
Han Kook Young,CDM,34,70,59,84,68,57,74,61
Ridgeciano Haps,LM,31,70,83,78,68,78,61,64
Ryan Hardie,ST,27,70,88,73,57,81,70,66
Daiki Hashioka,RB,25,70,74,89,67,66,74,70
Haissem Hassan,RM,22,70,85,61,60,92,59,60
Gabriel Hauche,RW,37,70,67,58,71,71,70,69
Kristoffer Haugen,LB,30,70,79,84,66,79,74,65
Ryan Hedges,RM,29,70,80,75,68,77,58,60
Simon Hedlund,RW,31,70,89,81,66,87,61,71
Liam Henderson,CM,28,70,76,85,72,67,75,72
Markus Henriksen,CM,32,70,54,82,71,53,81,75
Lucas Áfrico,CB,29,70,53,60,63,42,80,64
Diego Herazo,ST,28,70,70,72,63,75,75,59
Leonardo Heredia,ST,28,70,61,71,66,69,75,69
Onel Hernández,LM,31,70,83,66,64,85,75,64
Lucas Hernández,LB,32,70,57,56,71,53,72,70
Andrew Hjulsager,CAM,29,70,62,63,70,69,67,66
Mees Hoedemakers,CDM,26,70,45,83,72,67,73,66
André Hoffmann,CB,31,70,34,55,65,49,82,68
Duane Holmes,CAM,29,70,73,80,69,80,46,68
Carlo Holse,RM,25,70,77,82,68,80,62,65
Mathias Honsak,LM,27,70,81,67,65,88,71,58
Michael Hoyos,ST,33,70,79,73,71,77,72,71
Jakub Hromada,CDM,28,70,69,76,69,69,72,66
Valber Huerta,CB,31,70,50,74,54,34,86,65
Andrew Hughes,CB,32,70,63,81,65,56,78,68
Denis Huseinbašić,CM,23,70,70,76,74,67,67,70
Shaun Hutchinson,CB,33,70,47,65,50,38,81,68
Dominic Hyam,CB,28,70,54,74,65,52,79,69
Pablo Ibáñez,CM,25,70,57,72,74,56,50,70
George Ilenikhena,ST,18,70,82,62,66,80,72,60
Emanuel Insua,LB,33,70,77,75,59,73,71,66
Insua,CB,31,70,47,50,66,43,81,63
Robin Jansson,CB,32,70,48,67,68,48,82,52
Adis Jasic,RB,21,70,79,89,64,79,68,64
Danley Jean Jacques,CDM,24,70,69,76,72,68,73,65
Jeong Jae Hee,RM,30,70,89,79,56,90,67,67
Reinier,CAM,22,70,65,61,72,70,64,68
Ísak Bergmann Jóhannesson,CM,21,70,65,87,74,72,63,69
Marco John,LB,22,70,78,64,72,68,53,67
Sebastian Jung,RB,34,70,65,69,68,66,67,64
Lago Júnior,LM,33,70,85,74,63,85,74,61
José Ángel,CDM,32,70,62,86,68,57,73,67
Stanko Jurić,CDM,28,70,64,82,68,64,86,63
Mohamed Kaba,CDM,22,70,65,78,70,57,78,69
Vladyslav Kabaev,LM,29,70,77,67,70,76,41,70
Brian Kaltak,CB,30,70,88,82,60,78,89,60
Lindrit Kamberi,CB,24,70,70,72,69,70,74,69
Marcin Kamiński,CB,32,70,53,70,71,50,78,64
Takuro Kaneko,RW,27,70,73,70,64,88,61,70
Evans Kangwa,LM,31,70,91,68,63,91,65,66
Jesper Karlström,CDM,29,70,63,90,66,71,83,66
Pajtim Kasami,CM,32,70,64,80,72,60,95,70
Mikkel Kaufmann,ST,23,70,80,66,63,79,77,68
Will Keane,ST,31,70,65,86,68,58,75,68
Kim Hyeon Ug,RW,29,70,78,87,64,80,47,72
Stephen Kingsley,CB,30,70,57,75,70,54,73,69
Liam Kitching,CB,24,70,71,71,69,63,83,63
Kai Klefisch,CDM,24,70,61,79,70,65,78,67
László Kleinheisler,CAM,30,70,71,79,71,77,71,70
Jason Knight,CM,23,70,69,90,70,70,63,69
Viktor Kovalenko,CM,28,70,63,78,72,70,70,67
Joris Kramer,CB,28,70,73,67,59,53,75,58
Ermal Krasniqi,LW,26,70,81,74,65,82,61,66
Thomas Thiesson Kristensen,CB,22,70,65,65,65,64,79,65
Yuya Kubo,CM,30,70,70,76,72,71,60,69
Fredy,CM,34,70,81,79,71,80,51,68
Jasmin Kurtić,CDM,35,70,40,51,73,50,75,62
Dereck Kutesa,LM,26,70,91,70,67,87,72,60
Ethan Laird,RB,23,70,84,66,68,85,71,69
Larrazabal,RM,26,70,80,81,67,79,78,73
Johan Larsson,RB,34,70,80,85,68,80,72,68
Kevin Lasagna,ST,32,70,79,72,66,81,71,70
Joel Latibeaudiere,CB,24,70,66,75,68,66,74,68
Josh Laurent,CDM,29,70,78,90,64,75,84,66
Rasmus Lauritsen,CB,28,70,55,71,62,55,78,68
Lazo,LM,28,70,75,58,72,76,58,65
Julien Le Cardinal,CB,27,70,67,76,68,65,75,72
Antoine Leautey,RM,28,70,90,73,64,91,46,63
Lee Gyu Seong,CDM,30,70,69,87,69,69,74,66
Lee Soon Min,CM,30,70,66,91,71,71,76,68
Álvaro Lemos,RB,31,70,79,91,63,85,74,65
Brayan León,ST,23,70,78,75,58,83,58,75
Bruno Leyes,CDM,22,70,73,83,70,73,72,65
Gastón Lezcano,ST,37,70,69,57,65,70,67,63
Lim Chai Min,CB,33,70,71,74,62,68,85,63
Pablo Lima,CDM,34,70,55,80,78,66,74,70
Luquinhas,CAM,27,70,78,75,70,81,56,68
Leandro Andrade,RW,24,70,74,65,60,77,58,68
Marcos Lliuya,CAM,32,70,78,60,64,78,68,62
Stjepan Lončar,CDM,27,70,57,74,71,55,72,73
Daniel Londoño,LB,29,70,73,82,68,66,76,65
Kevin Long,CB,34,70,47,44,59,50,80,66
Aaron Long,CB,31,70,78,80,64,77,80,65
Santiago Longo,CDM,26,70,56,73,70,51,74,67
Pedro Pereira,RM,26,70,74,76,72,69,57,70
Julián López,CDM,24,70,69,75,73,72,65,64
Lisandro López,ST,41,70,52,53,74,53,64,67
Javi López,LB,22,70,79,75,65,74,67,65
Jamal Lowe,ST,30,70,86,67,63,82,73,66
Leandro Lozano,RB,25,70,75,74,63,82,67,66
Pol Lozano,CDM,24,70,71,82,68,72,63,68
Zinédine Machach,CAM,28,70,70,83,70,74,78,60
Yohann Magnin,CDM,27,70,66,82,72,63,61,69
Adam Maher,CDM,31,70,61,67,73,62,55,63
Seiya Maikuma,RB,26,70,71,80,67,77,63,67
Jordy Makengo,LB,23,70,85,67,66,79,77,67
Cephas Malele,ST,30,70,84,83,57,85,87,63
Darian Males,CAM,23,70,79,73,70,77,73,64
Dominik Marczuk,RM,20,70,71,80,67,70,53,65
Matías Marín,CAM,24,70,67,63,72,67,31,63
Alejandro Marqués,ST,24,70,69,61,66,68,70,62
Agustín Martegani,CM,24,70,74,77,74,72,61,60
Andrés Martín,RM,25,70,81,68,69,78,67,67
Cris Martínez,LW,31,70,82,85,64,83,73,67
Alejandro Martínez,LW,27,70,83,74,64,84,57,65
Braian Martínez,LM,25,70,82,64,62,83,76,62
Javi Martínez,CM,24,70,67,80,76,63,70,69
Ángelo Martino,LB,26,70,76,72,68,75,57,66
Pedro Santos,LB,36,70,68,72,71,70,58,70
Andrea Masiello,CB,38,70,36,54,66,35,72,65
Ephron Mason-Clark,LM,25,70,84,70,67,83,74,67
Facundo Mater,RB,26,70,75,82,65,77,63,65
Marc Mateu,LB,34,70,64,75,75,66,71,68
Ifeanyi Mathew,CM,27,70,80,90,71,77,71,69
Chrislain Matsima,CB,22,70,82,46,64,62,81,68
Alfie May,ST,31,70,84,90,65,85,63,70
James McAtee,RW,21,70,69,69,71,72,62,68
Ali McCann,CM,24,70,68,86,71,63,64,71
Ross McCrorie,RB,26,70,81,89,68,74,81,65
Jamie McGrath,RM,27,70,68,78,69,75,63,69
Mark McGuinness,CB,23,70,54,69,63,53,87,63
Luke McNally,CB,24,70,45,72,67,53,81,68
Danny McNamara,RB,25,70,78,78,66,79,65,68
Jakov Medić,CB,26,70,69,73,66,62,90,66
Jeison Medina,ST,29,70,74,54,66,78,62,65
Dario Melnjak,LB,31,70,69,74,67,68,61,67
Juan Ignacio Méndez,CM,27,70,68,70,72,66,65,71
Nathaniel Méndez-Laing,ST,32,70,87,75,68,86,76,68
Gideon Mensah,LB,26,70,75,75,67,77,58,67
John Mercado,LW,22,70,86,69,64,87,57,50
Merquelanz,LW,29,70,63,62,74,55,64,68
Karol Mets,CB,31,70,78,74,62,54,84,62
Eric Meza,RB,25,70,83,72,70,83,70,68
Florian Miguel,LB,28,70,69,75,64,72,74,70
Enea Mihaj,CB,26,70,63,67,65,59,74,60
Pedro Milans,RB,22,70,67,72,67,69,65,63
Lucas Mincarelli,LB,20,70,68,64,68,73,52,69
Alan Minda,RM,21,70,85,58,68,82,50,63
Ignasi Miquel,CB,31,70,54,63,68,55,77,69
Ignacio Miramón,CDM,21,70,69,79,68,63,72,65
Gerasimos Mitoglou,CB,24,70,67,80,65,58,83,67
Koji Miyoshi,RM,27,70,70,56,71,81,43,66
Brede Mathias Moe,CB,32,70,59,75,66,60,83,69
Sadegh Moharrami,RB,28,70,81,77,62,85,47,62
Jayson Molumby,CDM,25,70,60,74,74,63,57,70
Gabriele Moncini,ST,28,70,78,74,66,82,68,67
Thomas Monconduit,CDM,33,70,53,72,67,41,76,67
Elliott Moore,CB,27,70,33,80,65,34,92,67
Giotto Morandi,CAM,25,70,77,69,71,78,66,66
Weverson,LB,24,70,81,75,70,81,56,63
Jorge Morel,CB,26,70,67,80,69,67,79,68
Didier Moreno,CDM,32,70,68,85,68,68,78,71
Stefano Moreo,ST,31,70,83,80,68,69,84,70
Yerson Mosquera,CB,23,70,80,68,61,76,75,68
Daniel Mosquera,ST,24,70,74,65,61,64,86,64
Santiago Mouriño,CB,22,70,71,71,61,66,80,67
Karlo Muhar,CDM,28,70,67,91,65,65,90,66
Samuele Mulattieri,ST,23,70,71,69,66,72,70,66
Abdul Mumin,CB,26,70,78,70,68,76,76,65
Derry John Murkin,LB,25,70,88,77,66,86,74,65
Damián Musto,CDM,37,70,45,68,67,33,81,65
Yahia Nader,CDM,26,70,57,84,69,61,75,65
Ádám Nagy,CM,29,70,65,81,75,69,55,71
Rúben Vinagre,LB,25,70,82,57,72,82,55,72
Maik Nawrocki,CB,23,70,75,56,67,74,74,67
Abdoulaye Ndiaye,CB,22,70,69,61,63,58,76,68
Andreas Ndoj,CB,21,70,65,68,65,63,76,61
Dieumerci Ndongala,RM,33,70,80,65,64,82,31,68
Sean Nealis,CB,27,70,72,84,52,60,87,67
Ionuț Nedelcearu,CB,28,70,75,75,67,67,83,68
Franco Negri,LB,29,70,77,72,70,78,66,63
Kiki,LB,29,70,84,73,64,83,68,67
Curtis Nelson,CB,31,70,65,77,60,65,88,67
Joe Newell,CM,31,70,54,81,72,51,76,65
Florian Niederlechner,ST,33,70,60,80,68,68,78,72
Håvard Nielsen,ST,31,70,69,76,72,60,76,71
Juan Nieto,CM,31,70,68,76,74,65,77,62
Dimitrios Nikolaou,CB,26,70,35,66,56,38,85,67
Fer Niño,ST,23,70,69,73,66,65,79,69
Dan Nistor,CAM,36,70,65,84,74,61,60,67
Mathias Normann,CDM,28,70,69,73,72,71,76,67
Rúben Vezo,CB,30,70,69,70,68,67,74,66
Christoffer Nyman,ST,31,70,78,81,65,79,81,69
Callum O'Dowda,LM,29,70,82,72,66,82,67,67
Aiden O'Neill,CDM,26,70,78,82,71,74,77,68
Luke O'Nien,CB,29,70,70,91,65,75,75,67
Cas Odenthal,CB,23,70,68,67,63,53,79,68
Braian Ojeda,CDM,24,70,63,77,71,72,61,65
Lucas Rosa,RB,24,70,71,80,65,75,57,64
Ohi Omoijuanfo,ST,30,70,76,74,64,76,77,69
Ado Onaiwu,ST,28,70,77,63,65,81,72,68
German Onugkha,ST,28,70,68,66,64,65,90,67
Christian Ordoñez,CDM,20,70,85,93,71,80,63,65
Nicolás Orsini,ST,30,70,80,61,59,65,84,67
Kevin Ortiz,CDM,23,70,70,76,70,67,71,65
José Ortíz,CB,25,70,72,66,59,71,79,69
Ben Osborn,LB,30,70,69,84,70,69,56,68
Milutin Osmajić,ST,25,70,77,67,59,79,83,68
Amine Oudrhiri,CM,31,70,70,77,73,67,67,69
Deabeas Owusu-Sekyere,LM,24,70,83,78,58,89,67,67
Cenk Özkacar,CB,23,70,60,68,65,61,79,66
Sergi Palencia,RB,28,70,78,79,68,78,67,65
Kasey Palmer,CAM,27,70,63,54,72,66,78,65
Victor Pálsson,CB,33,70,74,78,70,65,74,68
Park Ji Soo,CB,30,70,73,72,65,65,78,58
Park Yong Woo,CDM,31,70,53,81,71,64,82,64
Leonardo Pavoletti,ST,35,70,60,35,66,36,79,63
Ben Pearson,CDM,29,70,51,74,68,64,72,65
Alisson Safira,ST,29,70,66,72,62,67,65,72
Matías Pellegrini,LM,24,70,82,64,64,81,56,67
Felipe Peña Biafore,CDM,23,70,69,72,70,68,72,69
Luis Perea,CDM,27,70,53,79,73,48,82,67
Rodrigo Pinho,ST,33,70,55,68,65,65,67,67
Ronald,RM,23,70,88,73,63,85,46,72
Bruno Almeida,CAM,28,70,74,53,69,83,40,61
Antonio Pergreffi,CB,36,70,47,70,62,51,83,65
Léo Pétrot,LB,27,70,66,69,63,64,81,67
Patrick Pflücke,LM,27,70,76,79,69,80,40,65
Matt Phillips,LM,33,70,73,59,66,72,77,69
Benedikt Pichler,ST,27,70,79,75,65,72,80,61
Charles Pickel,CDM,27,70,62,92,70,64,80,69
Samuel Piette,CDM,29,70,64,82,71,52,76,64
Ezequiel Piovi,CDM,32,70,71,83,71,79,68,70
Iván Piris,RB,35,70,67,68,67,71,65,71
Robert Piris Da Motta,CDM,30,70,58,79,70,64,80,60
Bruno Pittón,LB,31,70,70,82,72,72,61,67
Mauro Pittón,CM,30,70,80,86,73,75,59,66
Felix Platte,ST,28,70,70,61,64,66,86,67
Vicente Poggi,CM,22,70,72,79,75,80,64,69
Matt Polster,CDM,31,70,52,88,74,39,78,64
Finn Porath,RM,27,70,79,79,73,79,58,68
Ryan Porteous,CB,25,70,74,74,65,60,81,62
Lucas Possignolo,CB,30,70,47,68,64,52,79,67
Álex Pozo,RB,25,70,71,72,70,76,40,67
Adonis Preciado,RM,27,70,87,58,64,92,47,69
Ivan Prtajin,ST,28,70,64,71,60,65,82,67
Pubill,RB,21,70,79,79,67,76,83,69
Tymoteusz Puchacz,LB,25,70,90,87,65,80,76,64
Arnau Puigmal,RM,23,70,62,65,75,72,41,68
Afimico Pululu,ST,25,70,92,75,65,91,72,60
Julián Quiñónes,CB,34,70,58,68,62,51,94,61
Leonel Quiñonez,LB,31,70,75,79,68,78,70,64
Aarón Quirós,CB,22,70,62,61,68,62,51,71
Miguel Nóbrega,CB,24,70,54,70,61,58,82,68
Yonatthan Rak,CB,31,70,65,64,65,68,73,60
Joe Ralls,CM,30,70,52,74,72,56,62,68
Ylber Ramadani,CDM,28,70,47,95,70,62,71,65
Jesús Ramírez,ST,26,70,81,82,61,77,68,71
Benito,LB,29,70,87,70,70,85,67,67
Aaron Ramsey,LM,21,70,70,68,70,76,59,62
Abderrahman Rebbach,LM,26,70,72,63,69,70,72,59
Bryan Reyna,LM,26,70,92,65,64,84,41,61
Williams Riveros,CB,31,70,58,71,66,57,83,65
Nuno Moreira,RM,25,70,74,62,70,72,48,73
Santiago Rodríguez,ST,27,70,72,58,65,73,68,60
Baltasar Rodríguez,CAM,21,70,71,57,73,78,36,64
Alan Rodríguez,LB,24,70,84,73,71,81,58,67
Diego Rodríguez,CDM,35,70,60,78,72,69,64,72
Puertas,RM,32,70,75,76,66,74,75,67
Taras Romanczuk,CDM,32,70,53,91,67,64,82,70
Santiago Romero,CDM,34,70,58,74,75,73,68,73
Keegan Rosenberry,RB,30,70,68,86,65,68,68,67
Loreintz Rosier,CDM,26,70,63,79,71,58,81,69
Pablo Ruiz,CDM,25,70,67,75,71,65,61,68
Ramiro Ruiz Rodríguez,ST,24,70,81,73,68,76,72,68
Marwane Saadane,CB,32,70,55,86,68,56,84,62
Cheikh Sabaly,LM,25,70,86,63,67,82,34,57
Kyriani Sabbe,RB,19,70,73,69,73,79,51,64
Stefano Sabelli,RB,31,70,72,86,63,68,58,70
Saborit,LB,32,70,70,74,70,67,77,63
Michal Sáček,RB,27,70,72,82,69,77,66,69
Marco Sala,LB,25,70,81,77,68,82,60,65
Ibrahim Salah,ST,23,70,77,65,66,68,71,69
Anton Salétros,CM,28,70,66,85,72,61,69,69
Tobias Salquist,CB,29,70,69,78,65,65,86,68
Braian Samudio,LM,28,70,78,81,68,77,69,69
Adrián Sánchez,CM,25,70,67,79,78,56,73,70
Salvi Sánchez,RM,33,70,86,64,66,84,33,66
Agustín Sández,LB,23,70,76,82,60,73,77,66
Hevertton,RB,23,70,79,73,69,79,71,63
Kevin,LW,21,70,78,61,65,79,51,66
Rúben Fernandes,CB,38,70,52,80,63,51,75,67
Carlos Ponck,CB,29,70,68,70,59,67,81,63
Aitor Sanz,CDM,40,70,41,72,65,59,74,70
Noah Joel Sarenren Bazee,RW,28,70,74,31,69,82,58,68
Elvis Sarić,CM,34,70,63,78,72,66,73,70
Zvonimir Šarlija,CB,28,70,61,65,65,54,78,65
George Saville,CM,31,70,59,85,70,62,66,72
Bruno Sávio,RW,30,70,72,66,68,72,68,73
Ron Schallenberg,CDM,25,70,58,81,68,62,68,70
Louis Schaub,CAM,29,70,56,72,72,64,65,67
Ignacio Schor,LM,24,70,75,74,72,74,62,65
Rasmus Schüller,CDM,33,70,40,79,68,48,68,69
Léo Scienza,LM,26,70,77,73,66,82,48,65
Stefano Scognamillo,CB,30,70,77,74,62,80,82,67
Paul Seguin,CM,29,70,63,84,72,64,69,72
Ken Sema,LW,30,70,77,67,70,75,71,65
Marvin Senaya,RB,23,70,70,72,63,70,63,68
Kaly Sène,ST,23,70,87,73,66,83,64,60
Leonardo Sequeira,ST,29,70,76,70,64,78,63,63
Francho Serrano,CM,22,70,72,85,73,67,65,64
Ilya Shkurin,ST,25,70,72,72,66,74,86,68
Giuseppe Sibilli,CAM,28,70,80,77,68,77,67,66
Jamil Siebert,CB,22,70,78,72,67,69,88,65
Kaj Sierhuis,ST,26,70,79,69,64,48,84,69
Francisco Sierralta,CB,27,70,52,52,66,51,84,68
Manu Silva,CB,23,70,57,67,69,62,81,70
Romário Baró,CM,24,70,70,69,72,73,60,72
Gabriel Silva,RM,22,70,75,66,62,78,60,66
Aral Şimşir,LM,22,70,74,70,67,79,61,64
Lassine Sinayoko,RM,24,70,77,63,67,71,78,69
Regan Slater,CM,25,70,67,84,72,74,60,69
Bartosz Slisz,CM,25,70,70,91,75,70,65,69
Rafa Soares,LB,29,70,74,74,68,75,61,64
Lucas Soares,RB,26,70,83,75,60,80,56,67
Eduard Sobol,LB,29,70,75,70,66,73,67,64
Markus Solbakken,CM,24,70,68,76,73,73,70,70
Oliver Sonne,RB,23,70,77,79,67,77,62,67
Jacob Sørensen,CDM,26,70,65,75,71,61,71,65
Luca Sosa,CB,30,70,68,68,66,71,80,63
Alexis Soto,LB,30,70,81,81,66,76,69,64
Arnaud Souquet,RB,32,70,64,74,68,66,65,69
Dario Špikić,RW,25,70,82,69,64,81,64,61
Jorne Spileers,CB,19,70,77,72,69,68,73,68
Marius Ștefănescu,RM,26,70,90,81,66,90,67,61
Petar Sučić,CM,20,70,69,84,72,70,66,70
Adrian Șut,CDM,25,70,70,81,67,71,78,70
Stratos Svarnas,CB,26,70,73,79,62,72,81,65
Oleksandr Svatok,CB,29,70,64,68,69,61,74,65
Daniel Svensson,CM,22,70,77,76,73,77,65,72
Williot Swedberg,CM,20,70,68,77,71,74,52,68
Ross Sykes,CB,25,70,39,72,60,35,85,66
Moussa Sylla,ST,24,70,83,73,65,85,67,70
Panagiotis Tachtsidis,CDM,33,70,47,73,70,45,85,62
Adam Taggart,ST,31,70,83,79,62,82,73,66
Benjamin Tahirović,CDM,21,70,54,76,75,53,72,66
Djaniny,ST,33,70,80,72,66,77,80,64
Loum Tchaouna,RW,21,70,79,63,66,71,61,65
Enzo Tchato,RB,21,70,86,65,62,78,59,66
Sergio Tejera,CDM,34,70,63,80,70,70,73,66
Renzo Tesuri,RM,28,70,87,73,69,85,33,68
Romain Thomas,CB,36,70,32,42,63,33,82,69
Brandon Thomas-Asante,ST,25,70,83,82,65,84,74,67
Tiago Orobó,ST,30,70,81,72,56,74,84,59
Muhamed Tijani,ST,24,70,74,68,62,69,86,68
Timor,CM,34,70,34,74,73,38,80,65
Anton Tinnerholm,RB,33,70,74,88,65,65,75,72
Fernando Tobio,CB,34,70,45,69,65,44,83,66
Umut Tohumcu,CAM,20,70,70,63,74,67,46,70
John Tolkin,LB,22,70,81,83,67,81,61,64
Santiago Toloza,CAM,21,70,66,56,70,65,46,68
Mirko Topić,CDM,23,70,64,65,72,66,78,67
Marlon Torres,CB,28,70,76,75,58,72,82,63
Ahmed Touba,CB,26,70,77,74,64,65,84,64
Lewis Travis,CDM,26,70,60,86,68,67,72,67
Enrique Triverio,ST,35,70,42,56,62,48,83,71
Alexis Trouillet,CM,23,70,61,68,74,66,61,71
Frank Tsadjout,ST,25,70,81,71,59,75,83,65
Keigo Tsunemoto,RB,25,70,75,81,65,78,48,64
Josh Tymon,LB,25,70,74,80,68,75,67,65
Iké Ugbo,ST,25,70,77,62,66,70,75,72
Gerard Valentín,RM,31,70,89,79,61,90,72,61
Manu Vallejo,ST,27,70,74,70,69,69,63,72
Rav van den Berg,CB,20,70,64,63,67,67,76,70
Kévin Van Den Kerkhof,RM,28,70,82,83,67,82,75,66
Ignace Van der Brempt,RB,22,70,73,75,67,80,74,67
Rick van Drongelen,CB,25,70,66,55,63,55,79,62
Will Vaulks,CDM,31,70,52,85,67,52,72,66
Luis Vázquez,ST,23,70,70,70,64,70,79,67
Jesús Vázquez,LB,21,70,73,65,71,70,60,70
Stefano Vecchia,LM,29,70,75,71,67,81,73,68
Stiven Vega,CDM,26,70,70,80,71,58,71,68
Daniele Verde,RW,28,70,72,62,66,77,33,63
Vincent Vermeij,ST,30,70,58,76,64,41,90,71
Ranko Veselinović,CB,25,70,74,77,67,56,79,68
Francesco Vicari,CB,30,70,31,31,72,35,81,68
Joel Pereira,RB,27,70,69,83,67,77,62,65
Alex Vigo,RB,25,70,82,81,64,89,65,63
Oliver Villadsen,RB,22,70,86,77,67,86,62,67
Carlos Villalba,CDM,26,70,62,80,70,64,73,70
Andreas Voglsammer,ST,32,70,76,72,67,72,81,68
Aleksandar Vukotić,CB,29,70,53,61,60,38,95,59
Güray Vural,LB,36,70,75,67,70,72,62,70
Zak Vyner,CB,27,70,69,73,66,66,75,66
Robert Wagner,CM,21,70,58,81,76,69,70,70
Sebastian Walukiewicz,CB,24,70,43,68,67,59,79,62
Andreas Weimann,CAM,33,70,68,85,67,73,65,72
Brice Wembangomo,RB,27,70,91,83,63,91,73,63
Joe Williams,CDM,27,70,54,64,72,58,62,65
Willum Þór Willumsson,CAM,25,70,60,90,75,52,84,63
Nicolas Wimmer,CB,29,70,46,76,55,52,84,68
Josh Windass,CAM,30,70,86,63,66,83,66,68
Lewis Wing,CM,29,70,57,84,70,60,66,68
David Møller Wolfe,LB,22,70,78,78,63,75,72,66
Won Du Jae,CDM,26,70,61,84,69,66,83,60
Güven Yalçın,ST,25,70,76,64,65,80,68,64
Gerard Yepes,CDM,22,70,60,68,76,66,36,68
Kenan Yıldız,LW,19,70,75,60,70,75,66,58
Yuri,ST,26,70,66,75,58,72,89,65
Mihael Žaper,CDM,26,70,68,74,74,64,73,68
Gabriele Zappa,RB,24,70,81,81,65,67,66,68
Oskar Zawada,ST,28,70,76,78,62,75,82,67
Deyovaisio Zeefuik,RB,26,70,84,74,62,76,76,65
Andi Zeqiri,ST,25,70,64,69,66,73,72,71
Nadir Zortea,RB,25,70,62,53,69,67,45,70
Abdellah Zoubir,LW,32,70,73,69,69,76,62,65
Alemão,ST,26,70,75,68,65,73,83,65
Paxten Aaronson,CAM,21,69,69,61,69,80,38,61
Afonso Freitas,LB,24,69,69,71,64,69,68,71
Jonás Acevedo,LM,27,69,72,68,69,73,58,67
Ebou Adams,CDM,28,69,68,86,65,75,75,66
Sam Adekugbe,LB,29,69,84,88,64,88,74,63
Albion Ademi,LM,25,69,83,71,62,81,57,63
Arijan Ademi,CM,33,69,64,68,71,59,77,70
Shawn Adewoye,CB,24,69,65,63,67,68,77,66
Saad Agouzoul,CB,27,69,46,47,63,42,77,68
Marc Aguado,CDM,24,69,65,67,71,65,60,68
Pablo Aguilar,CB,37,69,50,60,60,52,74,62
Martín,RB,28,69,59,69,66,67,61,69
Naouirou Ahamada,CM,22,69,67,64,73,74,58,70
Lucas Ahijado,RB,29,69,78,82,62,75,64,63
Youssef Aït Bennasser,CDM,28,69,69,61,75,61,68,65
Arlind Ajeti,CB,30,69,62,64,60,60,84,66
Samet Akaydın,CB,30,69,62,70,59,59,78,69
Babajide David Akintola,RM,28,69,90,79,59,89,63,62
Abdulelah Al Amri,CB,27,69,73,76,53,63,80,63
Yasser Al Shahrani,LB,32,69,69,71,70,83,57,66
Raúl Alcaina,ST,24,69,58,59,67,61,56,72
Faride Alidou,RM,23,69,79,59,63,87,66,55
Rasmus Alm,RM,29,69,83,73,66,84,60,60
Ricardo Santos,CB,29,69,65,84,56,70,95,65
Davo,LM,29,69,77,73,62,83,70,63
Skelly Alvero,CDM,22,69,62,67,70,54,92,66
Antony,LM,23,69,88,56,62,89,56,66
Stephan Ambrosius,CB,25,69,61,65,60,70,80,64
Emiliano Amor,CB,29,69,46,52,63,48,80,65
Magnus Kofod Andersen,CM,25,69,64,89,69,74,74,68
Juan Andrada,CDM,29,69,57,74,71,55,75,65
Stelios Andreou,CB,22,69,78,78,68,63,77,64
Anderson Angulo,CB,28,69,61,65,52,65,82,65
Álvaro Angulo,LB,27,69,91,87,64,93,50,62
Iván Angulo,LM,25,69,87,74,67,85,46,67
Oliver Antman,RW,23,69,76,68,69,78,58,65
Alexis Antunes,CM,24,69,70,81,72,71,61,67
Adil Aouchiche,CAM,22,69,65,59,71,66,60,68
Mattia Aramu,RW,29,69,76,72,72,71,60,64
César Araújo,CDM,23,69,64,75,65,67,64,75
Héber,ST,33,69,70,70,64,60,71,69
Blas Armoa,RM,24,69,81,64,68,79,57,66
Bright Akwo Arrey-Mbi,CB,21,69,90,80,60,76,80,67
Anderson Arroyo,CB,24,69,70,82,72,72,70,67
Jasir Asani,RM,29,69,79,73,64,82,51,64
Carlos Ascues,CB,32,69,56,72,70,59,78,68
Joel Asoro,RM,25,69,89,78,60,88,69,65
Gustavo Assunção,CDM,24,69,62,76,71,66,58,70
Mehmet Can Aydın,RB,22,69,75,68,68,79,62,68
Florian Ayé,ST,27,69,86,74,67,82,76,63
Paulo Azzi,LB,30,69,84,73,66,79,68,70
Miguel Baeza,RW,24,69,65,59,74,65,48,65
Jonas Bager,CB,28,69,70,72,59,72,77,67
Samson Baidoo,CB,20,69,69,56,69,72,74,61
Theo Bair,ST,25,69,73,65,59,73,92,66
Sinan Bakış,ST,30,69,38,46,70,39,81,70
Bünyamin Balcı,RB,24,69,76,78,65,72,61,64
Josepmir Ballón,CDM,36,69,74,79,69,64,75,64
Botond Balogh,CB,22,69,59,48,58,45,76,67
Alexandru Băluță,RW,31,69,83,68,68,84,65,63
Tudor Băluță,CDM,25,69,63,68,72,64,83,67
Funsho Bamgboye,RM,25,69,90,76,65,90,67,64
Dani Silva,CM,24,69,61,69,73,68,68,66
Alex Bangura,LB,25,69,92,90,57,93,77,62
Shandon Baptiste,CM,26,69,67,52,72,68,69,70
Andrea Barberis,CDM,30,69,59,63,70,70,50,70
Dani Barcia,CB,21,69,60,56,66,63,59,73
Antonio Bareiro,RM,35,69,72,83,63,74,32,63
Filipe Soares,CM,25,69,65,72,71,67,67,72
Modou Barrow,LM,31,69,91,65,60,93,52,62
Thierno Barry,ST,21,69,80,67,56,74,71,66
Bruno Barticciotto,ST,23,69,80,68,67,82,71,64
Daniele Baselli,CM,32,69,65,53,73,62,64,66
Amine Bassi,CAM,26,69,67,65,70,72,63,64
Danny Batth,CB,33,69,32,60,53,28,91,64
Jon Bautista,ST,29,69,72,72,67,71,72,67
Vakoun Issouf Bayo,ST,27,69,76,65,63,76,82,66
Tobias Bech,CAM,22,69,83,75,67,81,71,66
Owen Beck,LB,22,69,71,70,60,72,63,68
El Fardou Ben,RW,35,69,73,65,61,75,70,66
Mortadha Ben Ouanes,LB,30,69,72,70,70,73,63,63
Ahmad Benali,CM,32,69,69,84,71,85,59,69
Jonathan Benítez,LM,33,69,80,68,63,81,77,63
Romeo Benítez,LM,21,69,85,61,63,86,57,64
Oliver Berg,CAM,31,69,76,91,68,73,78,69
Veton Berisha,ST,30,69,79,80,64,83,81,65
Valon Berisha,CM,31,69,50,73,72,67,73,67
Álex Bermejo,LM,25,69,70,73,68,77,69,62
Bermejo,RM,27,69,82,60,69,76,58,68
Di'Shon Bernard,CB,23,69,70,67,64,61,82,67
Maxime Bernauer,CB,26,69,64,67,76,71,72,68
Léider Berrío,CM,26,69,60,77,74,72,48,59
Lucas Besozzi,LM,21,69,70,67,70,71,48,63
Max Besuschkow,CM,27,69,77,67,73,57,74,66
Luis Binks,CB,23,69,61,71,63,54,82,67
Colby Bishop,ST,27,69,65,91,65,61,84,71
Miha Blažič,CB,31,69,60,43,66,52,79,68
Augustine Boakye,RM,23,69,87,72,63,85,53,62
Martin Boakye,ST,29,69,83,79,64,80,84,68
Matchoi Djaló,RW,21,69,84,70,66,88,56,66
Yann Bodiger,CDM,29,69,50,73,66,52,75,67
Christopher Bonsu Baah,RM,19,69,85,64,66,88,59,65
Brandon Borrello,ST,29,69,73,84,66,72,75,68
Jordan Bos,LB,21,69,90,83,62,83,80,66
Badredine Bouanani,RW,19,69,71,60,72,72,52,58
Josh Bowler,RM,25,69,69,66,64,78,46,65
Michael Boxall,CB,36,69,66,67,64,40,91,66
Frank Boya,CDM,28,69,51,83,66,38,91,62
Dedryck Boyata,CB,33,69,55,60,64,54,80,64
Liam Boyce,ST,33,69,64,69,66,66,79,62
Tyler Boyd,LM,29,69,85,68,66,85,62,67
Can Bozdoğan,CM,23,69,51,80,71,74,58,65
Domagoj Bradarić,LM,24,69,72,68,69,76,58,69
João Figueiredo,ST,28,69,70,73,64,73,71,69
Chumi,CB,25,69,52,56,67,50,72,68
Tim Breithaupt,CDM,22,69,50,72,73,47,71,64
Marco Brescianini,CM,24,69,49,71,72,57,73,69
Mark Brink,CM,26,69,64,90,70,65,67,68
Benny,CAM,26,69,73,59,71,74,62,64
Andrew Brody,RB,29,69,74,87,62,72,70,61
Moritz Broschinski,ST,23,69,77,56,62,74,70,66
Jacob Brown,ST,26,69,74,84,65,72,69,68
Nathaniel Brown,LB,21,69,89,82,63,82,34,63
Ola Brynhildsen,ST,25,69,80,82,66,86,59,65
John Buckley,CM,24,69,65,78,71,80,62,70
Julio Buffarini,RB,36,69,71,79,67,66,76,70
Marko Bulat,CM,22,69,83,76,75,78,57,58
Onur Bulut,RB,30,69,77,79,67,75,65,65
Borisav Burmaz,ST,23,69,73,69,66,74,72,65
Nathan Byrne,RB,32,69,75,77,69,82,62,60
Nelson Cabanillas,LM,24,69,78,62,68,75,68,73
Rodrigo Cabral,LM,24,69,75,66,67,81,41,64
Víctor Cabrera,CB,31,69,61,69,73,64,71,60
Alejandro Cabrera,CDM,31,69,54,72,69,55,75,59
Luis Adrián Caicedo,CB,26,69,53,80,57,61,83,62
Jordy Caicedo,ST,26,69,77,68,57,67,88,67
Horacio Calcaterra,CM,35,69,65,69,75,67,61,62
Giacomo Calò,CDM,27,69,56,78,71,67,71,70
Allan Campbell,CM,26,69,68,84,69,70,72,68
Gastón Campi,CB,33,69,32,66,64,39,90,66
Michele Camporese,CB,32,69,70,67,56,59,76,61
Tom Cannon,ST,21,69,78,65,61,79,61,66
Andrea Carboni,CB,23,69,62,61,63,57,69,65
Agustín Cardozo,CM,27,69,68,75,71,67,72,69
Ángel Cardozo Lucena,CM,29,69,63,82,75,69,55,70
Graham Carey,CM,35,69,72,84,71,80,71,60
Bryan Carrasco,RM,33,69,85,65,66,86,61,57
Carreira,RB,23,69,63,67,69,67,45,70
Rasmus Carstensen,RB,23,69,70,79,67,77,69,64
Wilder Cartagena,CDM,29,69,70,80,67,77,73,56
Pedro Santos,CM,23,69,74,80,73,71,63,64
Gonzalo Castellani,CM,37,69,60,61,79,61,79,62
Joan Castro,RB,27,69,69,73,63,72,60,62
Nicolás Eduardo Castro,CM,34,69,63,53,77,67,69,69
Nicolás Castro,CM,23,69,58,65,72,63,60,56
Juan Ignacio Cavallaro,LM,30,69,73,67,65,77,70,64
Assan Ceesay,ST,30,69,82,68,61,87,69,65
Juan Bautista Cejas,LW,26,69,77,71,72,85,61,64
Pablo Ceppelini,CAM,33,69,66,74,79,65,59,57
Ezequiel Cerutti,RW,32,69,81,66,64,82,56,68
Giorgi Chakvetadze,CAM,25,69,70,33,71,72,63,58
Chapela,LM,25,69,73,33,66,76,58,64
Anastasios Chatzigiovanis,LM,27,69,73,63,68,71,57,65
Xavier Chavalerin,CM,33,69,56,82,71,54,68,67
Andrés Chávez,ST,33,69,71,72,59,67,82,69
Kacper Chodyna,RM,25,69,85,89,68,84,60,64
Choi Kyoung Rok,CM,29,69,50,81,73,80,58,73
Mounir Chouiar,LM,25,69,75,69,72,76,68,52
Diego Churín,ST,34,69,56,62,65,54,84,70
Yanis Cimignani,LM,22,69,74,63,68,72,64,58
Seydouba Cisse,CM,23,69,56,73,72,64,46,66
Ibrahim Cissoko,LW,21,69,79,58,65,79,57,68
Andrea Cistana,CB,27,69,72,74,66,62,71,66
Eldar Ćivić,LB,28,69,80,72,65,79,66,61
Harry Clarke,RB,23,69,82,80,64,76,79,64
Jonson Clarke-Harris,ST,30,69,73,72,60,69,81,66
Vitinho,CAM,30,69,71,61,69,73,71,64
João Aurélio,RB,36,69,55,83,67,66,66,68
Enis Çokaj,CDM,25,69,68,71,68,68,64,68
Jack Colback,CDM,34,69,50,69,72,53,59,56
Nélson da Luz,LW,26,69,77,77,65,81,64,65
Tyrone Conraad,ST,27,69,72,64,51,81,82,66
Tommy Conway,ST,22,69,81,62,63,82,57,68
Theo Corbeanu,RM,22,69,78,70,66,78,69,55
Sébastien Corchia,RB,33,69,64,59,71,68,45,71
Andreas Cornelius,ST,31,69,62,63,65,61,90,68
Mateo Coronel,ST,25,69,82,51,74,85,64,66
Killian Corredor,ST,23,69,91,80,64,86,73,59
Marcos Paulo,LM,23,69,68,66,68,70,50,55
Tomás Silva,RB,24,69,71,76,72,70,52,65
Maurice Cova,CM,32,69,72,70,74,68,67,58
Sebastián Cristóforo,CDM,31,69,67,56,73,49,65,68
Kevin Csoboth,LW,24,69,90,72,63,88,40,66
Mauricio Cuero,RM,31,69,84,72,62,81,69,65
Liam Cullen,ST,25,69,75,71,67,76,58,64
Jason Cummings,ST,29,69,66,70,63,66,62,72
André Vidigal,LM,26,69,84,73,62,87,49,65
Olivier Custodio,CM,29,69,66,90,76,67,70,59
Pastor,RB,24,69,80,76,58,80,70,59
Jhamir D'Arrigo,RW,24,69,88,75,60,84,57,73
Tommaso D'Orazio,LB,34,69,81,79,65,71,61,63
Chico,ST,29,69,61,61,59,50,90,60
Willyan,LM,30,69,86,72,59,86,34,67
Jefté,LB,20,69,81,74,64,84,66,66
Colin Dagba,RB,26,69,69,60,70,72,49,65
Samuel Dahl,LB,21,69,85,83,58,81,52,61
Ebrima Darboe,CM,23,69,56,80,72,70,50,69
Jay Dasilva,LB,26,69,81,69,67,86,57,64
Sean Davis,CDM,31,69,68,84,66,67,74,67
André Geraldes,RB,33,69,74,70,66,70,71,60
Matheus Silva,RB,26,69,82,70,64,83,65,66
Jonathan de Guzmán,CM,37,69,56,73,71,56,61,67
Justin de Haas,CB,24,69,63,63,57,60,83,62
Konrad de la Fuente,LM,23,69,76,42,66,80,56,62
De La Hoz,CDM,32,69,52,86,69,44,72,63
Matías de los Santos,CB,31,69,53,61,65,53,84,61
Manuel De Luca,ST,26,69,52,73,54,53,80,68
Arthur,RB,21,69,75,63,69,72,53,68
Deivid Washington,ST,19,69,79,62,58,78,70,62
Ciprian Deac,CM,38,69,68,76,71,66,70,66
Jannik Dehm,RB,28,69,78,73,66,85,64,66
Alessandro Deiola,CM,29,69,53,76,69,53,78,71
Tom Dele-Bashiru,CM,24,69,75,77,71,79,60,67
Siriki Dembélé,LM,28,69,85,69,59,91,49,66
Matías Di Benedetto,CB,31,69,47,64,62,39,74,66
Salim Diakité,RB,24,69,82,67,68,76,81,65
Ismaël Chester Diallo,LB,27,69,65,77,62,68,74,67
Youba Diarra,CDM,26,69,67,71,68,71,73,71
Mamadou Diarra,CB,26,69,61,71,65,53,71,65
Stéphane Diarra,RM,25,69,78,64,70,81,34,61
Amadou Diawara,CDM,27,69,47,63,71,55,71,67
Franco Díaz,CDM,24,69,71,74,71,73,73,66
Gabriel Díaz Núñez,LB,24,69,71,75,55,71,46,65
Adrián Diéguez,CB,28,69,56,59,64,59,73,65
Maximilian Dietz,CB,22,69,70,70,58,55,73,69
Mitchell Dijks,LB,31,69,75,70,68,53,91,69
Anfernee Dijksteel,RB,27,69,70,68,68,76,76,68
Landry Dimata,ST,27,69,76,72,67,75,83,67
Assane Dioussé,CDM,26,69,57,70,71,67,60,69
Tyrhys Dolan,LM,22,69,74,68,66,84,46,65
Pius Dorn,CM,27,69,80,84,69,82,58,66
Pablo Roberto,CM,24,69,70,70,72,73,63,73
Souleyman Doumbia,LB,27,69,83,69,68,78,65,61
Vetle Dragsnes,LM,30,69,82,89,66,80,75,68
Ferdy Druijf,ST,26,69,69,70,65,55,79,67
Mikkel Duelund,CM,27,69,73,78,72,75,67,68
Jimmy Dunne,CB,26,69,55,66,64,56,75,68
Lyndon Dykes,ST,28,69,67,79,62,64,84,68
Festy Ebosele,RB,22,69,88,78,60,93,73,64
Oliver Valaker Edvardsen,LM,25,69,84,81,59,90,70,63
Mike Eerdhuijzen,CB,24,69,59,67,66,47,84,63
Mo El Hankouri,LM,27,69,62,73,62,77,56,66
Daniel Elfadli,CB,27,69,63,77,66,67,73,67
Salvatore Elia,RM,25,69,79,77,63,84,55,66
Úmaro Embaló,LM,23,69,84,62,62,85,66,62
Erik Engelhardt,ST,26,69,64,82,60,74,82,73
Björn Engels,CB,29,69,42,33,67,34,78,58
Sergi Enrich,ST,34,69,50,72,69,52,75,71
Kristian Eriksen,CAM,29,69,70,82,68,68,62,70
Carlos Esparragoza,CM,25,69,65,71,71,63,80,65
Salvatore Esposito,CM,23,69,64,79,77,60,48,62
Marcelo Estigarribia,ST,29,69,61,75,59,68,77,67
Stephen Eze,CB,30,69,75,81,50,67,91,66
Rodrigo Conceição,RB,24,69,75,75,64,74,55,65
Khalil Fayad,CM,20,69,62,45,75,68,34,69
Aleix Febas,CM,28,69,66,76,68,73,60,71
Mattia Felici,LM,23,69,78,69,66,79,55,65
Tom Fellows,RM,21,69,82,67,64,84,63,64
Tomané,ST,31,69,62,72,63,62,85,66
Matías Fernández,RB,29,69,80,70,70,80,59,66
Alex Ferrari,CB,30,69,53,76,57,59,69,70
Cristian Ferreira,CM,25,69,76,62,71,73,59,65
Nicolás Ferreyra,CB,31,69,37,67,51,34,92,70
Sondre Fet,CM,27,69,68,87,68,71,72,68
Petar Filipović,CB,34,69,68,73,66,64,75,67
Max Finkgräfe,LB,20,69,77,69,67,74,66,67
Luca Fiordilino,CDM,28,69,78,77,73,79,64,68
Kian Fitz-Jim,CM,21,69,65,54,74,73,42,68
Florian Flick,CDM,24,69,57,75,73,53,77,64
Sherel Floranus,RB,26,69,89,76,67,84,73,66
Fontàs,CB,34,69,30,67,74,31,78,70
Tiago Morais,LM,21,69,78,70,63,78,46,70
Alan Forrest,LM,28,69,82,67,69,82,58,55
Amankwah Forson,RM,21,69,86,63,67,87,43,61
Jímer Fory,LB,22,69,72,81,67,73,75,67
Matheus França,CAM,20,69,77,63,66,77,69,63
Franquesa,LB,27,69,72,82,68,82,60,63
Matija Frigan,ST,21,69,79,73,59,80,74,67
Jean Franco Fuentes,CB,27,69,61,54,61,58,75,62
Mascarenhas,ST,24,69,74,61,60,75,60,70
Alessandro Gabrielloni,ST,30,69,77,67,62,74,69,70
Ruben Gabrielsen,CB,32,69,61,79,52,64,90,62
Antonio Galeano,RW,24,69,91,91,66,83,49,59
Sam Gallagher,ST,28,69,73,73,59,59,82,67
Lucas Galvão,CB,33,69,65,70,65,74,76,66
Silvère Ganvoula,ST,28,69,76,66,63,70,83,63
Gao Zhunyi,LB,29,69,69,75,67,74,77,64
Diego García,LM,27,69,76,54,74,74,33,63
Saúl,LB,29,69,72,56,67,71,72,68
Víctor García,RM,27,69,73,72,68,70,62,61
Andrés García,RM,21,69,72,71,66,76,61,64
Taylor Gardner-Hickman,CM,22,69,76,71,73,70,59,67
Stefan Gartenmann,CB,27,69,66,76,61,51,82,70
Pedro Amaral,LB,27,69,74,70,60,71,63,69
Jules Gaudin,LB,24,69,69,81,66,67,59,69
Linus Gechter,CB,20,69,64,65,60,61,80,63
Joe Gelhardt,CAM,22,69,73,71,66,75,70,67
Paolo Ghiglione,RB,27,69,82,50,67,78,74,68
Daniele Ghilardi,CB,21,69,64,61,56,59,70,67
Ali Gholizadeh,RM,28,69,71,72,67,74,66,67
Ben Gibson,CB,31,69,48,64,62,51,81,57
Lewis Gibson,CB,24,69,56,64,64,56,79,66
Óscar Gil,RB,26,69,83,80,64,78,63,65
Milton Giménez,ST,28,69,60,71,54,61,79,69
Álvaro Giménez,ST,33,69,70,76,64,69,72,70
Simone Giordano,LB,22,69,78,76,62,78,55,67
Justen Glad,CB,27,69,69,76,68,68,73,64
Silas Gnaka,CDM,25,69,61,77,65,70,60,68
Giorgi Gocholeishvili,RB,23,69,84,70,67,82,54,68
Bruno Godeau,CB,32,69,33,76,72,31,72,67
Mika Godts,LW,19,69,67,68,68,80,63,65
Wouter Goes,CB,20,69,33,66,64,69,66,70
Iván Gómez,CM,27,69,57,79,73,65,68,69
Dani Gómez,ST,26,69,74,74,67,75,71,68
Franco González,CAM,20,69,79,75,72,82,48,71
Gastón González,LW,23,69,85,85,65,77,76,57
Rubén Alves,CB,30,69,67,64,63,72,79,67
Rober,RM,23,69,79,58,68,78,43,66
Peter,RM,22,69,80,59,61,79,38,61
Fabio González,CDM,27,69,52,74,72,65,67,62
Sergio González,CDM,27,69,70,84,70,54,78,67
Lynden Gooch,RB,28,69,81,73,64,80,77,67
Kenzo Goudmijn,CM,22,69,77,70,73,78,44,68
Constantin Grameni,CM,21,69,75,84,72,76,63,68
Samuel Grandsir,LM,28,69,85,63,66,90,65,66
Sam Greenwood,LM,22,69,70,72,72,72,66,67
Mathias Greve,CM,29,69,66,81,72,75,71,70
Lukas Grgić,CDM,29,69,70,83,66,64,83,63
Fausto Grillo,CB,31,69,77,75,58,74,74,70
Adriano Grimaldi,ST,33,69,64,68,60,49,86,71
Marc Gual,ST,28,69,82,73,64,73,70,61
Gabriel Gudiño,RM,32,69,77,76,64,77,56,65
Parfait Guiagon,RM,23,69,70,63,68,76,58,61
Gwon Wan Gyu,CB,32,69,76,70,56,72,82,61
Jan Gyamerah,RB,29,69,80,76,66,76,70,67
Giovanni Haag,CDM,24,69,69,91,67,72,70,65
Nicolas Haas,CM,28,69,78,73,71,73,64,70
Florent Hadergjonaj,RB,30,69,76,76,66,73,64,61
Doğucan Haspolat,CDM,24,69,63,74,72,68,66,65
Niklas Hauptmann,CM,28,69,71,82,71,61,34,67
Milan Havel,LB,30,69,69,69,68,68,70,66
Matt Hedges,CB,34,69,35,74,68,44,85,64
Jürgen Heil,RB,27,69,64,86,67,69,71,66
Jonathan Herrera,ST,32,69,63,69,71,70,81,63
Herzog,CB,20,69,74,65,70,76,76,75
Eirik Hestad,RM,29,69,71,71,66,77,61,62
Robin Heußer,CM,26,69,57,90,72,71,73,69
James Hill,CB,22,69,74,65,66,65,75,67
Jack Hinshelwood,CDM,19,69,60,65,71,67,62,68
Bongokuhle Hlongwane,RM,24,69,81,74,66,79,72,69
Kristian Hlynsson,CAM,20,69,62,79,71,68,39,67
Daniel Høegh,CB,33,69,35,66,67,35,84,67
Marcel Hoffmeier,CB,25,69,73,84,66,77,72,69
Gerrit Holtmann,LM,29,69,85,69,63,87,65,71
Majid Hosseini,CB,28,69,60,74,62,56,75,63
Dino Hotić,CAM,29,69,67,80,69,85,67,67
Andréas Hountondji,ST,22,69,77,66,65,73,63,66
Johan Hove,CM,24,69,76,84,70,71,65,65
Arbër Hoxha,LW,25,69,83,73,52,82,72,68
Ajdin Hrustić,CM,28,69,36,65,73,66,65,66
Niklas Hult,LB,34,69,62,76,71,80,60,67
Hwang Seok Ho,CB,35,69,51,70,63,61,82,65
Hwang Jae Won,CB,22,69,77,90,68,76,71,70
Chukwubuikem Ikwuemesi,ST,23,69,77,59,64,75,80,62
Kastriot Imeri,CM,24,69,76,71,72,77,62,68
Bonke Innocent,CDM,28,69,66,70,65,76,81,64
Tim Iroegbunam,CDM,21,69,65,71,71,66,72,66
Robert Ivanov,CB,29,69,66,72,63,57,86,68
Emmanuel Iyoha,LB,26,69,67,77,69,74,79,69
Jairo,RW,30,69,86,73,65,88,61,64
Filip Wojciech Jagiełło,CM,27,69,72,74,72,72,61,64
Ahmed Jahouh,CDM,36,69,32,83,71,32,81,59
Frederik Jäkel,CB,23,69,78,68,58,61,86,62
Saidy Janko,RB,28,69,86,70,62,88,80,65
Dominik Janošek,CAM,26,69,71,74,69,68,72,69
Leonardo Jara,RB,33,69,61,81,67,53,80,67
Julian Jeanvier,CB,31,69,62,62,63,59,78,69
Victor Jensen,CAM,24,69,71,92,69,73,58,67
Jeon Min Gwang,CB,31,69,74,82,63,73,80,64
Jeong Seung Won,CM,27,69,69,88,69,72,70,70
Marko Jevtović,CDM,31,69,46,66,67,42,85,67
Jiang Shenglong,CB,23,69,73,75,62,72,84,60
Stefan Johansen,CM,33,69,63,74,73,56,70,67
Matej Jonjić,CB,33,69,71,75,61,59,87,61
Kamil Jóźwiak,RM,26,69,84,70,63,85,68,62
Issa Kallon,RW,28,69,83,68,64,88,46,56
Kei Kamara,ST,40,69,67,62,68,63,77,69
Nordine Kandil,LM,22,69,70,76,75,69,36,62
Ercan Kara,ST,28,69,79,84,60,65,92,66
Emir Karić,LB,27,69,68,76,67,73,75,67
Eden Karzev,CDM,24,69,68,71,68,67,72,65
Nikola Katić,CB,27,69,60,69,60,48,83,64
Panos Katseris,RB,23,69,80,78,68,81,56,62
Noah Katterbach,LB,23,69,71,64,66,72,54,68
Yalçın Kayan,CM,25,69,68,73,70,69,67,67
Kévin Keben,CB,20,69,62,63,66,66,77,64
Check Keita,CB,21,69,49,62,59,49,74,69
Luca Kerber,CM,22,69,72,87,72,69,69,68
Henry Kessler,CB,26,69,49,75,70,61,84,65
Josh Key,RB,24,69,83,82,64,85,70,66
Hamidou Keyta,LW,29,69,90,69,64,82,64,59
Kim Jin Hyuk,CB,31,69,57,72,64,61,84,62
Kim Young Gwon,CB,34,69,68,70,68,65,83,57
David Kinsombi,CM,28,69,51,74,71,76,75,68
Sonny Kittel,LW,31,69,54,61,69,80,53,64
Ko Jae Hyeon,RW,25,69,86,84,56,85,65,68
Bautista Kociubinski,CDM,23,69,52,70,73,54,63,65
Koba Leïn Koindredi,CM,22,69,65,65,74,66,79,61
Ibrahima Koné,ST,25,69,73,67,62,72,87,61
Peer Koopmeiners,CDM,24,69,70,80,71,65,73,67
Georgi Kostadinov,CDM,34,69,65,73,68,62,72,68
Dominik Kother,LM,24,69,81,83,63,87,48,65
Efthymios Koulouris,ST,28,69,67,75,64,69,80,68
Michiel Kramer,ST,35,69,54,57,64,36,80,71
Roy Krishna,ST,37,69,84,87,64,90,75,67
Anton Krivotsyuk,CB,26,69,85,80,57,81,78,64
Sergiy Kryvtsov,CB,33,69,55,69,71,59,80,70
Patryk Kun,LM,29,69,91,84,66,91,34,62
Roman Květ,CM,26,69,72,77,74,73,76,71
Mathias Kvistgaarden,ST,22,69,81,69,65,82,63,70
Moritz-Broni Kwarteng,RW,26,69,71,66,65,73,45,65
Mathías Laborda,CB,24,69,69,67,62,71,72,65
Mayckel Lahdo,RW,21,69,76,60,61,84,60,63
Ali Lajami,CB,28,69,74,78,66,78,73,66
Łukasz Łakomy,CDM,23,69,67,82,69,67,72,62
Théo Le Bris,LM,21,69,63,67,76,65,38,72
Luke Leahy,LB,31,69,71,84,69,69,69,66
Quentin Lecoeuche,LB,30,69,77,85,65,78,66,59
Lee Sang Heon,ST,26,69,81,65,62,78,55,73
Lee Han Beom,CB,22,69,62,59,64,60,80,62
Lee Myung Joo,CM,34,69,67,76,73,69,72,63
Nahuel Leiva,LM,27,69,87,71,67,85,58,62
Tim Lemperle,ST,22,69,72,83,63,77,71,62
José León,CB,29,69,69,82,63,69,80,68
Marc Leonard,CM,22,69,70,87,69,72,55,67
Mehdi Léris,RM,26,69,69,72,67,63,74,68
Léo Leroy,CM,24,69,55,72,74,51,67,65
Dimitris Limnios,LM,26,69,70,68,67,78,55,66
Gift Links,LB,25,69,83,77,68,88,63,61
Krisztián Lisztes,CAM,19,69,71,65,63,76,60,68
Dailon Rocha Livramento,ST,23,69,73,63,56,71,72,65
Javi Llabrés,LM,22,69,79,77,64,82,43,62
Luka Lochoshvili,CB,26,69,38,68,51,40,94,64
Duk,ST,24,69,86,66,66,82,70,69
Lluís López,CB,27,69,64,72,65,67,77,66
Joseph Lopy,CDM,32,69,68,87,66,72,80,67
Daniel Lovitz,LB,33,69,70,81,65,69,66,63
Nilson Loyola,LB,29,69,78,73,64,76,50,63
Felipe Loyola,RB,23,69,70,78,68,72,74,66
Raúl Alberto Lozano,RB,27,69,78,81,55,82,63,64
Oier Luengo,CB,26,69,64,68,58,57,78,64
Gonzalo Luján,CB,23,69,59,74,64,66,78,68
Francis Mac Allister,CDM,28,69,63,56,70,64,65,63
Shuto Machino,ST,24,69,77,74,70,70,74,68
Alejandro Maciel,CB,27,69,53,62,47,54,80,65
Louis Mafouta,ST,30,69,79,72,59,76,73,59
Thorsten Mahrer,CB,34,69,33,80,64,33,83,62
Iago Maidana,CB,28,69,71,71,54,68,88,59
Žan Majer,CM,32,69,58,78,73,67,67,67
Cebrail Makreckis,RB,24,69,70,67,74,71,61,73
Kenneth Mamah,RM,26,69,84,72,69,79,74,64
Daniel Mancilla,LB,33,69,77,90,61,79,35,64
Leonardo Mancuso,ST,32,69,78,83,62,75,69,69
Cristian Manea,RB,27,69,79,80,63,77,72,65
Thomas Mangani,CM,37,69,34,80,70,37,71,67
Alexis Manyoma,LW,21,69,84,50,71,85,59,66
Sékou Mara,ST,22,69,74,65,65,76,73,64
Vincent Marchetti,CM,27,69,65,77,74,66,70,70
Filip Marchwiński,CAM,22,69,69,83,72,65,59,66
Sasha Marcich,LB,26,69,73,66,63,78,61,67
Mirko Marić,ST,29,69,65,62,62,71,80,66
Jaílson,CB,29,69,68,76,70,73,76,64
Teto,RM,23,69,66,74,74,72,61,65
Carlos Martín,ST,22,69,81,55,62,74,68,66
Hugo Martínez,CDM,24,69,62,81,71,72,63,68
Newerton,LW,19,69,80,60,66,83,41,62
Franco Mastantuono,CAM,17,69,71,61,70,80,66,63
Aleš Matějů,CB,28,69,71,79,62,68,81,65
Marcus Mathisen,CB,28,69,73,80,64,55,84,65
José Matos,LB,29,69,83,87,65,74,34,63
Andreas Maxsø,CB,30,69,45,77,66,49,86,66
Walter Mazzantti,RM,28,69,91,78,66,91,67,64
Simone Mazzocchi,ST,26,69,69,68,60,73,65,68
Sam McCallum,LB,24,69,79,72,65,80,68,66
Luke McCowan,CM,26,69,70,74,70,80,54,69
Kyle McFadzean,CB,37,69,29,63,62,32,84,65
Ringo Meerveld,CAM,21,69,68,62,69,66,58,66
Yakou Méïté,ST,28,69,82,71,55,73,87,63
Hannibal,CM,21,69,74,78,70,72,68,70
Houboulang Mendes,RB,26,69,74,64,65,70,77,58
Nacho Méndez,CM,26,69,69,74,72,73,71,64
Antoine Mendy,CB,20,69,67,69,68,66,64,66
Queensy Menig,LW,29,69,91,72,65,89,48,61
Nicolas Meriano,CB,23,69,59,72,61,59,75,57
Connor Metcalfe,CM,24,69,77,78,71,75,76,71
Marco Meyerhöfer,RB,28,69,50,73,68,70,66,66
Damian Michalski,CB,26,69,52,74,60,71,90,66
Clément Michelin,RB,27,69,71,75,66,70,61,63
Antonio Milić,CB,30,69,34,62,58,33,84,68
Richard Mina,CB,25,69,68,69,65,64,81,67
Sota Mino,CDM,29,69,65,90,65,65,75,65
Ryan Mmaee,ST,27,69,73,54,64,78,71,64
Anuar,CM,29,69,77,88,68,79,59,73
Niklas Moisander,CB,38,69,39,42,72,35,80,70
Salvatore Molina,RM,32,69,81,74,68,68,65,65
Steven Moreira,CB,30,69,67,81,71,70,69,72
Diego Moreno,CDM,28,69,66,74,70,63,75,70
Joaquín Mosqueira,CDM,20,69,67,75,72,71,58,67
Marius Mouandilmadji,ST,26,69,76,64,53,69,83,64
Jackson Muleka,RW,24,69,81,74,63,82,74,65
Andreas Müller,CDM,24,69,63,77,75,71,45,66
César Munder,LW,24,69,87,83,66,88,61,56
Ezequiel Muñoz,CB,33,69,50,39,62,37,79,64
Louis Munteanu,ST,22,69,82,77,67,81,76,65
Radosław Murawski,CDM,30,69,73,90,70,80,60,67
Nam Tae Hee,RM,33,69,74,69,62,73,60,75
Yehor Nazaryna,CM,27,69,70,69,72,67,65,69
Rassoul Ndiaye,CDM,22,69,68,76,73,74,70,68
Cher Ndour,CM,20,69,60,57,73,49,80,70
Maurice Neubauer,LB,28,69,76,91,67,71,55,64
Filipe Ferreira,LB,34,69,68,66,66,64,66,65
Jeremy Ngakia,RB,24,69,69,67,64,74,60,68
Siyabonga Ngezana,CB,27,69,73,77,54,73,81,60
Sivert Heltne Nilsen,CDM,32,69,46,82,69,41,76,69
Noguera,CAM,34,69,71,62,71,66,50,65
Nolaskoain,CDM,25,69,47,62,70,51,78,62
Hugo Novoa,RM,21,69,90,59,56,84,54,67
Bartosz Nowak,CAM,31,69,55,90,70,67,67,66
Michael Obafemi,ST,24,69,76,61,63,85,66,69
Adam Obert,CB,22,69,62,59,68,66,68,68
Agustín Ocampo,LM,26,69,77,64,67,72,70,65
Hakeem Odoffin,CB,26,69,75,74,63,62,76,67
Raphael Odogwu,ST,33,69,84,60,66,63,93,66
Tim Oermann,CB,20,69,82,64,69,68,71,63
Koki Ogawa,ST,27,69,46,73,63,50,74,68
Oh Hyeon Gyu,ST,23,69,80,71,60,72,84,66
Agustín Ojeda,RW,20,69,85,55,65,92,42,62
Dani Ojeda,LM,29,69,73,75,63,74,73,71
Jeppe Okkels,LM,25,69,82,70,65,83,63,63
Teddy Okou,ST,26,69,90,79,65,89,56,73
Christian Oliva,CDM,28,69,53,60,71,54,67,70
Ricardinho,LM,26,69,71,55,67,66,58,68
Maximiliano Olivera,LB,32,69,55,65,67,61,71,59
Thomas Lehne Olsen,ST,33,69,72,79,61,76,82,68
Kenneth Omeruo,CB,30,69,65,74,59,59,79,70
Kevin Carlos,ST,23,69,64,70,62,59,80,59
Ontiveros,LM,27,69,59,53,74,59,56,58
Joel Ordoñez,CB,20,69,70,64,66,64,79,64
Michael Ortega,CAM,33,69,56,67,74,65,64,64
Ulises Ortegoza,CM,27,69,68,54,73,68,57,66
Juanto Ortuño,ST,32,69,69,69,64,70,71,67
Orri Óskarsson,ST,20,69,70,69,65,70,72,71
Abiel Osorio,ST,22,69,81,76,57,77,81,69
Erick Otieno,LB,27,69,91,83,69,90,76,63
Kassoum Ouattara,LB,19,69,78,75,67,76,65,65
Assan Ouédraogo,CAM,18,69,77,67,67,78,76,64
Godfried Ayesu Owusu Frimpong,LB,25,69,76,68,62,75,65,66
Marlon Pack,CDM,33,69,40,74,70,47,75,65
Simone Pafundi,CAM,18,69,72,66,67,83,42,57
Paik Sung Dong,LM,33,69,75,77,65,84,61,61
Guillermo Paiva,ST,27,69,67,56,68,61,76,61
Matías Palacios,CAM,22,69,64,60,71,71,45,61
Erik Palmer-Brown,CB,27,69,67,56,63,56,84,63
Jonathan Panzo,CB,23,69,70,66,67,66,76,61
Cristhian Paredes,CDM,26,69,69,74,71,67,70,69
Franco Paredes,RB,25,69,78,71,68,78,69,65
Park Seung Wook,RB,27,69,82,85,61,76,79,65
Tim Parker,CB,31,69,71,72,59,65,86,68
Alexandru Pașcanu,RB,25,69,71,83,60,70,84,67
Felix Passlack,RB,26,69,68,77,67,76,65,70
Nicolás Paz,CB,21,69,72,73,63,70,78,66
Nico Paz,CAM,20,69,65,64,71,68,66,67
Nathan,CB,29,69,71,65,63,73,76,61
Marco Pellegrino,CB,22,69,62,52,66,59,80,61
Timothée Pembélé,RB,22,69,81,66,67,78,60,66
Óscar Perea,LM,18,69,80,58,63,84,70,64
Juan Carlos Pereira,CM,31,69,74,80,71,77,81,58
Raul Gustavo,CB,25,69,62,61,64,64,76,69
Matheus Pereira,LB,23,69,78,77,58,76,68,65
Gonzalo Pérez,CB,23,69,67,62,70,56,63,61
Danny Pérez,LM,24,69,86,75,66,79,64,60
Damián Pérez,LB,35,69,74,81,66,78,61,69
Claudiu Petrila,LW,23,69,91,68,65,90,51,63
Manuel Pfeifer,LB,25,69,69,81,65,68,69,67
Luca Pfeiffer,ST,28,69,49,65,64,41,94,66
Rayan Philippe,ST,23,69,89,78,63,77,67,68
Fafà Picault,LM,33,69,85,62,63,90,36,64
Florian Pick,RM,29,69,69,68,63,86,47,62
Harry Pickering,LB,25,69,73,81,64,74,71,65
Niccolò Pierozzi,RB,23,69,72,68,67,74,65,62
Stavros Pilios,LB,23,69,77,70,65,76,59,63
Rafael Barbosa,LW,28,69,75,66,69,77,38,67
Ioannis Pittas,ST,28,69,73,82,57,69,69,64
Srđan Plavšić,LM,28,69,83,73,65,84,58,60
Ewoud Pletinckx,CB,23,69,48,80,60,36,83,64
Ole Pohlmann,CM,23,69,67,77,70,76,72,70
Kwame Poku,RM,23,69,82,71,65,89,45,63
Regan Poole,CB,26,69,66,81,63,71,78,68
Octavian Popescu,LW,21,69,86,80,68,82,45,57
Boris Popović,CB,24,69,55,42,62,55,81,65
Łukasz Poręba,CM,24,69,65,77,72,68,72,71
Manolo Portanova,CM,24,69,77,60,73,71,67,65
Postigo,CB,35,69,75,56,60,52,79,65
Brad Potts,RB,30,69,74,87,69,66,76,68
Achilleas Poungouras,CB,28,69,64,67,58,61,77,69
Ian Poveda,RM,24,69,70,60,64,84,56,66
Smail Prevljak,ST,29,69,59,65,62,52,75,69
Sebastián Prieto,LB,31,69,72,75,62,73,67,65
Louka Prip,RW,27,69,75,81,67,78,66,66
Dominik Prokop,LM,27,69,87,72,64,92,55,60
Rokas Pukštas,CM,20,69,68,83,66,69,62,75
Quiles,LM,29,69,70,65,66,65,61,73
Jhonny Quiñónez,CDM,26,69,80,82,73,82,74,61
Aleksandar Radovanović,CB,30,69,34,66,68,47,84,60
Risto Radunović,LB,32,69,75,82,66,72,82,65
Yanis Rahmani,LM,29,69,81,58,64,83,61,70
Antonio Raimondo,ST,20,69,70,52,68,64,66,65
Erdal Rakip,CDM,28,69,65,85,63,72,67,73
Hugo Rama,CAM,27,69,57,80,70,64,60,71
Iván Ramírez,RB,29,69,72,77,65,70,68,65
Reinhold Ranftl,RM,32,69,72,94,67,79,69,69
Joe Rankin-Costello,RB,25,69,71,65,66,77,72,69
Oliver Rathbone,CM,27,69,82,92,70,81,66,68
Serge-Philippe Raux-Yao,CB,25,69,50,66,59,36,90,65
Alejandro Rébola,CB,36,69,47,63,56,34,83,70
Zé Carlos,RB,26,69,76,77,63,78,57,68
Alex Pinto,RB,26,69,77,75,60,72,77,68
Rene Renner,LB,30,69,81,88,65,81,58,64
Rodrigo Ribeiro,ST,19,69,73,60,64,68,70,69
Dante Rigo,CDM,25,69,50,84,72,63,61,63
Ríos Reina,LB,34,69,78,85,65,77,82,63
Octavio Rivero,ST,32,69,56,46,61,55,74,63
Callum Robinson,ST,29,69,80,70,66,77,66,68
Guzmán Rodríguez,CB,24,69,78,73,38,70,74,62
Jay Rodriguez,ST,35,69,54,62,66,52,73,67
Yonathan Rodríguez,CDM,31,69,68,56,70,70,72,69
Chema,CB,32,69,54,66,65,56,79,66
Alex Roldan,RB,28,69,74,84,68,76,62,66
Kevin Rolón,LB,23,69,72,70,61,72,42,65
Jhohan Romaña,CB,26,69,59,69,64,60,87,60
Carlos Romero,LB,22,69,72,76,70,70,63,65
Dave Romney,CB,31,69,47,72,68,54,75,70
Farley,RM,30,69,90,69,67,85,59,58
Dany Rosero,CB,30,69,71,86,60,53,82,63
Miguel Rubio,CB,26,69,48,33,67,37,82,67
Jack Rudoni,CM,23,69,73,86,69,70,63,67
Jean Ruiz,CB,26,69,91,75,68,67,82,59
Ryu Jae Moon,CDM,30,69,67,88,69,67,75,66
Ibrahim Sadiq,RW,24,69,83,78,57,91,71,65
Moïse Sahi,ST,22,69,74,59,66,75,68,64
Semih Sahin,CDM,24,69,61,76,71,70,58,69
Théo Sainte-Luce,LB,25,69,75,69,66,71,59,63
Henri Saivet,CM,33,69,61,74,68,70,63,74
Alessandro Salvi,RB,36,69,69,74,68,74,73,67
Junior Sambia,RB,28,69,67,68,67,64,63,64
Shurandy Sambo,RB,23,69,79,76,65,78,71,66
Sergi Samper,CDM,29,69,33,69,73,51,74,67
Mario Sanabria,RM,22,69,67,70,64,72,50,65
Jaime Sánchez,CB,29,69,68,62,67,60,74,68
Rubén Sánchez,RB,23,69,80,81,66,84,64,66
Roque Santa Cruz,ST,43,69,32,30,63,30,80,59
Danilo Santacruz,CAM,29,69,80,33,68,75,66,65
Federico Santander,ST,33,69,53,55,64,54,84,67
Derick Poloni,LB,31,69,75,72,61,72,64,65
Tayyip Sanuç,CB,24,69,61,68,64,52,76,66
Ryan Sanusi,CDM,32,69,63,77,70,66,72,67
Vinko Šapina,CDM,29,69,49,85,69,54,85,69
Kingsley Sarfo,CAM,29,69,70,74,64,81,48,61
Dario Šarić,CM,27,69,72,80,68,72,66,75
Jeremy Sarmiento,LM,22,69,77,61,68,80,62,60
Ľubomír Šatka,CB,28,69,63,61,67,62,75,69
Gastón Sauro,CB,34,69,34,55,67,47,81,65
Guilherme Schettine,ST,28,69,63,66,67,62,69,69
Nicolas Schiavi,CAM,29,69,68,68,70,69,55,69
Kingsley Schindler,RM,31,69,73,69,67,82,74,68
Fabian Schleusener,ST,32,69,77,74,66,75,75,69
Dominik Schmid,LB,26,69,77,86,70,77,69,67
Luca Schnellbacher,ST,30,69,70,83,61,85,69,66
Vladimir Screciu,CB,24,69,72,76,65,74,76,68
Jacopo Segre,CM,27,69,72,91,70,74,72,68
Eddie Segura,CB,27,69,63,71,72,53,77,67
Bruno Sepúlveda,ST,31,69,51,81,64,51,82,69
Janni Serra,ST,26,69,77,71,62,68,87,65
Michal Ševčík,CAM,22,69,73,60,70,71,61,61
Yoan Severin,CB,27,69,66,70,62,63,82,68
Jamie Shackleton,RB,24,69,76,80,70,81,61,67
Conor Shaughnessy,CB,28,69,63,77,64,57,82,64
Mohamed Sherif,ST,28,69,83,75,61,80,71,63
Shin Jin Ho,CM,36,69,57,82,70,67,75,67
Graeme Shinnie,CDM,33,69,66,82,68,63,67,74
Otabek Shukurov,CM,28,69,70,77,70,70,74,68
Niko Sigur,RB,21,69,72,81,72,69,56,75
Arnór Sigurðsson,LM,25,69,75,69,67,76,57,64
Hugo Silveira,ST,31,69,61,62,47,53,91,65
Sheriff Sinyan,CB,28,69,74,64,67,67,80,65
Nikola Šipčić,CB,29,69,72,72,61,61,83,60
Tommy Smith,RB,32,69,66,78,66,64,71,67
Viv Solomon-Otabor,LM,28,69,88,63,63,90,64,64
Jesús Soraire,CM,35,69,69,78,72,67,77,69
Christian Sørensen,LB,32,69,73,88,71,74,62,65
Deian Sorescu,RM,27,69,86,88,64,86,64,63
Leandro Sosa,CDM,33,69,49,53,71,72,69,64
Diego Sosa,LB,27,69,69,77,64,69,72,59
Ignacio Sosa,CM,21,69,63,75,72,70,70,74
Saïdou Sow,CB,22,69,61,42,64,61,77,67
Kamal Sowah,ST,24,69,84,78,68,84,62,71
Jay Stansfield,ST,21,69,81,74,62,77,62,67
Herman Stengel,CM,29,69,50,85,69,57,72,70
Greg Stewart,CAM,34,69,69,52,69,59,60,63
Leo Štulac,CDM,29,69,68,69,75,69,67,62
Callum Styles,LB,24,69,69,85,68,68,58,69
Matías Suárez,ST,36,69,55,32,63,65,66,64
Lucas Suárez,CB,29,69,59,69,56,68,79,66
Mateo Sušić,RB,33,69,73,73,66,68,70,70
Gustav Svensson,CB,37,69,35,76,62,34,83,68
Michael Svoboda,CB,25,69,68,75,63,48,88,63
Mark Sykes,RM,27,69,72,79,67,75,64,66
Vicente Taborda,CAM,23,69,72,71,72,69,65,63
Matthäus Taferner,CM,23,69,73,86,67,80,40,67
Fabian Tait,CM,31,69,70,87,74,71,66,67
Miguel Tapias,CB,27,69,68,70,66,69,69,70
Varol Tasar,RM,27,69,77,70,65,80,57,57
Jefferson Tavares,ST,34,69,67,68,35,63,77,69
Benjamin Tetteh,ST,27,69,78,69,65,69,88,64
Rasmus Thelander,CB,33,69,41,69,60,37,87,60
Denis Thomalla,CAM,32,69,59,75,68,68,67,70
Jordan Thompson,CM,27,69,66,74,70,70,62,70
Christ Tiéhi,CDM,26,69,63,73,69,67,73,68
Emirhan Topçu,CB,23,69,56,62,64,53,74,68
Fáiner Torijano,CB,36,69,70,73,63,70,76,64
Victor Torp,CM,25,69,66,63,74,68,59,59
Ernesto Torregrossa,ST,32,69,77,79,62,72,81,68
Miguel Ángel Torrén,CB,36,69,55,70,70,66,76,71
Almamy Touré,CB,28,69,72,66,66,69,77,67
Nicolò Tresoldi,ST,20,69,91,80,63,75,71,69
Philipp Treu,LB,23,69,76,73,67,77,54,65
Alfonso Trezza,RM,25,69,92,90,61,90,54,75
Cristian Trujillo,CDM,26,69,72,85,70,78,60,67
Giorgi Tsitaishvili,RM,23,69,83,67,61,90,34,61
Indrit Tuci,ST,24,69,73,58,66,69,78,66
Nahuel Ulariaga,ST,22,69,79,61,58,81,81,62
Leonardo Buta,LB,22,69,73,74,65,75,69,65
Fredrik Ulvestad,CM,32,69,64,81,72,65,75,70
Kacper Urbański,CAM,20,69,63,50,72,76,34,57
Jonathan Urretaviscaya,CAM,34,69,74,54,75,73,45,54
Edgaras Utkus,CB,24,69,59,63,67,49,79,54
Necip Uysal,CB,33,69,54,66,64,52,76,70
Henry Vaca,LW,26,69,81,80,65,80,46,59
Leo Väisänen,CB,27,69,72,73,67,71,74,66
Diego Valencia,ST,24,69,71,71,66,70,74,66
Matěj Valenta,CM,24,69,66,73,74,65,66,67
Lautaro Valenti,CB,25,69,71,73,63,68,78,62
Gustav Valsvik,CB,31,69,39,73,60,36,91,65
Mitchell van Bergen,RM,25,69,90,77,65,86,36,66
Ruben van Bommel,LW,20,69,85,62,62,85,70,50
Myron van Brederode,LW,21,69,65,68,63,84,47,65
Mick van Buren,ST,32,69,73,75,64,70,70,67
Sander van de Streek,CAM,31,69,67,76,71,53,69,72
Thomas van den Belt,CM,23,69,56,78,72,54,65,67
Rein Van Helden,CB,22,69,67,77,72,59,75,67
Bart van Rooij,RB,23,69,79,75,65,77,61,65
Hugo Vandermersch,RB,25,69,62,83,67,74,67,60
Jordi Vanlerberghe,CB,28,69,58,74,71,60,77,65
Thibaut Vargas,RB,24,69,74,74,67,74,60,65
Edwin Velasco,LB,32,69,80,85,63,77,80,60
Jairo Vélez,CAM,29,69,64,53,72,63,61,65
Matías Vera,CDM,28,69,68,81,70,66,59,70
Brayan Vera,CB,25,69,70,56,59,69,78,64
Tomás Verón,RW,24,69,78,60,55,78,55,55
Marko Vešović,RB,33,69,79,69,68,78,70,66
Ronaldo Vieira,CDM,26,69,71,76,70,70,73,63
Oscar Vilhelmsson,ST,20,69,70,71,60,69,70,67
Afonso Taira,CDM,32,69,53,70,67,43,67,70
Sam Vines,LB,25,69,78,77,63,74,67,65
Alan Virginius,RM,21,69,90,58,65,90,35,60
Alessio Vita,CM,31,69,76,71,72,83,65,71
Alessandro Vogliacco,CB,26,69,69,55,59,60,69,68
Giacomo Vrioni,ST,25,69,79,64,63,67,77,66
Murray Wallace,CB,31,69,56,76,63,50,79,67
Franco Watson,CAM,22,69,70,45,73,68,59,68
Scott Wharton,CB,26,69,53,69,67,57,80,64
Jack Whatmough,CB,28,69,54,72,63,42,83,69
Eryk Williamson,CDM,27,69,74,72,71,73,74,70
Ben Wilmot,CB,24,69,53,71,65,55,74,67
Nick Woltemade,ST,22,69,76,71,72,58,72,72
Nathan Wood,CB,22,69,85,63,66,65,77,65
Scott Wright,RM,27,69,90,69,65,87,37,65
Wu Xi,CM,35,69,65,90,70,68,77,57
Yang Hyun Jun,RW,22,69,75,74,68,71,61,70
Jerry Yates,ST,27,69,76,79,63,75,65,68
John Yeboah,RW,24,69,92,84,62,91,56,70
Mohamed Youssouf,RB,36,69,71,80,66,62,68,67
Jackson Yueill,CM,27,69,55,88,74,64,68,68
Bakhtiyor Zainutdinov,LM,26,69,74,75,67,77,55,64
Alexis Zapata,RM,29,69,73,67,67,82,59,67
Franco Zapiola,LM,23,69,82,58,68,72,49,65
Benedikt Zech,CB,33,69,80,70,63,80,75,66
Zheng Zheng,CB,35,69,66,71,70,61,75,63
Zhu Chenjie,CB,24,69,79,79,55,77,77,65
Budu Zivzivadze,ST,30,69,69,70,67,62,78,66
Simon Zoller,ST,33,69,63,66,66,69,65,72
Ismaël Aaneba,CB,25,68,72,66,69,73,70,63
Matías Abaldo,RM,20,68,82,62,67,78,34,65
Ishaq Abdulrazak,CM,22,68,86,85,69,87,54,66
Tonni Adamsen,ST,29,68,77,62,58,78,63,69
Bobby Adekanye,RM,25,68,76,54,67,79,70,62
Braian Aguirre,RB,24,68,68,74,55,70,73,64
Brian Aguirre,LW,21,68,71,67,64,75,63,68
Darío Aimar,CB,29,68,55,63,64,62,73,62
Nariman Akhundzada,RW,20,68,74,61,59,77,60,67
Fatih Aksoy,CB,26,68,35,74,68,40,74,56
Muteb Al Harbi,LB,24,68,93,87,67,92,56,59
Mohammed Al Kuwaykibi,RM,29,68,78,69,65,83,50,59
Hussain Al Qahtani,CM,29,68,54,76,73,66,62,65
Saleh Al Shehri,ST,30,68,65,58,61,67,81,71
Williams Alarcón,CM,23,68,64,83,71,63,71,67
José Alberti,CM,27,68,61,68,70,65,71,55
Alcalá,CB,35,68,30,34,58,30,90,66
Haitam Aleesami,CB,33,68,75,78,65,70,75,67
Migouel Alfarela,ST,26,68,73,71,67,76,57,67
Taha Abdi Ali,LM,26,68,81,81,58,93,33,64
Joe Allen,CDM,34,68,50,68,72,61,55,67
Jamie Allen,CM,29,68,74,85,71,78,59,68
Júnior Urso,CDM,35,68,66,69,69,62,74,68
Alex Álvarez,ST,27,68,67,65,68,67,68,50
Rodrigo Amaral,CAM,27,68,64,55,75,63,76,67
Joel Amoroso,RM,36,68,72,65,63,70,81,68
Ayoub Amraoui,LB,20,68,71,74,60,73,60,65
Malte Amundsen,CB,26,68,75,73,69,72,76,68
Keshi Anderson,LM,29,68,79,68,67,80,60,64
Kaio César,RW,20,68,84,58,63,86,32,68
Federico Andueza,CB,27,68,56,72,63,64,82,60
Jeison Angulo,LB,28,68,71,80,66,75,76,63
Mirko Antonucci,CAM,25,68,73,69,64,81,61,64
João Silva,CB,25,68,65,73,64,52,71,66
Arambarri,CB,26,68,49,72,66,46,75,60
Óscar Aranda,LM,22,68,79,48,63,75,64,64
Carlens Arcus,RB,28,68,75,77,66,74,73,66
Scott Arfield,CM,35,68,44,56,72,42,64,64
Jann-Fiete Arp,ST,24,68,75,62,57,75,75,66
Tommaso Arrigoni,CM,30,68,63,81,76,68,69,68
Carlos Arrúa,CAM,27,68,70,80,68,70,59,60
Daniel Arzani,RM,25,68,86,72,62,92,65,58
Sebastián Assís,CDM,31,68,55,48,69,62,71,66
Valentin Atangana,CDM,19,68,53,61,72,58,49,66
Nathaniel Atkinson,RB,25,68,76,83,66,75,71,62
Arthur Atta,CAM,21,68,75,69,71,70,74,65
Soner Aydoğdu,CDM,33,68,61,69,71,66,62,65
Femi Azeez,RM,23,68,79,78,64,81,68,63
Pedrinho,LB,22,68,72,74,63,77,54,62
Iván Azón,ST,21,68,72,83,67,70,90,59
Abdoullah Ba,RM,21,68,71,73,66,78,56,64
Pape Meissa Ba,ST,27,68,83,66,57,64,76,60
Keanu Baccus,CM,26,68,77,88,68,76,63,67
Leandro Bacuna,RB,33,68,78,77,67,72,78,60
Gabriel Báez,LB,29,68,80,81,53,72,72,62
Mushaga Bakenga,ST,32,68,80,67,59,78,72,66
Aliou Baldé,RW,21,68,89,41,62,89,56,57
Romário Baldé,LM,27,68,79,76,65,76,74,72
William Balikwisha,CAM,25,68,74,69,67,79,53,68
Mamady Bangré,RM,23,68,70,57,68,68,37,67
Kosta Barbarouses,ST,34,68,78,88,58,79,67,70
Baltasar Barcia,RM,23,68,79,75,64,79,48,66
Antonio Barreca,LB,29,68,74,61,65,67,63,61
Lucas Bartlett,CB,27,68,52,66,54,53,85,70
Emrah Başsan,RM,32,68,75,65,67,77,56,58
Afonso Moreira,RM,19,68,82,54,65,79,46,55
Gil Dias,LM,27,68,69,69,67,75,64,68
Emerson Batalla,RW,23,68,85,51,58,80,63,63
Malik Batmaz,ST,24,68,74,75,58,79,64,68
Jonathan Bay,LB,31,68,70,76,57,68,70,67
Gökdeniz Bayrakdar,RM,22,68,73,74,65,72,63,67
Yanis Begraoui,ST,23,68,75,72,66,75,65,68
Marcel Beifus,CB,21,68,68,64,64,63,71,65
Leon Bell Bell,LB,28,68,75,85,61,81,61,60
George Bello,LM,22,68,83,72,62,83,67,68
Nicola Bellomo,CM,33,68,65,82,72,63,64,69
Nicky Beloko,CM,24,68,77,84,66,72,76,70
Rico Benatelli,CDM,32,68,34,75,73,57,78,64
Alan Benítez,RB,30,68,78,63,69,68,58,66
Lucas Bergvall,CM,18,68,68,69,67,76,67,74
Jesús Bernal,CDM,27,68,60,81,69,59,72,67
Alexander Bernhardsson,RM,26,68,90,62,66,83,65,67
Mika Biereth,ST,21,68,80,67,60,77,75,60
Filip Bilbija,LM,24,68,71,82,68,68,69,63
Max Bird,CM,23,68,65,74,69,66,61,69
Daniel Bîrligea,ST,24,68,83,77,63,84,76,65
Tom Bischof,CAM,19,68,59,60,73,63,44,66
El Chadaille Bitshiabu,CB,19,68,75,55,62,35,91,65
John Björkengren,CM,25,68,81,80,69,78,68,68
Odin Luraas Bjørtuft,CB,25,68,63,76,68,66,77,68
Corey Blackett-Taylor,LM,26,68,92,70,57,92,56,60
Tristan Blackmon,CB,28,68,89,71,66,87,79,68
Latif Blessing,CM,27,68,82,80,71,85,43,69
Jérôme Boateng,CB,36,68,35,31,69,31,69,66
Kennedy Boateng,CB,27,68,68,66,69,63,75,67
Antonin Bobichon,CM,29,68,65,71,71,63,66,65
Victor Bobsin,CDM,24,68,60,70,68,68,72,64
Nicolai Boilesen,CB,32,68,52,65,69,52,73,67
Facundo Boné,ST,28,68,79,66,70,76,58,63
Kady,CAM,28,68,74,67,67,73,71,66
Mattia Bottani,CAM,33,68,80,73,69,81,34,64
William Bøving,ST,21,68,83,72,65,81,61,66
Terrence Boyd,ST,33,68,72,60,60,51,87,71
Bilal Brahimi,CAM,24,68,71,67,68,71,55,58
Luke Brattan,CDM,34,68,54,79,73,51,79,63
Christopher Braun,RB,33,68,79,81,65,79,82,62
Jonatan Braut-Brunes,ST,24,68,75,62,62,72,81,65
Néstor Breitenbruch,CB,29,68,77,72,69,70,77,65
Emil Breivik,CDM,24,68,76,87,67,74,71,66
Fabrizio Brignani,CB,26,68,65,70,57,58,70,54
Massimo Bruno,CAM,30,68,67,60,68,69,66,68
Mustapha Bundu,RW,27,68,87,72,68,85,74,61
Aitor Buñuel,RB,26,68,85,87,62,83,70,61
Delano Burgzorg,ST,25,68,84,73,61,79,74,66
Dženis Burnić,CDM,26,68,71,76,70,75,64,68
Salvatore Burrai,CDM,37,68,63,78,67,67,66,65
Alexander Busch,CB,21,68,57,66,63,51,68,64
Jack Byrne,RW,28,68,70,70,68,71,63,65
Hernesto Caballero,CDM,33,68,54,53,75,51,74,53
Martín Cáceres,CB,37,68,64,68,66,65,73,65
Darío Cáceres,LB,26,68,81,83,54,80,64,63
Gonzalo Verdú,CB,35,68,53,63,67,42,84,66
Maximiliano Caire,RB,36,68,69,59,66,64,62,67
Arturo Calabresi,RB,28,68,63,71,64,34,77,68
Brian Calderara,LM,26,68,74,73,70,75,42,65
Calegari,RB,22,68,82,77,68,80,46,57
Iván Calero,RB,29,68,78,75,67,80,58,63
Fabrizio Caligara,CM,24,68,61,81,71,65,70,70
Rudy Camacho,CB,33,68,38,78,72,34,81,64
Adama Camara,CM,27,68,66,62,71,64,48,69
Camarasa,CM,30,68,54,63,72,59,68,61
Campuzano,ST,27,68,79,73,65,77,70,66
Richard,CDM,30,68,68,64,69,70,63,63
Ezequiel Cañete,CAM,25,68,62,78,70,62,70,58
Russell Canouse,CDM,29,68,65,78,63,65,76,66
Cantero,ST,24,68,79,73,67,77,66,67
Cao Yunding,LM,34,68,74,65,66,73,58,60
Antonio Caracciolo,CB,34,68,39,70,66,57,79,67
Pedro Lima,RB,18,68,84,59,70,86,54,60
Luis Cardozo,CB,35,68,54,60,63,60,74,62
Fernando Cardozo,RM,23,68,78,83,61,78,58,69
Lorenzo Carissoni,LB,27,68,76,71,63,75,69,61
Rafael Carrascal,CM,31,68,66,74,71,65,72,76
Andy Carroll,ST,35,68,37,47,61,36,93,64
Facundo Agustín Cáseres,CDM,23,68,66,74,72,68,48,65
Claudio Cassano,CAM,21,68,80,65,65,84,36,62
Nicolás Castillo,ST,31,68,60,35,64,62,65,65
Nilson Castrillón,RB,28,68,70,82,55,69,71,63
Agustín Cayetano,LB,25,68,66,71,68,63,66,51
Jason Ceka,RW,24,68,62,66,67,81,34,58
Bersant Celina,LM,28,68,76,71,64,81,63,63
Luca Ceppitelli,CB,35,68,35,37,53,38,77,61
Francisco Cerro,CDM,36,68,67,78,68,63,76,68
Mehdi Chahiri,LM,28,68,74,61,71,75,72,67
Aníbal Chalá,LB,28,68,91,79,62,90,62,58
Walter Jhonnier Chalá,CB,24,68,75,67,60,71,75,60
Charilaos Charisis,CM,29,68,56,76,69,58,67,65
Dion Charles,ST,28,68,85,89,65,74,74,68
Gabriel Charpentier,ST,25,68,50,68,61,56,78,59
Issam Chebake,RB,34,68,67,73,62,66,64,65
Chen Pu,LM,27,68,86,73,61,86,62,63
Andrés Chicaiza,CAM,32,68,67,70,71,65,60,54
Julián Chicco,CM,26,68,55,71,73,51,77,62
Max Christiansen,CDM,27,68,66,74,65,58,73,66
Tochi Chukwuani,CM,21,68,71,72,70,68,74,65
Alejandro Chumacero,CM,33,68,59,68,72,61,66,60
Darko Churlinov,RM,24,68,77,59,66,80,47,67
Jhon Cifuente,ST,32,68,62,32,47,61,80,50
Denis Ciobotariu,CB,26,68,68,71,61,70,80,64
Dennis Cirkin,LB,22,68,78,68,62,75,57,65
Juri Cisotti,CM,31,68,65,83,69,66,61,65
William Clem,CDM,20,68,56,74,72,55,67,66
Pelle Clement,CM,28,68,82,74,74,74,57,66
Diego Coelho,ST,29,68,68,75,58,63,79,62
Devante Cole,ST,29,68,90,75,58,84,66,68
David Čolina,LB,24,68,75,72,52,82,46,64
Ebrima Colley,RW,24,68,82,57,64,84,58,61
Aaron Collins,ST,27,68,78,89,67,83,69,68
Arnau Comas,CB,24,68,78,62,64,74,79,63
Amara Condé,CM,27,68,75,78,70,75,66,61
Oliver Cooper,CAM,24,68,69,72,68,72,56,62
Kamil Çörekçi,RB,32,68,78,72,65,75,65,62
Emanuel Coronel,RB,27,68,68,73,61,69,60,63
Lasso Coulibaly,RM,21,68,91,63,64,91,60,60
Mamadou Coulibaly,CM,25,68,76,76,72,78,82,68
Gaëtan Courtet,ST,35,68,63,69,65,54,71,76
Nemanja Čović,ST,33,68,67,67,63,61,76,64
Cristian Cuevas,LM,29,68,86,73,65,85,62,53
Nenad Cvetkovic,CB,28,68,71,59,65,76,79,56
Jakub Czerwiński,CB,33,68,50,78,58,54,84,62
Nick D'Agostino,ST,26,68,83,86,62,83,81,66
Xande Silva,LW,27,68,85,58,65,78,65,62
Josh Dacres-Cogley,RB,28,68,91,91,61,87,67,61
Amadou Dante,LB,23,68,81,80,60,82,62,64
Misael Dávila,CM,33,68,75,75,72,77,63,66
Joyskim Dawa,CB,28,68,82,81,50,81,90,61
Afonso Sousa,CAM,24,68,78,64,68,77,47,71
Eguinaldo,LM,20,68,84,60,60,86,48,68
Mees de Wit,LB,26,68,74,77,67,76,73,64
Mats Deijl,RB,27,68,72,79,59,67,64,63
Mateo Del Blanco,LM,20,68,80,87,66,82,53,64
Harrison Delbridge,CB,32,68,41,74,55,52,90,52
Nicolás Demartini,CB,24,68,58,67,65,59,79,68
Alec Deneumostier,CB,25,68,60,34,65,54,72,62
Cristian Devenish,CB,23,68,54,53,62,46,81,66
Nicky Devlin,RB,30,68,81,87,58,77,74,64
Yan Dhanda,CAM,25,68,71,68,69,71,52,65
Matteo Di Gennaro,CB,30,68,65,64,58,60,75,62
Alessandro Di Pardo,RB,25,68,74,65,68,76,56,62
Ousmane Diakité,CDM,24,68,69,73,69,69,82,59
Alexander Díaz,ST,24,68,73,69,61,78,75,64
Nouha Dicko,ST,32,68,77,66,64,74,80,69
Soner Dikmen,CM,31,68,67,75,68,64,70,70
Jerónimo Domina,ST,18,68,83,57,62,87,48,61
Anastasios Donis,ST,28,68,79,65,63,80,61,64
Anton Donkor,LB,26,68,91,91,61,85,81,58
Daniele Donnarumma,LB,32,68,77,75,66,75,69,63
Lohann Doucet,CDM,22,68,66,69,70,64,66,66
Andre Dozzell,CM,25,68,66,86,71,73,57,61
Mohamed Dräger,RB,28,68,75,69,66,78,56,63
Dejan Dražić,LM,28,68,70,75,65,81,56,66
Dennis Dressel,CDM,25,68,63,90,70,70,69,66
Dominick Drexler,CAM,34,68,70,62,71,66,54,71
Jonathan Dubasin,RM,24,68,73,57,65,75,58,66
Tom Ducrocq,CDM,25,68,76,83,68,69,64,63
Taylan Duman,CAM,27,68,39,67,70,59,65,65
Dario Dumić,CB,32,68,53,41,66,34,81,58
Maksym Dyachuk,CB,21,68,65,64,70,62,70,68
Nikolas Dyhr,LB,23,68,83,76,64,75,66,63
Adam Dźwigała,CB,28,68,78,73,66,66,75,65
Thiago Andrade,LM,23,68,88,66,62,87,51,57
Ronnie Edwards,CB,21,68,71,75,64,67,71,68
Marvin Ekpiteta,CB,29,68,68,62,58,49,83,64
Pierre Ekwah,CM,22,68,64,71,70,58,76,66
Mounaïm El Idrissy,ST,25,68,74,69,65,69,61,62
Idris El Mizouni,CDM,23,68,62,85,66,68,67,64
Josip Elez,CB,30,68,54,57,74,58,83,64
Simon Elisor,ST,25,68,74,72,62,74,69,61
Jan Elvedi,CB,27,68,83,82,64,73,81,62
Emeka Eneli,CDM,24,68,70,68,69,70,55,66
Gustav Engvall,ST,28,68,69,73,59,70,75,63
Marc-Francois Enoumba,CB,31,68,75,70,66,81,80,64
Ethan Erhahon,CDM,23,68,73,83,67,75,70,62
Sebastian Ernst,CM,29,68,62,75,70,78,64,69
Ataru Esaka,CAM,32,68,75,67,66,80,60,68
Franco Escobar,RB,29,68,72,68,63,69,66,65
Juan Cruz Esquivel,LM,24,68,81,63,68,80,66,63
Gonçalo Esteves,RB,20,68,76,62,65,75,64,67
Konrad Faber,RB,26,68,89,75,67,76,61,66
Lukas Fadinger,CAM,23,68,67,76,68,71,34,64
Mourtada Fall,CB,36,68,50,65,60,50,89,58
Agustín Farías,CM,36,68,57,80,73,55,70,64
Andrew Farrell,CB,32,68,74,78,67,73,81,68
Andrea Favilli,ST,27,68,53,52,63,55,80,65
Jacopo Fazzini,CM,21,68,66,73,74,70,54,70
Robin Fellhauer,CDM,26,68,72,90,67,72,66,67
Volnei Feltes,CB,24,68,60,62,54,58,76,57
Kaiky,CB,20,68,70,67,69,66,62,56
Omar Fernández,LM,31,68,74,58,64,75,58,62
Julián Fernández,RW,20,68,78,55,64,75,53,62
Fernando Fernández,ST,32,68,63,52,62,60,80,67
Manuel Fernández,CB,35,68,48,62,58,50,80,64
Martín Ferreira,LB,32,68,70,71,60,71,71,66
Hampus Finndell,CM,24,68,66,78,69,71,66,70
Mattia Finotto,ST,31,68,82,76,62,80,66,70
Manfred Fischer,CM,29,68,69,91,72,73,71,68
Leon Flach,CM,23,68,85,85,70,78,63,69
Florian Flecker,RM,28,68,82,82,58,90,66,62
Santiago Flores,CB,23,68,64,88,59,68,76,65
João Ferreira,RB,23,68,76,67,63,75,65,68
Rúben Macedo,LW,28,68,78,67,64,78,57,70
Morgan Fox,CB,30,68,59,74,64,61,72,68
Gianluca Frabotta,LB,25,68,67,74,66,67,69,63
Iván Franco,RM,24,68,81,52,65,82,57,66
Pedro Franco,CB,33,68,55,69,67,52,72,67
Oscar Luigi Fraulo,CDM,20,68,67,83,70,74,63,67
Haruya Fujii,CB,23,68,68,56,66,61,80,65
Tom Gaal,CB,23,68,54,68,64,54,76,69
Nino Galović,CB,32,68,65,67,67,50,80,67
Renzo Garcés,CB,28,68,55,73,67,54,70,68
Simón García,CB,19,68,70,76,66,69,67,68
Manuel García,CB,25,68,57,65,66,53,67,68
Juanma García,RM,31,68,83,76,61,85,46,64
Ben Garuccio,LB,29,68,83,83,62,79,72,62
Juan Carlos Gauto,LM,20,68,85,72,66,85,69,60
Benjamín Gazzolo,CB,27,68,66,66,64,59,79,63
Gaspar Gentile,LM,29,68,76,66,65,76,72,66
Kosmas Gezos,CB,32,68,49,63,61,46,80,63
Ismaël Gharbi,LW,20,68,72,68,66,75,34,66
Liam Gibbs,CM,21,68,65,73,71,68,58,72
Raoul Giger,RB,26,68,68,79,58,71,64,64
Brayan Gil,ST,23,68,65,66,56,67,83,61
Nacho Gil,RM,29,68,77,65,66,79,31,63
Iván Gil,CM,24,68,65,57,69,66,47,69
Glauder,CB,28,68,70,83,61,73,81,64
Dave Gnaase,CDM,27,68,75,83,66,77,71,65
Thomas Goiginger,RM,31,68,72,60,65,73,56,65
Benjamin Goller,RW,25,68,79,85,66,84,43,64
Diego Gómez,CM,21,68,75,64,73,75,74,70
Ray Gómez,CAM,30,68,78,80,72,73,55,55
Bryan Goncalves,LB,28,68,69,82,65,68,78,60
Bruninho,LW,21,68,69,49,67,70,44,70
Roderick Miranda,CB,33,68,31,83,60,33,91,61
Cedric Diomandè Gondo,ST,27,68,66,64,54,76,70,58
Gonzalo Goñi,CB,26,68,55,66,57,60,83,64
Francisco González,LW,23,68,81,65,65,79,40,51
Walter González,ST,29,68,63,68,51,55,71,66
Diego González,CB,29,68,64,69,66,66,78,67
Thijmen Goppel,RM,27,68,86,77,63,91,65,58
Alimami Gory,RM,28,68,92,60,59,86,66,63
Felix Götze,CB,26,68,65,70,68,65,72,71
Jorge Grant,CM,29,68,66,79,72,64,66,66
Adrian Grbić,ST,28,68,66,66,56,64,78,66
Marcel Guaramato,RB,30,68,84,59,65,85,70,55
Guarrotxena,LW,31,68,69,73,66,65,69,62
Andri Lucas Guðjohnsen,ST,22,68,79,66,60,74,76,61
Hakim Guenouche,LM,24,68,86,83,63,82,48,59
Franklin Guerra,CB,32,68,62,73,65,64,74,65
Baptiste Guillaume,ST,29,68,40,71,67,61,82,65
Umut Güneş,CM,24,68,68,70,74,62,64,68
Jon Guthrie,CB,32,68,50,81,58,49,90,65
Raúl Guti,CM,27,68,64,86,70,66,78,74
Sebastián Guzmán,CDM,27,68,69,82,69,68,70,69
Jaouen Hadjam,LB,21,68,77,71,63,72,74,61
Anders Hagelskjær,CB,27,68,59,69,68,54,78,62
Nick Hagglund,CB,32,68,44,54,61,46,77,62
Johan Hammar,CB,30,68,34,43,58,36,87,62
Tim Handwerker,LB,26,68,78,81,58,84,66,63
Florent Hanin,LB,34,68,77,80,64,81,69,65
Benjamin Hansen,CB,30,68,62,75,62,51,86,66
Kristoffer N. Hansen,LM,30,68,75,70,67,78,61,64
Sontje Hansen,RM,22,68,83,62,63,87,57,60
Rhys Healey,ST,29,68,68,72,65,78,63,65
Daniel Heber,CB,30,68,79,82,57,75,70,65
Philip Heise,LB,33,68,59,74,70,68,71,64
Þórir Jóhann Helgason,CM,23,68,66,76,72,68,63,66
Heo Yong Joon,ST,31,68,70,64,63,68,84,64
Nelson Hernández,RB,32,68,77,60,71,73,63,66
Herrando,CB,23,68,52,61,69,57,59,64
Moritz Heyer,RB,29,68,61,69,72,61,74,64
Vebjørn Hoff,CDM,28,68,67,80,70,66,65,65
Maximilian Hofmann,CB,31,68,65,70,65,55,73,67
Samuel Leach Holm,CM,26,68,63,67,71,63,59,65
Justin Hoogma,CB,26,68,42,70,71,37,76,68
Siebe Horemans,RB,26,68,76,76,58,76,75,64
Jannes Horn,CB,27,68,73,72,67,77,70,66
Fraser Hornby,ST,25,68,61,61,66,54,89,61
Jizz Hornkamp,ST,26,68,55,62,60,68,73,66
Krisztofer Horváth,CAM,22,68,67,67,65,72,52,69
Sam Hoskins,LM,31,68,88,85,60,91,65,66
Conor Hourihane,CM,33,68,46,71,69,51,63,70
Petko Hristov,CB,25,68,31,49,52,52,80,63
Niall Huggins,LB,23,68,82,72,62,84,58,64
Jean Hugonet,CB,24,68,73,69,66,61,77,63
Dean Huijsen,CB,19,68,68,60,68,60,68,64
Bashir Humphreys,CB,21,68,60,63,68,65,72,67
Cameron Humphreys-Grant,CB,26,68,66,65,57,59,78,69
James Husband,CB,30,68,64,70,60,62,70,64
Badavi Hüseynov,CB,33,68,62,61,72,60,74,69
Hwang Mun Ki,RB,27,68,69,83,67,75,67,68
Paul Iacob,CB,28,68,69,80,61,65,82,62
Ylldren Ibrahimaj,RM,28,68,79,84,65,78,65,61
Jay Idzes,CB,24,68,45,78,70,62,80,63
Ahmed Ildız,CM,27,68,69,71,71,76,67,68
Mihajlo Ilić,CB,21,68,50,45,62,38,82,60
Rareș Ilie,LM,21,68,81,68,66,74,66,61
Tom Ince,RW,32,68,72,67,66,78,63,65
Rodrigo Insua,LB,26,68,81,85,62,77,61,55
Nestory Irankunda,RM,18,68,94,58,58,95,78,68
Luca Itter,CB,25,68,80,68,66,80,67,66
Andrei Ivan,ST,27,68,83,83,63,84,73,60
Marko Ivezić,CB,22,68,80,65,68,62,76,61
Diego Moreira,LM,20,68,80,60,63,85,62,62
Jordan James,CM,20,68,66,69,71,68,70,65
Rafał Janicki,CB,32,68,48,60,64,39,84,64
Marko Janković,CM,29,68,71,64,70,75,59,65
Nicolas Janvier,CM,26,68,63,69,72,67,68,67
Gaby Jean,CB,24,68,54,73,61,56,74,61
Leon Jensen,CM,27,68,62,80,73,68,51,68
Ulisses Wilson,CB,24,68,54,74,58,48,86,66
Carl Johansson,CB,30,68,53,63,61,51,77,63
Marvin Johnson,LB,33,68,75,74,68,75,70,65
Jodi Jones,LM,26,68,88,79,62,89,40,62
Sebastian Jørgensen,RM,24,68,70,81,67,72,57,64
Mateo Joseph,ST,20,68,84,64,58,79,68,65
Lenny Joseph,RW,23,68,80,73,66,81,63,59
Anderson Julio,ST,28,68,82,73,66,82,65,64
Gideon Jung,CB,30,68,73,67,67,67,77,61
Jung Woo Young,CDM,34,68,55,77,71,55,73,63
Adrián Jusino,CB,32,68,52,81,52,39,92,57
Elvis Kabashi,CM,30,68,67,71,74,71,76,66
Lukas Kačavenda,CAM,21,68,64,76,69,68,58,68
Hassan Kadish,CB,31,68,76,87,65,74,81,64
Kylian Kaïboué,CDM,26,68,74,80,67,62,68,59
Filip Kaloč,CM,24,68,71,75,69,60,78,67
Abu Kamara,RM,21,68,85,71,63,85,62,63
Marco Kana,CDM,22,68,68,63,72,68,71,63
Herbie Kane,CM,25,68,68,85,70,69,68,66
Kang Sang Woo,LB,30,68,78,86,66,75,67,66
Ousmane Kanté,CB,34,68,34,81,62,34,89,65
Bartosz Kapustka,CM,27,68,81,70,72,79,57,70
Ondřej Karafiát,CB,29,68,64,66,64,63,76,65
Nikos Karelis,ST,32,68,72,55,65,74,74,63
Ayman Kari,CM,19,68,67,65,73,74,65,67
Neraysho Kasanwirjo,CB,22,68,84,78,60,76,73,59
Mark-Anthony Kaye,CM,29,68,72,82,73,68,70,66
Habib Keïta,CM,22,68,69,70,70,66,65,64
Can Keleş,RM,23,68,78,67,63,79,64,66
Aljoscha Kemlein,CM,20,68,55,67,73,66,67,66
Liam Kerrigan,RM,24,68,71,65,70,73,70,65
Sam Kersten,CB,26,68,81,59,66,67,83,66
Benhur Keser,LM,27,68,77,66,63,74,58,64
Kim Jin Kyu,CM,27,68,77,88,73,74,67,67
Kim In Sung,RM,35,68,89,71,57,89,61,66
Kim Kee Hee,CB,35,68,60,61,60,59,84,57
Kim Moon Hwan,RB,29,68,81,88,61,86,60,66
Kim Bong Soo,CB,24,68,68,81,67,66,76,65
Kim Dong Hyun,CM,27,68,66,86,73,67,79,71
Kim Jin Su,LB,32,68,81,77,63,81,72,62
Sebastian Klaas,CAM,26,68,55,83,70,79,42,68
Colin Kleine-Bekel,CB,21,68,56,65,55,58,76,58
Anders Klynge,CM,23,68,68,85,69,69,68,67
Magnus Knudsen,CM,23,68,71,71,74,72,61,66
Vladyslav Kochergin,CM,28,68,65,82,74,67,61,65
Giorgi Kochorashvili,CM,25,68,67,77,73,71,57,62
Sven Köhler,CDM,27,68,64,89,67,63,76,62
Paul Koller,CB,22,68,62,73,67,60,77,61
Timothée Kolodziejczak,CB,32,68,61,61,68,59,76,67
Benjamin Kololli,LM,32,68,71,69,65,69,71,63
Marco Komenda,CB,27,68,66,65,63,71,75,58
Mory Konaté,CDM,30,68,41,76,68,46,88,62
Ransford-Yeboah Königsdörffer,RW,23,68,77,71,65,85,60,56
Eboue Kouassi,CDM,26,68,66,62,68,64,70,64
Leonardo Koutris,LB,29,68,69,72,62,80,64,66
Sebastian Kowalczyk,CAM,26,68,79,80,66,84,32,70
Kacper Kozłowski,LM,20,68,61,74,66,77,67,70
Bozhidar Kraev,RW,27,68,69,68,66,74,76,68
Lars Kramer,CB,25,68,49,71,60,46,84,65
Bledian Krasniqi,CM,23,68,72,70,70,70,56,68
Filip Krastev,CAM,22,68,59,52,70,80,32,49
Anton Krešić,CB,28,68,55,64,54,57,91,61
Eli Junior Kroupi,ST,18,68,72,57,73,69,54,63
Sandro Kulenović,ST,24,68,78,79,59,79,83,64
Godson Kyeremeh,RM,24,68,83,56,58,90,33,51
Hector Kyprianou,CDM,23,68,64,82,66,64,74,65
Tomás Esteves,RB,22,68,77,74,67,76,66,64
Agustín Lagos,RB,22,68,71,81,63,64,64,64
Anthony Landázuri,RB,27,68,78,70,61,76,80,66
Yasser Larouci,LB,23,68,71,69,64,71,62,67
Lars Olden Larsen,LM,25,68,67,80,62,83,57,62
Eric Larsson,RB,33,68,70,89,64,61,73,65
Bryan Lasme,ST,25,68,91,73,61,81,89,65
Lion Lauberbach,ST,26,68,84,73,66,68,83,69
Jacob Barrett Laursen,LB,29,68,56,74,67,66,72,63
Florian Le Joncour,CB,29,68,75,73,47,43,83,65
Ryan Ledson,CDM,27,68,64,78,67,59,65,64
Lee Dong Hee,CB,24,68,64,56,64,65,82,63
Lee Dong Jun,RM,27,68,88,59,56,91,58,64
Lee Tae Suk,LB,22,68,74,84,59,78,62,67
Lee Myung Jae,LB,30,68,76,80,64,78,61,68
Lee Hee Kyun,ST,26,68,75,87,66,73,50,76
Iván Leguizamón,RM,22,68,88,61,64,86,57,62
Robert Leipertz,ST,31,68,63,68,70,80,73,68
Lucas Lemos,CDM,24,68,66,75,67,42,76,64
Brooks Lennon,RB,26,68,74,87,69,72,65,63
Dylan Levitt,CM,23,68,59,66,72,67,64,67
Oscar Lewicki,CDM,32,68,53,83,63,54,69,63
Kevin Lewis,CDM,25,68,69,76,58,67,63,69
Clayton Lewis,CDM,27,68,67,82,70,73,76,65
Franco Leys,CDM,30,68,63,81,70,66,58,62
Lim Sang Hyub,LM,36,68,76,77,61,73,72,63
Lim Dug Keun,CDM,24,68,64,79,67,60,78,64
Nicolás Linares,CDM,28,68,55,67,69,61,63,64
Jesper Löfgren,CB,27,68,50,61,57,44,87,56
Justin Lonwijk,CM,24,68,76,76,71,69,81,68
Marcos López,LM,24,68,75,78,66,78,68,68
Tom Louchet,LW,21,68,66,70,71,73,55,67
Loureiro,CB,27,68,70,70,60,68,74,68
Damion Lowe,CB,31,68,71,71,50,63,85,60
Adrián Luna,CAM,32,68,77,61,72,79,36,61
Diego Luna,LM,21,68,72,60,68,83,79,59
Valdemar Lund,CB,21,68,52,67,68,51,77,63
Awer Mabil,LM,28,68,84,69,61,88,56,57
Jamie Maclaren,ST,31,68,74,87,65,80,69,70
Johan Madrid,RB,27,68,72,74,64,74,70,65
Julien Maggiotti,CM,29,68,64,78,68,58,80,65
Pablo Magnín,ST,34,68,62,52,61,66,67,67
Luca Magnino,CDM,27,68,79,69,69,74,72,69
Lars Lukas Mai,CB,24,68,54,59,65,53,84,65
Guido Mainero,RM,29,68,89,73,62,85,61,60
Adilson Malanda,CB,22,68,65,71,64,57,71,62
Julián Malatini,CB,23,68,77,73,64,71,70,68
Alexis Maldonado,CB,27,68,50,71,54,49,84,66
Nicolás Maná,RM,30,68,82,70,68,80,72,57
Cyril Mandouki,CDM,33,68,50,90,67,46,76,66
Massimiliano Mangraviti,CB,26,68,75,70,64,69,76,65
Sivert Heggheim Mannsverk,CDM,22,68,57,84,71,68,72,65
Kevin Mantilla,CB,21,68,54,60,62,57,78,72
Riccardo Marchizza,LB,26,68,59,61,67,51,69,69
Iván Márquez,CB,30,68,50,66,61,47,81,64
Manuel Marras,RM,31,68,76,85,65,83,31,61
Nacho Martín,CDM,22,68,72,71,73,68,58,63
Mario Martín,CM,20,68,68,34,74,69,48,68
Álex Martín,CB,26,68,37,51,72,49,71,62
Martínez,CB,31,68,40,67,69,44,78,64
Marvin Martins,CB,29,68,79,82,67,71,76,65
Alexandru Mățan,CAM,25,68,87,63,69,85,44,65
Núrio Fortuna,CB,29,68,77,62,68,71,66,62
Henning Matriciani,RB,24,68,80,76,58,74,72,65
Jannik Mause,ST,26,68,81,72,58,81,74,64
Camilo Mayada,RB,33,68,78,73,67,69,68,70
Fally Mayulu,ST,22,68,77,69,52,75,74,61
Bradley Mazikou,LB,28,68,76,67,64,77,54,63
Olivier Mbaizo,RB,27,68,79,73,67,82,61,59
Jean-Manuel Mbom,CM,24,68,72,73,71,68,72,72
Dax McCarty,CDM,37,68,34,80,66,53,67,70
Jack McGlynn,CM,21,68,69,68,75,71,57,65
Sean McLoughlin,CB,27,68,54,69,61,53,77,63
Medrano,LB,24,68,83,77,61,81,45,60
Anis Mehmeti,LM,23,68,73,70,63,75,63,58
Danilo Veiga,RB,21,68,70,66,63,68,72,62
Emiliano Méndez,CDM,35,68,33,81,69,41,90,60
William Mendieta,CAM,35,68,53,53,69,61,70,67
Hamza Mendyl,LM,26,68,89,71,63,85,61,70
Mehdi Merghem,RM,27,68,74,74,68,76,70,55
Billal Messaoudi,ST,26,68,76,63,61,84,69,68
Metinho,CDM,21,68,70,72,71,68,60,65
Melle Meulensteen,CDM,25,68,68,78,66,68,73,68
August Mikkelsen,LW,23,68,75,83,63,85,56,62
Dardo Miloc,CDM,33,68,61,90,62,59,71,63
Marko Milovanović,ST,21,68,62,58,59,56,78,67
Kevin Minda,CDM,25,68,63,76,70,67,68,65
Luis Miranda,RM,27,68,81,73,63,83,60,64
Demetri Mitchell,LM,27,68,91,74,63,89,64,62
Billy Mitchell,CM,23,68,66,82,72,66,70,72
Stefan Mitrović,LM,22,68,79,64,65,74,69,53
Jan Mlakar,LM,25,68,78,71,65,80,71,65
Vasile Mogoș,RB,31,68,68,74,64,63,83,64
Tobias Mohr,LM,29,68,81,76,64,77,68,59
Adrien Monfray,CB,33,68,68,88,63,59,84,64
Gonzalo Morales,ST,21,68,73,66,54,73,80,69
Alfredo Morales,CDM,34,68,48,78,67,62,76,64
Jon Morcillo,LM,25,68,76,71,66,82,65,61
Berto,LM,28,68,78,66,62,80,74,67
Ariel Mosór,CB,21,68,66,75,62,66,78,62
Aimen Moueffek,CM,23,68,62,64,68,68,65,69
Filip Mrzljak,CDM,31,68,66,87,65,71,62,61
Rui Modesto,RM,24,68,85,78,62,84,57,58
Arbnor Mucolli,LW,24,68,72,71,66,75,52,62
Ngal'ayel Mukau,CDM,19,68,64,64,72,65,60,62
Beni,CM,22,68,67,70,69,67,62,64
Agustín Mulet,CM,24,68,70,83,75,72,66,64
Tobias Müller,CB,30,68,62,71,60,64,76,66
Paul Mullin,ST,29,68,77,83,58,74,71,67
Jorge Félix,LM,33,68,66,62,68,66,56,66
Josh Murphy,LM,29,68,87,56,63,86,55,62
Visar Musliu,CB,29,68,71,72,62,70,74,67
Alex Muyl,RM,28,68,76,91,66,80,74,62
Joel Mvuka,RM,21,68,90,71,59,92,33,58
Moussa N'Diaye,LB,22,68,78,65,67,73,57,62
Nikolas Nartey,CM,24,68,69,59,73,69,72,71
João Muniz,CB,19,68,68,58,49,71,66,64
Kyle Naughton,CB,35,68,53,60,70,55,66,69
Federico Navarro,CDM,24,68,74,67,70,73,43,65
Raúl Navarro,RB,30,68,65,75,66,66,60,65
Duckens Nazon,ST,30,68,78,46,63,74,79,63
Alassane Ndao,RM,27,68,78,63,65,74,59,63
Dorgeles Nene,ST,21,68,85,67,63,86,50,63
Loïc Nestor,CB,35,68,39,87,61,59,78,66
Roman Neustädter,CB,36,68,32,77,70,32,74,60
Serge-Junior M. Ngouali,CDM,32,68,60,75,68,61,73,70
Ibrahima Niane,ST,25,68,76,65,58,81,67,65
Julian Niehues,CDM,23,68,61,72,65,57,84,68
Lasse Nielsen,CB,36,68,69,69,59,61,82,63
Luciano Nieto,CM,33,68,71,68,72,73,65,70
Carlos Nieto,LB,28,68,71,76,65,67,76,65
Calem Nieuwenhof,CM,23,68,76,88,69,76,58,67
Rhys Norrington-Davies,LB,25,68,68,75,65,69,63,64
Ryan Nyambe,RB,26,68,78,73,61,78,76,63
Benjamin Nygren,ST,23,68,68,64,68,71,66,67
Mark O'Hara,CM,28,68,72,86,68,69,74,68
Samuel Obeng,ST,27,68,85,82,56,83,84,56
Jáder Obrian,RM,29,68,86,74,61,88,67,65
Marvin Obuz,RM,22,68,69,81,69,76,60,66
Kanji Okunuki,LM,25,68,83,80,63,86,35,61
Olaetxea,CDM,31,68,63,75,70,65,73,68
Andrigo,RW,29,68,74,77,71,76,58,60
Cleiton Silva,ST,37,68,72,78,62,78,79,63
Simon Olsson,CM,27,68,61,84,75,65,74,64
Odei,CB,34,68,52,87,61,48,72,67
Jérôme Onguéné,CB,26,68,72,50,65,64,76,62
Thijs Oosting,ST,24,68,67,78,69,69,61,68
Kwadwo Opoku,ST,23,68,84,71,63,86,74,69
Aaron Opoku,RM,25,68,92,71,61,84,58,53
Pedro Ortiz,CM,24,68,54,72,71,65,68,65
Sergio Ortuño,CM,25,68,66,70,69,60,60,68
Leandro Otormín,LW,28,68,68,63,73,79,61,48
Yassin Oukili,CDM,23,68,64,77,71,54,82,64
Walid Ould-Chikh,CAM,24,68,77,69,69,74,61,65
Luca Oyen,LM,21,68,74,63,67,82,42,61
Levin Öztunalı,RW,28,68,80,64,68,75,71,66
Marko Pajač,LB,31,68,75,82,70,73,59,68
Tobías Palacio,CB,17,68,84,75,65,72,73,63
Giuseppe Panico,ST,27,68,79,61,66,80,57,68
Renato Pantalon,CB,26,68,53,60,50,53,90,65
Jayson Papeau,LM,28,68,83,72,64,84,75,56
Daniel Paraschiv,ST,25,68,72,85,59,78,78,66
Ezequiel Parnisari,CB,34,68,33,38,63,32,81,66
Alfonso Parot,LB,34,68,74,71,64,56,81,59
Troy Parrott,ST,22,68,78,69,64,77,62,70
Juan Patiño,CB,34,68,65,64,63,54,83,59
Charlie Patino,CM,20,68,55,76,74,66,58,61
Louis Patris,RB,23,68,79,67,62,69,70,62
Luis Paz,CDM,36,68,54,72,66,65,80,59
Matty Pearson,CB,31,68,51,79,53,48,81,64
Marvin Peersman,CB,33,68,73,75,57,68,74,60
Tomáš Pekhart,ST,35,68,68,70,64,47,90,65
Pietro Pellegri,ST,23,68,57,50,59,55,72,64
Théo Pellenard,CB,30,68,46,68,70,55,71,66
Henrique Araújo,ST,22,68,68,67,62,72,75,71
Elías Pereyra,LB,25,68,78,75,62,82,54,61
Kevin Pérez,CAM,27,68,80,66,69,80,47,62
César Pérez,CM,21,68,70,78,71,68,58,67
Dino Perić,CB,30,68,58,58,68,46,84,52
Mauro Perković,CB,21,68,77,75,61,74,73,65
Aleks Petkov,CB,25,68,62,64,60,58,87,60
Lukas Petkov,CM,23,68,73,72,72,78,62,68
Dimitri Petratos,ST,31,68,62,86,70,66,72,71
Raoul Petretta,LB,27,68,76,74,66,81,71,64
Jacopo Petriccione,CM,29,68,38,60,74,55,63,63
Radosav Petrović,CDM,35,68,33,70,65,37,80,65
Leonel Picco,CDM,25,68,55,71,71,53,74,61
Carl Piergianni,CB,32,68,34,79,55,44,91,65
Santiago Pierotti,RW,23,68,67,54,68,68,72,70
Balthazar Pierret,CDM,24,68,62,74,68,70,71,64
Iván Pillud,RB,38,68,64,52,67,53,77,70
César Pinares,CAM,33,68,66,69,70,68,74,58
Donovan Pines,CB,26,68,76,67,54,68,84,63
Guilherme Ramos,CB,27,68,66,70,61,53,82,66
Przemysław Płacheta,LM,26,68,93,76,63,89,48,62
Tin Plavotić,CB,27,68,39,60,67,41,89,48
Pleguezuelo,CB,27,68,79,64,67,76,67,65
Dennis Politic,LW,24,68,76,76,65,81,72,65
Mattie Pollock,CB,22,68,58,70,59,55,85,61
Paxton Pomykal,CM,24,68,71,78,74,76,66,66
Alexandru Pop,ST,24,68,81,82,63,82,72,63
Janio Pósito,ST,34,68,62,44,62,61,64,65
Nicolai Poulsen,CM,31,68,52,81,72,68,77,69
Tomás Pozzo,RW,23,68,72,56,70,82,51,61
Gianluca Prestianni,RM,18,68,83,63,57,91,33,62
Alex Pritchard,CAM,31,68,58,52,68,61,34,67
Kai Pröger,ST,32,68,80,82,55,85,68,66
Martín Prost,ST,36,68,65,65,63,64,74,65
Ruben Providence,LM,23,68,81,71,61,86,54,63
Nicolás Quagliata,CAM,25,68,67,60,70,70,34,58
Daniel Queipo,LM,22,68,81,64,65,80,41,60
Rubert Quijada,CB,35,68,61,76,64,66,69,64
Álvaro Quiroga,CDM,29,68,67,85,70,72,59,65
Bogdan Racovițan,CB,24,68,75,73,55,75,83,59
Joe Rafferty,RB,30,68,65,75,64,66,71,63
Michał Rakoczy,CAM,22,68,78,76,66,76,56,65
Nicolás Ramírez,CB,27,68,62,61,68,50,76,62
Eric Ramírez,ST,27,68,83,59,64,80,55,67
Christian Ramirez,ST,33,68,60,64,68,59,80,65
Jiovany Ramos,CB,27,68,60,75,63,54,71,60
Adam Randell,CM,23,68,74,80,69,78,64,67
Nicolai Rapp,CDM,27,68,54,70,67,55,75,69
Tobias Raschl,CM,24,68,61,82,71,67,63,69
Christiaan Ravych,CB,22,68,50,45,60,42,73,68
Kenny Prince Redondo,LM,30,68,92,77,65,91,53,60
Johannes Reichert,CB,33,68,69,70,64,62,76,66
Ferro,CB,27,68,50,67,68,54,78,63
Erlend Dahl Reitan,RB,27,68,79,85,64,79,72,64
Nicolai Remberg,CM,24,68,71,76,73,67,78,66
Eric Remedi,CDM,29,68,34,68,67,51,85,69
Andrés Reyes,CB,25,68,74,76,56,70,83,66
Jordan Rhodes,ST,34,68,69,45,52,52,74,67
Brayan Riascos,ST,29,68,81,76,63,78,78,64
Clemens Riedel,CB,21,68,53,55,66,55,73,67
Andy Rinomhota,CDM,27,68,84,81,64,76,80,63
Renaud Ripart,RM,31,68,65,82,70,62,83,66
Birk Risa,CB,26,68,75,84,66,73,72,66
Marvin Rittmüller,RB,25,68,92,81,63,82,64,60
Ciro Rius,RM,35,68,71,62,72,66,57,64
Rigoberto Rivas,LM,26,68,77,67,68,81,59,58
José Rivera,ST,27,68,69,65,65,70,67,55
Harold Rivera,CDM,30,68,72,74,69,70,66,68
Tyler Roberts,CAM,25,68,70,62,66,69,73,63
Thomas Robinet,ST,28,68,74,82,68,68,74,68
Carlos Robles,CDM,32,68,53,84,70,51,79,60
Paulo Henrique,LB,27,68,72,71,66,70,73,61
Júlio Romão,CDM,26,68,58,64,71,61,90,59
Ronaldo Tavares,ST,27,68,78,65,56,75,85,66
Kevin Rodríguez,ST,24,68,82,70,60,77,74,67
Valentín Rodríguez,LB,23,68,78,73,67,81,64,64
Lucas Rodríguez,LB,30,68,76,70,63,73,64,65
Martín Rodríguez,LM,30,68,81,62,66,81,58,55
Salomón Rodríguez,ST,24,68,60,59,57,59,80,67
Andy,CM,34,68,52,80,68,52,73,68
Riki,CM,26,68,69,72,69,73,57,68
Maximiliano Rodríguez Vejar,ST,24,68,66,66,65,68,73,64
Miguel Rodríguez,RM,21,68,79,44,69,78,58,60
Žan Rogelj,RM,24,68,75,80,66,83,55,63
Maximilian Rohr,CB,29,68,64,58,69,52,82,68
Rodrigo Rojas,CM,36,68,65,74,73,73,75,66
Joao Rojas,CAM,35,68,75,70,67,75,69,68
Joao Rojas,LM,27,68,81,75,65,80,49,59
Enzo Roldán,CM,23,68,73,80,70,71,56,64
Nicolás Romero,CB,20,68,57,56,66,63,71,70
Connor Ronan,CM,26,68,66,81,73,69,34,53
Sandro Cruz,LB,23,68,82,75,64,78,61,58
Michael Rose,CB,28,68,74,67,65,66,78,63
Carlos Ross,RW,33,68,85,67,62,81,68,70
Bryan Rovira,CDM,27,68,54,75,66,56,83,61
Donat Rrudhani,RM,25,68,75,71,64,74,75,50
Tobías Rubio,CB,20,68,75,73,70,78,74,64
Alex Rufer,CDM,28,68,64,72,69,64,83,61
Víctor Ruiz,CM,30,68,64,66,75,73,58,64
Haibrany Ruíz Díaz,CB,32,68,67,68,71,60,74,67
Patrick William,CB,27,68,61,65,68,55,78,63
Armando Sadiku,ST,33,68,68,53,63,62,77,65
Görkem Sağlam,CAM,26,68,67,75,70,76,61,65
José Sagredo,CB,30,68,80,75,60,79,72,62
Ömer Ali Şahiner,RB,32,68,73,79,65,76,63,67
Rafiki Saïd,LM,24,68,79,58,64,81,47,58
Víctor Salazar,RB,31,68,90,80,61,80,62,64
João Graça,CM,29,68,67,70,71,66,64,68
Eddie Salcedo,ST,22,68,74,55,68,83,56,60
Saúl Salcedo,CB,27,68,50,62,47,58,76,68
Ronivaldo,ST,35,68,71,74,62,73,69,48
Brian Salvareschi,CB,25,68,53,69,62,57,78,67
Piotr Samiec-Talar,RM,22,68,84,61,67,83,60,57
Luciano Sánchez,LM,30,68,74,67,60,79,67,68
Felipe Sánchez,CB,20,68,62,84,65,59,73,67
Niklas Sandberg,RM,29,68,70,75,65,71,63,65
Nazim Sangaré,RB,30,68,79,66,63,82,68,65
Kaishū Sano,CM,23,68,67,74,71,76,50,70
Kodai Sano,LM,20,68,57,82,68,79,57,65
Benjamin Santelli,ST,32,68,80,75,61,90,69,62
Simone Santoro,CM,24,68,83,70,72,77,65,66
Pedro Amador,LB,25,68,72,64,68,72,60,64
Andrés Sarmiento,LM,26,68,71,67,62,74,67,65
Amin Sarr,ST,23,68,84,67,63,86,72,65
Nikolas Sattlberger,CDM,20,68,49,63,69,58,74,59
Fernando Saucedo,CM,34,68,47,76,73,52,47,62
Allahyar Sayyadmanesh,LM,23,68,87,79,61,85,76,63
Amine Sbaï,LW,23,68,78,64,62,74,49,58
Dan Scarr,CB,29,68,50,74,56,52,83,67
Stefan Schimmer,ST,30,68,64,65,61,64,77,65
Lukas Schleimer,CAM,24,68,64,81,67,78,42,67
Alessandro Schöpf,CM,30,68,66,86,71,73,64,68
Marvin Schulz,CB,29,68,71,68,68,59,73,67
Iñigo Piña,CB,29,68,67,62,66,62,66,64
Rubin Seigers,CB,26,68,66,53,66,65,74,63
Seo Jin Su,ST,23,68,83,81,58,81,69,68
Seo Min Woo,CM,26,68,60,85,68,60,79,68
Claudio Sepúlveda,CDM,32,68,60,75,72,57,66,66
Mats Seuntjens,ST,32,68,79,65,70,71,76,62
Edgar Sevikyan,CAM,23,68,68,64,66,71,58,65
Josh Sheehan,CDM,29,68,77,84,73,81,54,69
Maryan Shved,RM,27,68,72,59,62,72,48,61
Toby Sibbick,CB,25,68,76,69,65,73,76,65
Carlo Sickinger,CB,27,68,60,73,68,64,67,71
Igor Silva,RB,28,68,75,73,63,73,56,63
Marco Matias,LM,35,68,73,61,64,76,60,64
Jean Carlos,LM,28,68,84,82,64,87,63,59
Roko Šimić,ST,21,68,69,71,69,58,80,61
Danel Sinani,RM,27,68,70,60,70,67,70,67
Doğukan Sinik,LM,25,68,80,58,66,82,45,59
Abdoulaye Sissako,CM,26,68,72,79,69,69,79,66
Maxime Sivis,RB,26,68,79,83,62,72,71,52
Tom Slončík,CAM,19,68,65,69,70,69,53,65
Sam Smith,ST,26,68,72,74,61,77,78,67
Paul Smyth,RM,27,68,90,70,62,90,50,61
Soberón,ST,27,68,71,54,68,69,58,60
Dejan Sorgić,ST,34,68,62,67,66,64,65,62
Gonzalo Sosa,ST,35,68,56,61,53,50,82,64
Eduardo Sosa,CAM,28,68,70,71,68,70,65,59
Guillermo Soto,RB,30,68,78,75,66,75,61,62
Sambou Soumano,ST,23,68,69,56,63,69,59,56
Issa Soumaré,LM,23,68,82,66,64,82,70,64
Furkan Soyalp,CM,29,68,70,69,74,71,65,59
Blair Spittal,CM,28,68,76,87,72,73,63,66
Dennis Srbeny,ST,30,68,61,71,67,67,76,70
Apostolos Stamatelopoulos,ST,25,68,72,77,61,68,84,68
Jozo Stanić,CB,25,68,61,76,64,60,77,64
Lucas Stassin,ST,19,68,69,58,66,68,56,70
Enda Stevens,LB,34,68,65,74,67,61,74,65
Paul Stock,CAM,27,68,68,78,70,67,77,70
Luca Strizzolo,ST,32,68,73,72,65,69,81,63
Boško Šutalo,CB,24,68,58,59,65,62,69,64
Yuito Suzuki,CAM,22,68,76,63,65,70,45,62
Sander Svendsen,RW,27,68,81,80,66,84,60,65
Gábor Szalai,CB,24,68,54,65,55,54,80,68
Patryk Szysz,RM,26,68,83,83,61,86,67,60
Waniss Taïbi,CM,22,68,48,83,72,58,65,64
Maksym Taloverov,CB,24,68,62,69,66,53,80,64
Tang Xin,RB,33,68,78,70,58,74,75,67
Tang Miao,RB,33,68,77,89,68,83,78,62
George Tanner,RB,24,68,69,78,62,73,64,63
Gonzalo Tapia,RM,22,68,80,74,63,78,72,65
Yohan Tavares,CB,36,68,57,69,65,52,75,69
Elayis Tavşan,RW,23,68,78,61,62,81,59,67
Jack Taylor,CDM,26,68,72,84,69,72,64,67
Duplexe Tchamba,CB,26,68,72,69,51,65,81,59
Malik Tchokounté,ST,36,68,44,73,64,35,86,59
Bryan Teixeira,ST,24,68,81,72,66,81,65,68
Lino Tempelmann,CM,25,68,70,78,70,83,60,69
Robert Tesche,CM,37,68,34,70,70,44,69,70
Jamal Thiaré,ST,31,68,87,84,62,86,77,63
Stefán Teitur Thórdarson,CM,25,68,58,76,69,63,66,69
Konstantinos Thymianis,CDM,23,68,64,72,69,58,73,66
Mohamed Tijani,CB,27,68,67,51,64,64,90,60
David Tijanić,CAM,27,68,73,73,68,78,64,60
Eoin Toal,CB,25,68,60,67,60,38,84,64
Bastien Toma,CM,25,68,55,71,70,74,66,65
Guti,CB,33,68,34,47,61,50,81,62
Jon Toral,CAM,29,68,66,51,72,74,45,58
Tidjany Touré,LM,22,68,81,68,61,85,62,63
Mathys Tourraine,RB,23,68,77,75,62,74,55,63
Lisandru Tramoni,RM,21,68,77,60,66,81,66,61
Bénie Traoré,ST,21,68,86,75,59,86,62,69
Wil Trapp,CDM,31,68,46,74,70,51,64,71
Arnór Ingvi Traustason,CM,31,68,78,89,67,78,70,69
Franco Troyansky,ST,27,68,75,70,61,76,72,66
Kevin Tshiembe,CB,27,68,76,71,63,71,80,66
Turrientes,CM,22,68,64,76,74,68,35,66
Naci Ünüvar,LW,21,68,58,59,69,71,38,62
Luciano Ursino,CM,35,68,68,58,71,65,58,70
Ramiro Vaca,CAM,25,68,74,80,69,75,27,55
Ever Valencia,LM,27,68,85,82,62,82,58,62
Milton Valenzuela,LB,26,68,75,78,67,76,64,63
Valera,RM,22,68,86,49,62,80,41,58
Álex Valle,LB,20,68,72,75,68,72,65,65
Jules Van Cleemput,CB,27,68,66,60,64,77,73,62
Tom van de Looi,CDM,25,68,62,74,70,72,74,67
Davy van den Berg,CM,24,68,61,87,70,73,72,65
Jan Van den Bergh,CB,29,68,69,72,60,60,70,66
Djevencio van der Kust,LB,23,68,87,75,63,88,54,62
Jonathan Varane,CDM,23,68,61,74,67,57,73,67
José Varela,CM,36,68,65,70,74,68,50,55
Diego Pampín,LB,24,68,65,71,64,75,58,63
Dal Varešanović,CAM,23,68,68,68,67,62,49,65
Kenneth Vargas,ST,22,68,83,71,64,81,52,57
Kerwin Vargas,LW,22,68,79,71,69,84,57,60
Aljoša Vasić,CM,22,68,77,63,70,78,71,70
Ignacio Vázquez,CB,27,68,39,67,54,47,83,56
Román Vega,LB,20,68,73,78,64,68,62,63
Dylan Vente,ST,25,68,73,65,67,75,62,68
Jesper Verlaat,CB,28,68,49,64,62,51,91,64
Clément Vidal,CB,24,68,48,63,66,45,69,66
Gabriel Vidović,LW,20,68,66,63,68,69,56,65
Vieirinha,LB,38,68,64,49,73,63,54,65
Leonardo Villagra,ST,34,68,71,62,59,69,78,67
Žan Vipotnik,ST,22,68,63,71,65,64,69,64
Tabaré Viudez,RM,35,68,62,38,71,72,70,55
Kostyantyn Vivcharenko,LB,22,68,69,68,69,73,64,67
Kevin Viveros,RM,24,68,75,66,65,75,59,49
Cristian Volpato,CAM,20,68,61,65,68,61,63,65
Linus Egnell Wahlqvist,RB,27,68,86,82,65,85,81,63
Sandy Walsh,RB,29,68,57,81,65,60,68,67
Wang Shangyuan,CM,31,68,73,92,69,71,79,66
Paul Wanner,CAM,18,68,63,74,73,76,36,66
Duncan Watmore,ST,30,68,79,72,66,83,62,68
Bartłomiej Wdowik,LB,23,68,71,75,68,77,62,63
Wei Shihao,LM,29,68,86,84,62,88,56,63
Nahki Wells,ST,34,68,73,69,66,73,61,69
Stephen Welsh,CB,24,68,64,55,71,68,72,68
Erick Wiemberg,LB,30,68,72,75,66,68,73,63
Caleb Wiley,LB,19,68,78,66,67,73,62,66
Jetro Willems,LB,30,68,63,57,68,66,80,68
Loïc Williams,CB,22,68,73,76,66,65,82,63
Marten Winkler,RM,21,68,92,73,63,88,56,59
Przemysław Wiśniewski,CB,26,68,87,73,57,81,89,64
Szymon Włodarczyk,ST,21,68,74,79,60,68,71,64
Cauley Woodrow,ST,29,68,55,61,65,58,71,69
Taulant Xhaka,CDM,33,68,64,81,68,65,73,63
Xie Pengfei,RM,31,68,80,87,62,80,67,62
Kevin Yakob,CM,23,68,70,68,72,71,67,68
Erencan Yardımcı,ST,22,68,80,72,56,71,78,69
Yehor Yarmoliuk,CAM,20,68,66,64,72,69,62,58
Yaw Yeboah,LM,27,68,88,69,63,90,59,64
Kartal Yılmaz,CDM,23,68,67,70,70,66,67,60
Frank Ysique,CDM,28,68,54,78,67,58,58,68
Facundo Zabala,LB,25,68,76,61,71,72,53,70
Žan Zaletel,CB,24,68,54,67,64,52,76,64
Franco Zanelatto,RM,24,68,78,75,65,72,65,65
Gyasi Zardes,ST,33,68,69,70,60,67,83,70
Cristián Zavala,RW,25,68,90,65,65,88,53,52
Moustafa Zeidan,CAM,26,68,56,68,69,67,72,64
Manuel Zeitz,CB,34,68,50,83,64,53,75,70
Jordan Zemura,LB,24,68,68,73,67,79,52,68
Altin Zeqiri,LW,24,68,71,69,63,74,55,65
Nathan Zézé,CB,19,68,61,64,64,67,64,66
Reto Ziegler,CB,38,68,42,72,74,45,71,68
Dilan Zúñiga,LB,28,68,77,73,64,81,68,59
Shiloh 't Zand,CAM,21,67,77,61,65,74,64,63
Toni Abad,RB,27,67,74,79,63,73,73,64
Nelson Abbey,CB,21,67,75,60,58,73,76,64
Luciano Abecasis,RB,34,67,75,72,64,76,74,60
Fabio Abiuso,ST,21,67,57,68,66,60,72,66
Giorgi Aburjania,CM,29,67,53,71,68,50,71,65
Sargis Adamyan,ST,31,67,67,65,69,74,68,65
Nathaniel Adjei,CB,22,67,80,64,63,76,76,61
Bismark Adjei-Boateng,CDM,30,67,76,85,65,72,83,60
Daniel Afriyie,ST,23,67,83,75,66,85,50,64
Bashkim Ajdini,RB,31,67,76,77,63,80,52,66
Alban Ajdini,ST,25,67,73,72,65,75,68,65
Albian Ajeti,ST,27,67,72,59,59,69,75,65
Ebenezer Akinsanmiro,CM,19,67,77,66,70,75,76,71
Abdullah Al Ammar,LB,30,67,79,80,68,72,69,66
Saleh Al Amri,LM,30,67,79,79,65,79,63,61
Faisal Al Ghamdi,CM,23,67,65,78,69,68,85,66
Khaled Al Hashmi,CB,27,67,68,79,54,65,73,68
Musab Al Juwair,CM,21,67,65,66,73,67,70,65
Fawaz Al Sagour,RB,28,67,92,92,67,92,56,58
Muhannad Al Shanqeeti,RB,25,67,82,76,62,79,68,60
Andreas Albers,ST,34,67,54,77,61,52,88,66
Juan Fernando Alfaro,CDM,24,67,68,62,71,64,66,62
Baba Alhassan,CM,24,67,80,81,68,83,82,68
Isnik Alimi,CDM,30,67,66,83,71,62,66,63
Fidan Aliti,CB,30,67,63,86,63,62,80,63
Julio Alonso,LB,25,67,70,55,63,71,61,67
Favio Álvarez,CAM,31,67,61,51,70,67,70,67
Frederik Alves,CB,24,67,46,67,62,53,81,55
Léo Chú,LM,24,67,87,56,53,86,45,50
Kelvin,LM,27,67,73,69,64,76,49,65
Gustavo Henrique,RW,25,67,73,68,63,67,65,65
Etienne Amenyido,ST,26,67,70,64,63,82,68,66
Jamal Amofa,CB,25,67,79,61,57,70,81,65
An Jae Jun,ST,23,67,80,59,49,77,67,65
Gregori Anangonó,RB,26,67,82,74,65,80,72,63
Emiliano Ancheta,RB,25,67,67,71,59,65,71,53
Jeppe Andersen,CM,31,67,71,85,65,61,80,71
Adam Andersson,RB,27,67,76,80,64,74,61,63
Elias Andersson,LB,28,67,66,74,68,63,66,64
Ryan Andrews,RB,20,67,86,70,64,84,50,60
Nilson Angulo,LW,21,67,81,55,67,78,49,58
Peter Ankersen,RB,33,67,72,76,64,76,62,65
Janis Antiste,ST,22,67,79,67,60,79,71,59
Mateo Antoni,CB,21,67,53,61,62,53,71,60
Valentin Antov,CB,23,67,62,72,57,48,81,66
Francisco Apaolaza,ST,27,67,68,67,63,69,72,60
Leonardo Aponte,CB,30,67,70,66,65,70,68,63
Jon Mikel Aramburu,RB,22,67,69,70,63,73,59,66
Arana,ST,24,67,74,65,64,68,67,65
Diego Armas,CAM,34,67,66,80,67,70,52,72
Yoël Armougom,LB,26,67,78,70,62,81,65,63
Jaime Arrascaita,RM,31,67,81,74,64,84,37,56
Ahmet Arslan,CM,30,67,63,70,70,70,64,67
Andrei Artean,CDM,31,67,66,80,68,66,78,67
Gjermund Åsen,CM,33,67,54,79,68,56,66,65
Kristoffer Askildsen,CM,23,67,48,77,70,59,66,66
Dairon Asprilla,LM,32,67,73,68,64,75,70,60
Tomás Asta-Buruaga,CB,27,67,64,73,62,60,73,64
Jani Atanasov,CM,24,67,73,75,71,68,73,62
Julián Aude,LB,21,67,70,73,68,74,59,64
Rafał Augustyniak,CB,30,67,65,73,64,64,82,60
Giuseppe Aurelio,LB,24,67,84,75,64,82,76,65
Douglas Aurélio,LM,25,67,78,65,63,77,66,61
David Ayala,CDM,22,67,69,64,74,75,49,64
Julian Baas,CM,22,67,57,88,67,67,72,67
Youri Baas,LB,21,67,73,79,66,66,59,55
Isaac Babadi,CAM,19,67,66,73,64,78,53,69
Felix Bacher,CB,24,67,52,77,59,62,84,58
Janik Bachmann,CDM,28,67,71,81,70,53,84,65
William Baeten,RM,27,67,76,75,65,76,67,61
Jean-Mattéo Bahoya,LM,19,67,76,60,64,76,58,65
Mike-Steven Bähre,CM,29,67,71,80,68,78,67,70
Ștefan Baiaram,CAM,21,67,85,82,65,83,50,60
Saïd Bakari,RB,29,67,76,82,64,81,73,64
Younes Bakiz,LW,25,67,77,72,63,72,62,58
Max Balard,CM,23,67,61,77,70,66,66,68
Silviu Balaure,RM,28,67,76,89,64,78,58,61
Thierno Baldé,RB,22,67,79,62,65,75,62,61
Radinio Balker,CB,26,67,90,65,64,80,80,65
Florian Ballas,CB,31,67,71,56,51,34,94,61
Tiago Banega,CM,25,67,68,70,72,72,57,58
Ezechiel Banzuzi,CM,19,67,69,72,74,65,72,67
Marcel Bär,ST,32,67,82,74,64,82,73,63
Jorge Teixeira,ST,25,67,85,74,56,71,88,60
Ahmed Barman,CDM,30,67,62,82,65,57,73,61
Daniel Barrea,RW,23,67,85,70,55,75,75,64
Mons Bassouamina,LM,26,67,82,72,63,83,68,56
Bastida,CDM,20,67,49,39,70,55,47,62
Nick Bätzner,CAM,24,67,66,70,71,71,56,56
Patrick Bauer,CB,31,67,28,32,60,30,89,58
Dominic Baumann,ST,29,67,68,61,59,63,84,63
Raúl Becerra,ST,36,67,53,65,52,54,82,63
Timo Beermann,CB,33,67,31,61,53,34,80,60
Aziz Behich,LB,33,67,73,76,67,80,59,63
Raffael Behounek,CB,27,67,67,72,56,47,85,66
Łukasz Bejger,CB,22,67,78,57,62,78,79,64
Ismajl Beka,CB,24,67,59,63,55,55,81,59
Zineddine Belaïd,CB,25,67,64,62,66,62,68,64
Luca Belardinelli,CDM,23,67,71,72,72,64,71,65
Joe Bell,CM,25,67,62,88,67,65,76,63
Leonardo Benedetti,CM,24,67,76,72,75,70,62,68
Nicolás Benegas,ST,28,67,53,71,57,61,83,60
Florin Berenguer,CAM,35,67,55,72,70,59,66,65
Gustav Berggren,CM,27,67,55,82,69,57,73,65
Antoine Bernier,ST,27,67,78,68,64,83,59,65
Luke Berry,CM,32,67,54,48,70,65,69,68
Adriano Bertaccini,ST,24,67,74,46,65,76,67,61
Ovidiu Bic,CDM,30,67,68,81,66,69,74,65
Vahan Bichakhchyan,RM,25,67,79,74,64,76,56,61
Tyler Bindon,CB,19,67,61,65,63,59,77,66
Tayfur Bingöl,LB,31,67,76,78,67,77,68,61
Juan Bisanz,RM,23,67,78,67,61,72,47,66
Birkir Bjarnason,CAM,36,67,62,83,69,61,72,67
Martin Bjørnbak,CB,32,67,37,68,62,35,90,65
Sondre Flem Bjørshol,RB,30,67,76,80,61,77,72,61
Jérémy Blasco,CB,25,67,66,82,68,65,79,60
Roberto Bochi,CDM,34,67,66,70,73,59,55,70
Rodrigo Bogarín,CAM,27,67,76,58,67,66,73,62
Marc Bola,LB,26,67,74,78,60,73,71,62
Marcos Bolados,RW,28,67,80,56,62,80,59,61
Bendegúz Bolla,RB,24,67,77,75,63,79,63,65
Moïse Bombito,CB,24,67,90,62,66,92,73,63
Nicholas Bonfanti,ST,22,67,71,66,60,71,66,68
Leonel Bontempo,LB,31,67,71,78,60,72,48,61
Gui Guedes,CM,22,67,64,60,70,68,56,63
Benjamin Bouchouari,CM,22,67,60,68,73,68,50,68
Khalid Boutaïb,ST,37,67,43,64,66,57,88,66
Amine Boutrah,LM,23,67,90,64,66,84,58,62
Robbie Brady,LB,32,67,60,62,72,63,62,65
Pedro Brazão,RM,21,67,76,67,64,74,40,65
Michael Breij,RW,27,67,76,72,66,69,60,69
Rhian Brewster,ST,24,67,76,62,61,77,64,66
Nicolò Brighenti,CB,35,67,69,70,59,71,75,68
Jake Brimmer,CAM,26,67,66,86,68,67,62,65
Brandt Bronico,CM,29,67,67,78,72,66,70,63
Luuk Brouwers,CAM,26,67,61,78,72,66,73,63
Ciaron Brown,CB,26,67,68,72,60,63,76,64
Buatu,CB,30,67,51,66,62,61,82,59
Constantin Budescu,LW,35,67,32,33,76,48,62,71
Gonzalo Bueno,LW,31,67,76,58,66,76,63,52
Oliver Bundgaard,LB,23,67,85,68,63,82,59,61
Filip Bundgaard,ST,20,67,74,59,67,75,54,68
Guillermo Burdisso,CB,35,67,31,52,61,33,83,60
Valentín Burgoa,CAM,24,67,75,62,65,79,57,65
Esteban Burgos,CB,32,67,50,83,60,51,86,67
Graham Burke,LW,30,67,58,72,66,68,56,63
Oliver Burke,RM,27,67,88,68,63,85,80,66
Oriol Busquets,CDM,25,67,35,67,71,37,70,64
Butzke,ST,25,67,71,53,60,72,67,61
Zico Buurmeester,CM,22,67,55,77,70,67,66,66
Elvin Cafarquliyev,LB,23,67,71,63,62,73,61,67
Ousmane Camara,CB,21,67,38,65,65,35,88,63
Ibrahima Camará,CDM,25,67,55,65,68,55,76,63
Alfred Canales,CM,24,67,63,76,71,71,63,67
Jhonatan Candia,ST,29,67,71,51,65,65,70,62
Mihai Căpățînă,RB,28,67,67,83,68,67,67,66
Alessandro Capello,ST,28,67,80,73,59,75,65,62
Nicolas Capraro,CB,26,67,71,83,67,71,74,60
Wagner Pina,RM,21,67,76,73,64,77,58,69
André Sousa,CM,34,67,55,72,68,67,74,67
Julio Cascante,CB,30,67,58,57,64,56,77,65
Dan Casey,CB,26,67,52,70,60,51,79,64
Enzo Castillo,LB,23,67,69,67,58,69,67,54
Jesus Castillo,CDM,28,67,63,66,69,59,66,66
Jesús Castillo,CDM,23,67,52,66,75,61,73,60
David Castro,CB,28,67,61,79,62,64,84,56
Yoann Cathline,LM,22,67,84,69,63,75,50,64
Cristian Cauz,CB,28,67,81,58,60,68,70,65
Tomás Cavanagh,LB,23,67,86,80,61,77,55,59
Cayarga,LM,27,67,76,64,62,80,65,64
José Luis Cazares,CDM,33,67,67,71,65,71,70,64
Joseph Ceesay,RM,26,67,93,76,58,91,77,62
Alberto Cerri,ST,28,67,44,59,55,34,91,60
Edwin Cerrillo,CDM,23,67,59,74,73,67,70,64
Boris Cespedes,CDM,29,67,66,73,68,67,70,66
Daniel Chacón,CB,23,67,64,62,65,60,62,64
Moutir Chajia,LM,26,67,77,31,70,72,34,67
Shea Charles,CDM,20,67,62,66,70,56,73,64
Yevgen Cheberko,CB,26,67,69,70,67,67,68,65
Samir Chergui,CB,25,67,47,37,68,57,73,66
Lallianzuala Chhangte,RW,27,67,84,85,64,90,57,58
Riccardo Chiarello,CAM,30,67,68,76,72,67,54,65
Daniel Chima Chukwu,ST,33,67,67,77,58,54,87,58
Alexandru Chipciu,LM,35,67,68,82,67,69,64,65
Jeyson Chura,RM,22,67,92,66,60,84,51,60
Jonathan Cissé,CB,27,67,65,66,53,64,90,61
Clemente,CB,25,67,68,72,68,68,70,68
Denilho Cleonise,RM,22,67,90,61,63,86,56,57
Zach Clough,LM,29,67,65,79,66,72,59,64
James Collins,ST,33,67,54,74,63,51,82,67
Archie Collins,CDM,25,67,74,90,67,69,64,66
Rubin Colwill,CAM,22,67,68,59,70,64,73,61
Luca Connell,CDM,23,67,63,82,67,68,61,66
Jomaine Consbruch,CAM,22,67,70,72,69,76,33,64
Christian Conteh,RW,25,67,93,72,54,94,52,65
Sirlord Conteh,ST,28,67,92,72,62,94,59,68
Nicolás Contin,ST,28,67,77,59,57,64,84,62
Alberto Contrera,CAM,32,67,76,67,71,65,67,59
Mauro Coppolaro,CB,27,67,69,72,60,67,78,63
Gabriele Corbo,CB,24,67,59,61,64,52,73,66
Marius Corbu,CAM,22,67,67,67,69,70,58,67
Harry Cornick,ST,29,67,80,70,64,79,65,68
Niccolò Corrado,LM,24,67,67,65,69,68,58,67
Lincoln,ST,23,67,72,57,63,73,75,63
Patrick Andrade,CDM,31,67,67,62,69,68,64,66
Luciano Cosentino,RW,23,67,84,77,64,73,37,65
Marcel Costly,RB,28,67,92,90,61,84,69,57
Guillermo Cotugno,CB,29,67,52,60,60,52,76,55
Ismaila Coulibaly,CM,23,67,81,80,68,72,63,66
Hayden Coulson,LB,26,67,75,68,59,78,58,64
Benjamin Cremaschi,CM,19,67,75,60,69,73,59,60
Alexandru Crețu,CDM,32,67,54,71,65,53,85,65
Iulian Cristea,CB,30,67,74,75,60,70,76,64
Domen Črnigoj,CM,28,67,72,74,69,71,73,70
Daniel Crowley,CAM,27,67,76,83,68,78,34,65
Christopher Cvetko,CM,27,67,55,87,67,66,74,69
Luca D'Andrea,RM,20,67,75,57,68,79,54,63
João Gamboa,CDM,28,67,66,80,68,63,75,63
Alessio Da Cruz,ST,27,67,68,53,63,73,65,65
Felipe Augusto,ST,20,67,72,61,57,69,75,70
Show,CDM,25,67,61,66,68,65,66,66
Cristian Dájome,LM,30,67,80,82,63,82,69,62
Wessel Dammers,CB,29,67,53,72,60,63,75,62
Fabio Daprelà,CB,33,67,69,76,64,61,82,65
Tendayi Darikwa,RB,32,67,86,76,62,82,74,60
Simone Davi,LB,24,67,84,76,64,82,60,61
Isaak Davies,ST,22,67,83,61,60,82,57,67
Brian De Keersmaecker,CDM,24,67,80,77,74,72,68,62
Luis de la Cruz,CDM,33,67,71,80,66,69,65,60
Erik De Los Santos,RM,25,67,77,80,72,77,55,55
Sebastian De Maio,CB,37,67,41,45,62,39,80,61
Dion De Neve,LM,23,67,82,71,56,79,30,63
Nicolas De Préville,ST,33,67,75,66,67,69,64,65
Gabriel Debeljuh,ST,27,67,60,72,60,59,83,66
Yusuf Demir,RM,21,67,77,52,65,81,42,60
Deng Hanwen,RB,29,67,82,82,59,83,65,63
Halil İbrahim Dervişoğlu,ST,24,67,72,66,70,74,59,58
Enis Destan,ST,22,67,68,69,64,67,70,67
Fousseni Diabaté,RW,28,67,84,62,64,85,42,63
Bambo Diaby,CB,26,67,71,55,62,61,91,64
Abdoulaye Diaby,CB,24,67,67,68,56,54,93,64
Lamine Diack,CDM,23,67,76,82,68,75,73,60
Djibril Diani,CDM,26,67,67,77,68,55,87,58
Mahamadou Diawara,CM,19,67,69,65,74,65,74,64
Matisse Didden,CB,22,67,58,68,65,49,88,63
Dejan Djokic,ST,23,67,68,65,61,69,64,67
Greg Docherty,CM,28,67,68,87,68,67,78,66
Maciej Domański,CAM,34,67,67,92,68,71,57,69
Mehdi Dorval,RB,23,67,74,80,64,72,59,63
David Douline,CDM,31,67,38,82,67,53,70,61
Stefan Dražić,ST,32,67,67,71,61,62,72,69
Bryce Duke,CAM,23,67,66,67,72,70,57,64
Kyle Duncan,RB,27,67,84,79,53,82,66,52
Chey Dunkley,CB,32,67,48,73,55,50,87,65
Pierre Dwomoh,CM,20,67,72,71,74,73,72,66
Patryk Dziczek,CDM,26,67,55,60,70,59,73,64
Santiago Echeverría,CB,34,67,53,51,52,55,84,63
Joe Edwards,RB,33,67,66,89,64,67,71,61
Amine El Ouazzani,ST,23,67,64,73,68,65,67,51
Juergen Elitim,CM,26,67,80,74,74,78,51,64
Dimitrios Emmanouilidis,LM,23,67,84,62,62,85,59,54
Mahir Emreli,ST,27,67,76,73,59,76,74,49
Doğan Erdoğan,CDM,28,67,46,69,69,68,71,66
Onur Ergün,CDM,31,67,53,72,66,60,73,67
August Erlingmark,CDM,26,67,69,75,65,56,73,65
Pablo Erustes,ST,30,67,72,69,59,71,61,65
Anderson Esiti,CDM,30,67,48,65,68,57,85,58
Mustafa Eskihellaç,RM,27,67,86,73,62,87,56,60
Dani Tasende,LB,24,67,69,70,70,73,44,64
Derrick Etienne Jr.,LM,27,67,80,71,65,83,61,63
Lee Evans,CM,30,67,51,81,68,53,80,68
Ched Evans,ST,35,67,49,62,62,55,82,65
Noah Fadiga,RB,24,67,84,70,65,81,61,59
Diego Falcinelli,ST,33,67,42,43,64,55,70,68
Akin Famewo,CB,25,67,69,69,53,70,87,63
Marco Farfan,LB,25,67,70,75,65,70,64,66
Gonçalo Costa,LB,24,67,77,73,41,75,56,59
Jacob Farrell,LB,21,67,61,82,51,67,79,67
Mohamed Farsi,RM,24,67,83,73,65,83,50,60
Manuel Feil,RM,29,67,53,81,66,75,41,68
Hugo Fernández,LM,26,67,80,69,70,75,51,51
Guillermo,ST,31,67,72,81,63,71,70,66
Matias Fernandez-Pardo,CAM,19,67,71,62,71,79,52,67
Gianluca Ferrari,CB,27,67,71,84,70,70,78,61
Rodi Ferreira,RB,26,67,85,75,52,81,57,62
Miguel Sousa,CAM,25,67,64,56,71,65,46,66
Rafael Nel,ST,19,67,76,72,62,78,64,58
Salva Ferrer,RB,26,67,63,67,59,71,72,61
Kolbeinn Birgir Finnsson,LB,25,67,77,73,62,74,69,65
Aden Flint,CB,35,67,36,67,54,34,88,64
Eduard Florescu,RM,27,67,70,88,68,68,58,65
José Fontán,CB,24,67,60,60,70,64,59,64
Alessandro Fontanarosa,CB,21,67,72,50,69,78,66,60
Iver Fossum,CM,28,67,67,91,65,69,70,66
Abu Francis,CM,23,67,74,61,68,72,69,66
Juan José Franco,RB,32,67,63,70,64,67,57,63
Lukas Fridrikas,ST,26,67,76,79,63,75,65,61
Nils Fröling,LM,24,67,91,85,61,74,77,65
Aldair Fuentes,CDM,26,67,51,73,65,61,87,63
Michael Fuentes Vadulli,LM,26,67,79,76,63,76,62,59
Joel Chima Fujita,CDM,22,67,60,67,70,76,66,59
Anton Gaaei,RB,21,67,84,85,58,82,59,58
Munashe Garananga,CB,23,67,67,60,64,61,76,62
Mender García,ST,25,67,82,73,52,79,76,60
Jon García,CB,33,67,67,66,65,69,65,75
Anselmo García MacNulty,CB,21,67,69,70,62,68,73,56
Víctor García,LB,30,67,69,74,64,72,62,61
Luis Garro,RB,28,67,73,65,60,71,66,62
Yarek,CB,19,67,68,70,61,66,63,59
Christian Gebauer,RM,30,67,75,80,62,84,75,66
Andreas Geipl,CDM,32,67,54,77,64,71,65,66
Fabio Gerli,CM,27,67,65,84,72,59,51,68
Krystian Getinger,LB,36,67,73,73,61,75,70,63
Virgil Ghiță,CB,26,67,54,78,53,53,76,65
Armin Gigović,CM,22,67,71,75,70,69,71,66
Dylan Glaby,CDM,28,67,59,77,77,55,66,54
Ettore Gliozzi,ST,28,67,61,63,55,54,78,70
Matt Godden,ST,33,67,42,68,63,53,70,68
Matías Godoy,LW,22,67,72,69,66,75,65,64
Vítor Gomes,CM,36,67,44,50,71,41,75,65
Marcos Gómez,CM,22,67,74,74,71,71,61,65
Johan Arath Gómez,ST,23,67,83,85,64,84,66,65
Luciano Gómez,RB,28,67,81,74,64,78,59,65
Donatien Gomis,CB,29,67,60,70,59,54,83,48
Julio González,RB,32,67,65,76,61,63,70,61
Diego González,LW,21,67,57,46,70,73,33,58
Yeison Gordillo,CDM,32,67,54,76,66,53,77,64
Alexander Gorgon,CAM,35,67,66,74,70,67,71,67
Pablo Gozálbez,CAM,23,67,54,55,70,63,45,62
Jaume Grau,CM,27,67,66,76,69,62,71,66
Ján Greguš,CDM,33,67,63,73,70,60,70,63
Leo Greiml,CB,23,67,51,49,65,54,76,65
Joel Grodowski,ST,26,67,84,78,62,88,75,66
Jeppe Grønning,CDM,33,67,34,87,65,34,76,67
Gheorghe Grozav,LM,33,67,75,75,65,77,66,62
Jan Grzesik,RB,29,67,75,82,63,80,61,66
Juan Cruz Guasone,CB,23,67,52,63,51,56,94,64
Lamine Gueye,RM,26,67,77,68,65,76,67,62
Pape Habib Gueye,ST,24,67,77,71,57,78,78,65
Lukas Gugganig,CB,29,67,40,70,57,42,85,64
Daouda Guindo,LB,21,67,84,76,61,83,61,60
Marc Guiu,ST,18,67,54,54,60,54,75,60
Tobias Gulliksen,LW,21,67,78,78,66,78,46,61
Ahmet Gürleyen,CB,25,67,88,64,54,53,91,52
Brian Gutiérrez,LM,21,67,67,64,67,68,57,63
Vladislavs Gutkovskis,ST,29,67,76,71,64,75,86,57
Andrew Gutman,LB,27,67,79,68,63,80,71,62
Maxwell Gyamfi,CB,24,67,94,80,58,76,79,60
Bright Gyamfi,RB,28,67,85,79,65,84,70,60
Anis Hadj-Moussa,RW,22,67,74,66,63,76,55,67
Albian Hajdari,CB,21,67,55,61,65,62,80,58
Pierre-Yves Hamel,ST,30,67,43,66,64,55,72,68
Vito Hammershøy-Mistrati,CAM,32,67,57,86,67,66,62,65
Mads Hansen,RW,22,67,76,67,59,74,65,62
Mattes Hansen,CDM,20,67,56,69,70,65,67,63
Daniel Hanslik,ST,27,67,56,81,65,72,74,67
Wes Harding,CB,27,67,73,83,63,65,80,65
Marcus Harness,LM,28,67,85,70,63,85,58,60
Nathan Harriel,RB,23,67,78,75,58,77,77,60
Mark Harris,ST,25,67,84,80,64,84,66,68
Ali Hazazi,CDM,30,67,63,77,70,63,71,61
Nicklas Helenius,ST,33,67,67,70,63,55,85,65
Patrik Hellebrand,CAM,25,67,71,70,67,70,61,64
Ramon Hendriks,CB,23,67,87,66,66,74,72,61
Jorge Henríquez,CM,30,67,67,77,72,68,72,60
Hjörtur Hermannsson,CB,29,67,39,81,63,46,84,61
Javi Hernández,CAM,35,67,59,69,67,64,71,60
Julian Hettwer,RM,21,67,89,73,62,92,54,61
Jannis Heuer,CB,25,67,75,61,64,58,80,66
Lucas Hey,CB,21,67,63,57,68,60,69,68
Daan Heymans,CAM,25,67,55,72,70,43,70,71
Kyle Hiebert,CB,27,67,66,71,60,66,78,66
Stefan Hierländer,CM,33,67,67,73,69,67,68,67
Jonathan Hogg,CDM,35,67,38,76,65,53,72,63
Malthe Højholt,CDM,23,67,64,74,68,63,66,68
Santiago Homenchenko,CM,21,67,73,87,70,73,73,69
Hong Jeong Ho,CB,35,67,69,65,62,72,87,56
Matthew Hoppe,ST,23,67,74,54,60,74,62,70
Andi Hoti,CB,21,67,68,60,60,55,80,66
Jordan Houghton,CDM,28,67,53,79,67,64,76,62
Lyes Houri,CAM,28,67,70,70,67,71,32,64
Florian Hübner,CB,33,67,30,47,50,29,78,61
Charlie Hughes,CB,20,67,59,75,65,62,65,66
Jordan Hugill,ST,32,67,61,69,63,62,82,63
Deniz Hümmet,ST,28,67,64,77,62,62,84,62
Joseph Hungbo,RM,24,67,73,67,63,80,62,55
Bilal Hussein,CM,24,67,60,79,67,70,63,65
Dominic Iankov,CAM,24,67,64,63,72,68,48,69
Hiroshi Ibusuki,ST,33,67,32,59,64,35,87,70
Michael Ihiekwe,CB,31,67,63,70,55,53,84,65
André Luiz,ST,22,67,80,71,56,77,62,67
Juan Infante,LB,28,67,70,53,74,73,64,66
Svante Ingelsson,CAM,26,67,73,88,70,73,75,65
Zeidane Inoussa,LW,22,67,83,74,60,82,64,61
Dominic Iorfa,CB,29,67,85,54,60,70,88,60
Elián Irala,CDM,20,67,73,71,69,70,54,65
Galego,LW,27,67,88,69,56,87,59,61
Dino Islamović,ST,30,67,54,69,63,53,81,64
Tatsuya Itō,LW,27,67,59,68,62,88,29,63
Tim Jabol-Folcarelli,CM,24,67,66,81,70,65,70,65
Jamie Jacobs,CM,26,67,65,82,69,69,60,65
Thore Jacobsen,CDM,27,67,60,77,70,66,68,64
Miguel Jacquet,CB,29,67,60,61,61,60,80,64
Alexander Jallow,RB,26,67,82,83,60,81,66,67
Timotej Jambor,ST,21,67,79,70,60,73,73,66
Isak Jansson,LM,22,67,81,83,63,82,63,61
Florian Jaritz,LM,26,67,69,74,67,70,67,62
Richard Jensen,CB,28,67,49,74,62,58,75,67
Ulrik Yttergård Jenssen,CB,28,67,52,69,68,54,78,66
Ruben Yttergård Jenssen,CDM,36,67,54,81,67,57,73,68
Jeong Tae Wook,CB,27,67,59,67,53,36,89,56
Jeong Woon,CB,35,67,75,74,63,76,75,64
Alberto Jiménez,CB,31,67,54,80,67,50,91,61
Jo Jin Woo,CB,24,67,62,62,52,59,82,56
Piotr Johansson,RB,29,67,84,90,57,79,79,60
George Johnston,CB,26,67,62,70,62,66,77,66
Kasper Jørgensen,RB,24,67,78,83,60,79,73,62
Branko Jovičić,CDM,31,67,67,78,66,65,64,68
Ju Se Jong,CDM,33,67,54,79,71,54,67,68
Markus Kaasa,CM,27,67,69,81,67,73,62,65
Sory Kaba,ST,29,67,53,70,61,53,90,67
Yusuf Kabadayi,RM,20,67,89,70,60,84,60,63
Damian Kądzior,RM,32,67,90,78,62,90,60,60
Eric Kahl,LB,22,67,85,73,62,85,70,62
Tobias Kainz,CDM,31,67,70,87,65,72,65,65
Benjamin Källman,ST,26,67,79,79,56,80,82,58
Yayah Kallon,RW,23,67,81,80,62,83,58,64
Dijon Kameri,CAM,20,67,73,64,65,76,65,58
Claudio Kammerknecht,RB,25,67,60,81,64,64,79,66
Ali Karimi,CM,30,67,54,69,70,64,74,68
Ahmed Kashi,CDM,35,67,42,72,70,58,71,63
David Kasumu,CDM,24,67,75,79,66,79,76,65
Fabio Kaufmann,CAM,32,67,72,86,66,82,64,69
Oluwatosin Kehinde,RM,26,67,84,68,65,82,62,61
Matty Kennedy,LM,29,67,83,66,60,87,60,53
Scott Kennedy,CB,27,67,76,69,60,83,83,63
David Kiki,LB,30,67,79,83,62,75,72,59
Guy-Marcelin Kilama,CB,25,67,74,86,65,75,74,54
Kim Ju Sung,CB,23,67,71,60,61,75,80,62
Kim Bo Sub,RW,26,67,86,84,57,86,68,57
Mikkel Kirkeskov,LB,33,67,64,67,68,72,73,61
Arda Kızıldağ,CB,25,67,69,65,61,54,69,53
Pascal Klemens,CDM,19,67,62,73,67,59,73,62
Philipp Klement,CAM,32,67,60,54,69,60,45,67
Stefan Knežević,CB,27,67,43,72,64,41,75,66
Harvey Knibbs,CAM,25,67,73,87,65,74,74,70
Mats Knoester,CB,25,67,65,78,69,61,83,63
Christoph Kobald,CB,27,67,64,57,68,68,72,61
Elvir Koljić,ST,29,67,53,60,60,56,81,64
Cheick Oumar Konaté,RB,20,67,53,57,63,69,43,66
David Kopacz,RM,25,67,73,82,68,76,55,58
Josh Koroma,LM,25,67,81,72,60,84,66,63
Ilias Kostis,CB,21,67,61,54,57,58,82,65
Xavier Kouassi,CB,34,67,56,81,65,63,74,65
Christos Kourfalidis,CM,21,67,66,76,70,76,57,65
Adnan Kovačević,CB,31,67,51,72,57,53,80,61
İsmail Köybaşı,LB,35,67,69,67,68,73,60,63
Samuel Kozlovský,LB,24,67,69,69,62,71,61,68
Luka Krajnc,CB,29,67,67,67,65,66,82,61
Robin Krauße,CDM,30,67,60,82,64,66,70,65
Thaer Krouma,CB,34,67,55,65,51,42,77,59
Mirlind Kryeziu,CB,27,67,33,59,62,35,92,62
Jarosław Kubicki,CDM,29,67,71,85,67,71,70,65
Christian Kühlwetter,ST,28,67,63,71,65,72,72,66
Dawid Kurminowski,ST,25,67,84,75,58,81,78,60
Rafał Kurzawa,CDM,31,67,52,72,71,49,62,68
Stefan Kutschke,ST,35,67,62,68,56,34,93,68
Ahmed Kutucu,ST,24,67,70,63,63,77,71,63
Antonino La Gumina,ST,28,67,74,66,64,76,73,66
Francisco La Mantía,CB,28,67,69,71,66,61,71,62
Gustaf Lagerbielke,CB,24,67,56,53,67,50,73,65
Lazaros Lamprou,LM,26,67,83,75,60,80,57,63
Paddy Lane,LM,23,67,75,76,63,77,46,62
Christoph Lang,RM,22,67,74,58,67,72,64,60
Callum Lang,CAM,26,67,79,72,64,82,62,65
Macaulay Langstaff,ST,27,67,80,90,58,83,65,66
Ionuț Larie,CB,37,67,41,53,66,34,85,63
Nikolai Laursen,RM,26,67,74,42,67,73,68,65
Yusuf Lawal,RM,26,67,81,71,63,82,61,65
Jordan Lawrence-Gabriel,RB,25,67,83,73,58,81,64,62
Mickaël Le Bihan,ST,34,67,41,68,62,57,80,68
Randall Leal,CAM,27,67,70,75,67,73,40,65
Ben Lederman,CM,24,67,73,74,72,79,63,67
Richard Ledezma,CAM,24,67,62,60,69,75,41,60
Lee Geon Hee,ST,26,67,72,75,45,67,79,65
Lee Soo Bin,CDM,24,67,56,70,71,58,65,69
Elliot Lee,CM,29,67,67,82,67,67,63,66
Lee Ho Jae,ST,23,67,37,60,52,39,88,62
Clint Leemans,CM,28,67,49,69,69,56,75,62
Mateusz Łęgowski,CDM,21,67,71,76,72,72,67,63
José Leguizamón,CB,33,67,68,60,59,62,79,61
Brian Leizza,CB,24,67,55,64,58,62,69,63
Julian Lelieveld,RB,26,67,51,74,68,67,64,61
Jakob Lewald,CB,25,67,66,67,56,54,83,65
Li Shuai,LB,29,67,82,80,61,81,71,60
Nick Lima,RB,29,67,81,77,63,77,71,67
Alexander Lind,ST,22,67,75,70,57,73,76,61
Evert Linthorst,CDM,24,67,55,81,67,67,76,66
Liu Binbin,RM,31,67,82,70,63,82,58,59
Mihai Lixandru,CDM,23,67,75,62,68,72,68,67
Ivan Ljubić,CM,28,67,58,69,69,62,78,69
Felix Lohkemper,ST,29,67,72,38,65,78,59,60
Juan Lojas,CB,35,67,58,70,49,57,81,62
Ryan Longman,LM,23,67,81,77,61,75,70,64
Matthew Longstaff,CM,24,67,63,60,68,69,58,67
Noah Loosli,CB,27,67,61,69,58,68,81,56
Roberto Lopes,CB,32,67,51,71,55,54,80,65
Elías López,RB,24,67,83,82,62,83,67,56
Mario López Quintana,CB,28,67,65,66,52,52,83,59
Álex López,CDM,36,67,55,65,71,63,69,68
Simon Lorenz,CB,27,67,62,75,62,72,80,49
Dylan Louiserre,CDM,29,67,63,84,68,67,64,67
Felix Luckeneder,CB,30,67,38,69,54,39,82,66
Anderson Lucoqui,LB,27,67,72,67,62,78,66,63
Karlo Lulić,CM,28,67,59,70,71,59,73,66
Adam Lundqvist,LB,30,67,66,76,62,69,48,64
Ramon Pascal Lundqvist,CAM,27,67,63,71,68,69,63,64
Salem M'Bakata,RB,26,67,83,78,62,84,72,58
Youssouf M'Changama,CM,34,67,74,77,68,71,67,62
Jack MacKenzie,LB,24,67,76,80,58,69,71,58
Daniel Maderner,ST,28,67,68,71,67,67,90,62
Ignacio Maestro Puch,ST,21,67,66,56,59,69,76,63
Paris Maghoma,CM,23,67,62,72,68,71,66,67
Raffaele Maiello,CM,33,67,60,80,69,79,63,68
Mattia Maita,CM,30,67,77,73,72,69,68,71
Charalambos Makridis,LM,28,67,90,64,65,83,59,62
Denil Maldonado,CB,26,67,65,68,63,58,78,65
Camora,LB,37,67,69,80,66,60,67,61
Kristiyan Malinov,CDM,30,67,55,79,63,69,71,61
Maurice Malone,ST,24,67,75,67,65,77,77,62
Mark Mampassi,CB,21,67,68,64,62,67,73,65
Alberto Marí,ST,23,67,66,61,65,62,66,61
Marius Marin,CM,26,67,74,84,73,76,65,66
Higinio,ST,30,67,65,35,67,63,72,64
Jovan Marković,ST,23,67,75,68,57,76,77,62
Gonzalo Maroni,CAM,25,67,62,54,68,73,56,64
Artur Jorge,CB,30,67,47,54,60,54,77,67
Rodrigo Márquez,LM,22,67,72,59,63,79,54,65
Luca Marseiler,ST,27,67,83,74,65,84,57,70
Félix,CB,20,67,64,61,66,64,72,66
Ramón Martínez,CDM,28,67,67,68,68,54,82,69
Alonso Martínez,RM,25,67,73,58,62,72,51,60
Gabri Martínez,RM,21,67,81,55,65,82,59,60
Henrique Pereira,LW,22,67,77,59,52,80,52,69
Diogo Travassos,RB,20,67,82,72,62,84,61,59
Lucas Masoero,CB,29,67,62,68,61,62,78,66
Roberto Massimo,RM,23,67,79,66,63,85,63,58
Ibrahim Maza,CAM,18,67,72,60,67,73,62,63
Nolan Mbemba,CM,29,67,69,72,70,63,73,66
Amadou Mbengue,CB,22,67,82,65,56,79,70,64
Hianga'a Mbock,CDM,24,67,49,65,70,66,74,62
Moustapha Mbow,CB,24,67,68,72,56,63,82,62
Ross McCausland,RM,21,67,83,51,66,76,36,62
James McClean,LB,35,67,66,81,65,62,71,67
Marcus McGuane,CDM,25,67,75,83,69,83,69,66
Duncan McGuire,ST,23,67,65,65,53,64,76,69
Carl McHugh,CDM,31,67,34,86,65,55,76,60
Shaun McWilliams,CDM,26,67,78,74,66,70,78,64
Agus Medina,CM,30,67,68,90,67,71,74,68
Nayel Mehssatou,RB,22,67,69,73,65,80,40,65
Matteo Meisl,CB,23,67,61,68,57,61,78,69
Marcos Mejía,RM,26,67,73,68,67,73,55,55
Anzor Mekvabishvili,CDM,23,67,72,68,69,69,59,65
Arial Mendy,LB,29,67,77,73,63,75,71,59
Jonathan Mensah,CB,34,67,62,75,69,57,84,65
Francisco Mera,CM,32,67,65,71,69,66,70,71
Umut Meraş,LB,28,67,74,75,65,74,68,62
Juan Mercado,CDM,27,67,70,88,64,67,63,68
Andrea Meroni,CB,27,67,51,72,50,43,78,64
Nicolás Messiniti,ST,28,67,64,67,62,73,74,66
Daniele Mignanelli,LB,31,67,87,87,61,74,58,65
Beka Mikeltadze,ST,26,67,75,77,64,77,72,68
Nicolas Milanović,LM,22,67,77,87,61,75,68,60
Lewis Miller,RB,24,67,70,74,63,62,73,64
Alexander Milošević,CB,32,67,52,65,62,44,83,67
David Min,ST,25,67,80,75,62,77,78,60
Novatus Miroshi,LB,22,67,75,74,67,72,72,63
Shunsuke Mito,RM,21,67,81,78,63,85,45,56
Sascha Mockenhaupt,CB,33,67,84,71,57,80,83,66
Manu Molina,CDM,32,67,55,70,72,63,58,67
Clemente Montes,LM,23,67,82,68,65,76,62,64
Iván Morales,ST,25,67,62,69,62,66,87,58
Lucas Morales,RB,24,67,84,83,48,71,73,63
Andrew Moran,CAM,20,67,74,66,69,77,55,59
Martim Fernandes,RB,18,67,72,66,63,73,53,68
Stefano Moreyra,CDM,23,67,63,68,67,68,60,61
Edwin Mosquera,RM,23,67,84,68,60,82,68,60
El Mehdi Moubarik,CDM,23,67,67,83,66,73,67,60
Owen Moxon,CM,26,67,67,88,66,65,72,65
Chris Mueller,LM,28,67,82,66,66,80,68,63
Joaquín,RM,25,67,81,63,60,83,61,61
Carlos Isaac,RB,26,67,74,71,61,73,75,64
Jorge Murrugarra,CDM,27,67,57,66,71,60,68,62
Anthony Musaba,RM,23,67,87,65,59,84,70,64
Ivan Näsberg,CB,28,67,68,69,63,62,79,62
Gerrit Nauber,CB,32,67,45,55,60,43,77,61
David Nemeth,CB,23,67,56,67,57,50,90,62
Nathan Ngoy,CB,21,67,80,66,60,76,79,64
Julien Ngoy,ST,26,67,90,77,58,75,81,66
Jona Niemiec,ST,22,67,90,71,63,82,78,59
Jannis Nikolaou,CDM,31,67,51,72,66,60,75,63
Branislav Niňaj,CB,30,67,50,71,57,38,86,59
Ken Nkuba,RM,22,67,79,72,62,77,59,61
Simen Bolkan Nordli,LM,24,67,67,75,66,71,67,62
Brooke Norton-Cuffy,RB,20,67,80,73,59,79,69,64
Lucas Noubi,CB,19,67,76,65,65,75,80,64
Claudio Nuñez,CB,28,67,66,63,63,58,70,60
Cristian Núñez,CM,26,67,62,77,73,73,73,60
Álvaro Núñez,RB,24,67,75,77,61,75,68,63
Ché Nunnely,RM,25,67,89,76,60,90,63,62
Tomás O'Connor,CM,20,67,60,71,76,67,46,59
Stephen Odey,ST,26,67,85,81,56,83,75,67
Ryoya Ogawa,LB,27,67,75,73,66,78,80,58
Connor Ogilvie,LB,28,67,69,79,61,68,78,61
Chima Okoroji,LB,27,67,88,66,68,84,56,61
Yllan Okou,CB,21,67,70,51,59,67,73,65
Orji Okwonkwo,ST,26,67,90,70,64,89,71,63
Olasagasti,CM,24,67,56,78,74,65,66,69
Ibrahim Olawoyin,CAM,26,67,82,73,64,81,66,63
Ben Old,LM,22,67,82,72,67,83,65,54
Patrick Olsen,CM,30,67,66,83,68,55,72,66
Martin Olsson,LB,36,67,64,66,63,56,74,65
Aimé Omgba,CAM,21,67,78,66,68,84,61,66
Başar Önal,LM,20,67,80,60,61,79,55,59
Gaël Ondoua,CDM,28,67,65,80,68,70,74,62
Óscar Opazo,RB,33,67,79,71,68,72,65,58
Ortuño,ST,33,67,59,63,63,54,80,63
Jordi Osei-Tutu,RM,25,67,88,64,61,88,61,58
Takuto Oshima,CM,26,67,69,75,75,69,47,65
William Osula,ST,21,67,69,57,57,67,71,66
Sergio Otálvaro,RB,37,67,58,61,66,65,65,63
Zinédine Ould Khaled,CDM,24,67,45,67,70,45,73,57
Torge Paetow,CB,29,67,62,70,55,56,82,60
Vincent Pajot,CM,34,67,39,72,71,61,71,68
Jeisson Palacios,CB,30,67,56,67,63,51,78,61
Liam Palmer,CB,32,67,67,75,64,70,77,69
Brayan Palmezano,CAM,23,67,62,44,68,70,65,58
Luca Pandolfi,ST,26,67,65,62,63,66,74,58
Alexandru Pantea,RB,21,67,89,82,60,87,61,56
Antonios Papadopoulos,CB,25,67,66,75,59,65,82,64
Giannis Papanikolaou,CM,25,67,69,81,67,76,73,67
Gaëtan Paquiez,RB,30,67,70,81,65,68,75,60
Park Soo Il,RB,28,67,79,79,64,80,68,61
Abdulkadir Parmak,CDM,29,67,75,70,68,72,65,65
Lóránd Pászka,LB,28,67,78,64,64,82,48,64
Adrian Păun,CAM,29,67,72,81,67,75,64,67
Nicolae Păun,CDM,25,67,65,72,68,61,67,67
Nicola Pavan,CB,31,67,62,77,72,61,72,65
Bartłomiej Pawłowski,CAM,31,67,83,72,66,81,63,65
Tim Payne,RB,30,67,68,83,61,67,83,58
Kristian Pedersen,LB,30,67,56,70,65,54,76,67
Matthew Pennington,CB,29,67,67,74,61,60,78,65
Juan José Perea,ST,24,67,80,70,60,82,69,66
Geisson Perea,CB,33,67,56,70,62,64,74,64
Adrian Nilsen Pereira,LB,25,67,81,81,60,81,63,60
Serginho,RW,23,67,74,64,64,79,40,65
Pablo Felipe,RM,20,67,67,63,67,69,69,70
Angel Pérez,RB,34,67,71,75,59,70,65,58
Luis Pérez,CM,28,67,67,77,68,68,66,69
Kristoffer Peterson,LM,29,67,70,68,63,79,65,63
Jeremy Petris,RB,26,67,75,70,63,77,59,67
Tom Pettersson,CB,34,67,38,72,64,37,87,65
Nicholas Pierini,ST,26,67,85,64,63,84,64,67
Simon Piesinger,CB,32,67,32,73,67,34,87,61
Shaquille Pinas,LB,26,67,75,72,65,74,72,63
Markus Pink,ST,33,67,54,65,62,40,85,66
Mitch Pinnock,CAM,29,67,81,82,66,78,75,66
Gabriel Pirani,CAM,22,67,68,52,72,79,56,60
Filippo Pittarello,ST,27,67,73,79,68,68,84,59
Damián Pizarro,ST,19,67,86,65,56,82,83,65
Morgan Poaty,LB,27,67,86,80,50,87,71,60
Peter Pokorný,CDM,23,67,64,75,69,61,71,62
Ernest Poku,RW,20,67,92,64,58,93,61,62
Pomares,LB,31,67,70,65,65,66,69,62
Fabio Ponsi,RB,23,67,73,81,60,70,74,66
Daniel Popa,ST,29,67,72,90,57,68,89,65
Ovidiu Popescu,CDM,30,67,66,86,66,68,76,61
Segundo Portocarrero,LM,27,67,83,63,67,85,63,61
Romano Postema,ST,22,67,80,67,62,77,65,64
Freddie Potts,CDM,21,67,62,70,69,64,65,63
Marvin Potzmann,RB,30,67,70,67,66,72,73,62
Andreas Poulsen,LB,24,67,61,65,67,68,78,64
Mateusz Praszelik,CDM,23,67,66,76,72,74,63,64
Nik Prelec,ST,23,67,71,58,67,62,82,61
Isaac Price,CM,20,67,66,72,72,67,57,61
Richard Prieto,LM,27,67,80,64,64,81,46,57
Oliver Provstgaard,CB,21,67,67,72,65,65,82,64
Raffaele Pucino,RB,33,67,78,82,62,72,68,65
David Puclin,CDM,32,67,63,87,66,66,60,62
George Pușcaș,ST,28,67,68,66,58,65,79,64
Qian Jiegei,CDM,32,67,74,91,67,75,66,62
Giacomo Quagliata,LB,24,67,76,78,58,86,56,62
Quintillà,LB,28,67,69,70,64,71,59,66
Sergio Quiroga,CAM,30,67,71,71,71,74,34,64
Kasim Rabihic,CAM,31,67,72,73,67,76,59,63
Uroš Radaković,CB,30,67,52,54,52,51,85,63
Josip Radošević,CDM,30,67,53,79,61,51,80,61
Hamza Rafia,CM,25,67,55,67,70,65,59,67
Jackson Ragen,CB,25,67,45,65,68,47,85,69
Sean Raggett,CB,30,67,54,78,57,48,92,58
Mileta Rajović,ST,25,67,76,64,61,77,76,59
Rodrigo Ramallo,LM,33,67,78,71,60,69,70,65
Alex Rambal,CB,31,67,55,57,57,54,72,62
Matías Ramírez,LM,25,67,77,52,73,81,60,59
Eric Ramírez,ST,25,67,68,57,65,66,80,63
Joel Randall,CAM,24,67,77,77,66,82,46,64
Vadim Rață,CM,31,67,71,85,66,75,64,68
Petar Ratkov,ST,21,67,73,63,62,61,72,59
Raimundo Rebolledo,RB,27,67,74,72,65,69,60,62
Luciano Recalde,CB,29,67,55,72,57,49,73,64
Alex Redolfi,CB,30,67,58,75,52,55,80,52
Jamie Reid,ST,30,67,75,74,56,78,76,65
Nuno Lima,CB,23,67,66,60,58,62,71,61
Martin Remacle,CM,27,67,63,76,71,65,63,65
Marco Rente,CB,27,67,86,70,65,80,82,57
Andrés Rentería,ST,31,67,77,69,59,76,77,61
Edisson Restrepo,CB,27,67,80,72,58,80,72,56
Giacomo Ricci,LB,28,67,64,79,60,61,66,61
Matteo Ricci,CDM,30,67,66,80,68,74,57,63
Rubén Darío Ríos,CM,28,67,66,76,71,64,59,62
Josh Risdon,RB,32,67,77,85,61,70,81,54
Lars Ritzka,LB,26,67,64,78,64,75,68,61
Braian Rivero,CDM,28,67,55,72,72,65,67,64
Blás Riveros,LB,26,67,80,71,65,76,67,62
Haydon Roberts,LB,22,67,70,68,64,73,71,59
Alex Robertson,CAM,21,67,65,70,70,78,55,65
Matías Rocha,CB,23,67,66,64,61,55,78,64
Rúben Lima,CB,34,67,65,64,68,54,66,66
Luís Rocha,CB,38,67,36,32,47,32,86,69
Jamie Roche,CDM,23,67,69,74,64,68,80,66
Rodrigues,CB,26,67,68,71,62,65,80,67
Rúben Rodrigues,CAM,28,67,72,73,66,70,61,64
Vicente Rodríguez,CM,29,67,67,72,71,65,65,66
Ignacio Rodríguez,CB,20,67,61,54,39,35,85,52
Maximiliano Rodríguez,RB,36,67,74,51,70,69,60,69
Tachi,CB,27,67,57,33,68,43,67,60
Alberto,CB,31,67,54,65,64,54,73,57
Alvaro Rodríguez,RB,30,67,55,69,64,62,66,64
Marco Rojas,LM,32,67,75,40,66,76,30,64
Esteban Rolón,CDM,29,67,58,63,69,68,64,68
Filippo Romagna,CB,27,67,32,30,63,39,67,63
Fernando Román,LB,25,67,77,70,63,79,59,59
Alin Roman,CAM,30,67,70,60,70,76,63,62
Iván Romero,ST,23,67,83,71,64,86,59,64
Tuur Rommens,LB,21,67,73,66,66,64,64,61
Frank Ronstadt,RB,27,67,76,67,59,75,69,63
Ros,CB,28,67,65,71,66,71,69,63
Siro Rosane,CDM,24,67,64,74,67,65,72,60
Guille Rosas,RB,24,67,79,81,65,77,65,60
Damian Roßbach,CB,31,67,58,69,50,53,78,62
Raphael Rossi,CB,34,67,80,76,60,72,84,60
Alexander Rossipal,LB,28,67,51,79,64,74,75,63
Matteo Rover,LM,25,67,73,64,67,78,64,65
Jimmy Roye,CDM,36,67,65,85,65,61,63,65
Agustín Ruberto,ST,18,67,72,59,58,72,71,66
Slobodan Rubežić,CB,24,67,60,72,40,57,89,48
Kevin Rüegg,RB,26,67,79,59,67,76,74,60
Salva Ruíz,LB,29,67,73,63,69,70,69,58
Adrian Rus,CB,28,67,71,68,64,73,76,63
Besard Sabovic,CDM,26,67,55,76,67,55,74,64
Noah Sadiki,CDM,19,67,73,65,69,74,64,65
Loret Sadiku,CDM,33,67,34,70,68,37,62,66
Ole Christian Sæter,ST,28,67,68,72,59,71,80,63
Lars Sætra,CB,33,67,33,63,65,32,91,63
Sebastián Sáez,ST,39,67,47,48,66,43,74,59
Amadou Sagna,LM,25,67,91,75,52,88,44,59
Anass Salah-Eddine,LB,22,67,74,68,72,75,65,63
Amine Salama,ST,24,67,78,55,59,67,72,66
Aldair Salazar,CB,30,67,72,77,62,73,73,67
Ricardo Salcedo,CDM,34,67,59,70,68,56,66,66
Salinas,LB,23,67,76,73,61,72,54,61
Benedikt Saller,LB,31,67,83,71,65,73,65,63
Emil Salomonsson,RB,35,67,71,77,61,64,70,66
Álex Sancris,RM,27,67,69,54,69,65,54,67
Alvyn Sanches,CM,21,67,68,81,68,73,57,65
Carlos Sánchez,CDM,38,67,35,33,69,33,77,59
Nacho,LM,31,67,74,70,64,79,66,60
Dion Sanderson,CB,24,67,68,67,60,66,74,64
Mamadou Sangaré,CM,22,67,82,67,70,82,59,64
Jorge Sanguina,ST,25,67,61,55,58,65,65,58
Sam Sanna,CM,25,67,69,90,72,75,45,64
Sergio Santos,ST,30,67,89,63,59,91,80,60
Abdoulie Sanyang,RM,25,67,83,71,63,89,54,51
Veysel Sarı,CB,36,67,48,73,58,47,81,62
Darío Sarmiento,RW,21,67,73,52,62,82,35,55
Hans Nunoo Sarpei,CDM,26,67,75,72,68,70,67,67
Elías Sarquis,LM,33,67,74,57,62,72,59,57
Anthony Sauthier,RB,33,67,61,71,67,56,67,64
Aurélien Scheidler,ST,26,67,50,72,61,53,89,65
Jonathan Scherzer,LB,29,67,67,71,66,62,76,63
Raphael Schifferl,CB,25,67,63,70,59,52,83,64
Joël Schingtienne,CB,22,67,68,70,62,64,71,64
Kenneth Schmidt,CB,22,67,77,62,63,76,75,61
Morris Schröter,RM,29,67,75,81,64,89,69,65
Michael Schultz,CB,31,67,44,64,65,39,86,63
Till Schumacher,LB,26,67,68,81,66,79,39,61
Petr Schwarz,CM,32,67,70,84,68,67,66,65
Ilias Sebaoui,LM,22,67,78,66,64,78,52,64
Marcel Seegert,CB,30,67,52,66,64,56,78,62
Yanis Senhadji,ST,19,67,70,65,60,67,68,64
Jacob Shaffelburg,LM,24,67,91,69,61,90,60,54
Billy Sharp,ST,38,67,50,49,64,55,71,69
Samuel Shashoua,ST,25,67,90,66,63,87,63,63
Shi Ke,CB,31,67,66,78,59,69,80,73
Shin Kwang Hoon,RB,37,67,57,73,63,68,68,65
Louie Sibley,LM,23,67,63,67,68,64,59,65
Kwasi Sibo,CDM,26,67,66,83,65,67,78,65
Kalidou Sidibé,CDM,25,67,36,72,66,43,81,63
Grego Sierra,CB,31,67,52,68,63,51,80,69
Santiago Silva,CM,20,67,56,80,71,64,61,66
Marcelo Silva,CB,35,67,31,57,64,33,90,62
Ba-Muaka Simakala,LW,27,67,75,66,61,87,57,63
Alpha Sissoko,RB,27,67,76,71,64,79,65,60
Mateusz Skrzypczak,CB,24,67,56,80,64,55,73,61
Anis Slimane,CM,23,67,65,74,69,66,81,65
Ester Sokler,ST,25,67,79,58,59,82,66,64
Nikola Soldo,CB,23,67,66,61,66,53,76,65
Edoardo Soleri,ST,26,67,78,61,58,77,78,65
Lasse Sørensen,RB,24,67,75,78,64,73,65,63
Adam Sørensen,LB,23,67,91,83,65,90,50,62
Sebastián Sosa Sánchez,ST,30,67,59,64,59,58,73,64
Nicolás Sosa Sánchez,ST,28,67,72,81,64,73,49,69
Lucas Souto,RB,25,67,71,81,50,69,64,58
Felipe Abner,LB,28,67,78,67,66,75,61,60
Adrían Spörle,LB,29,67,74,73,61,71,70,60
Marvin Stefaniak,LM,29,67,69,73,66,82,64,61
Gianni Stensness,CB,25,67,52,84,64,54,80,63
Basil Stillhart,CB,30,67,63,82,69,67,81,70
Ianis Stoica,RM,21,67,82,69,63,80,61,64
Filip Stojilković,ST,24,67,85,64,55,82,70,63
Ryan Strain,RB,27,67,76,80,64,81,71,62
Jared Stroud,RM,28,67,67,79,70,68,65,61
Facundo Suárez,ST,30,67,57,70,61,57,72,58
Martin Suchomel,LB,22,67,71,68,60,68,73,63
Vladyslav Supriaha,ST,24,67,79,47,66,77,54,67
Marin Šverko,CB,26,67,68,70,63,64,83,61
Mohamad Sylla,CDM,30,67,67,75,59,63,73,67
Richmond Tachie,ST,25,67,89,81,64,85,62,63
Younes Taha,RM,21,67,67,66,62,81,46,65
Tan Long,LM,36,67,73,71,63,69,79,67
Patricio Tanda,CDM,22,67,70,80,70,74,74,62
Niklas Tauer,CDM,23,67,66,67,68,68,70,66
Caleb Taylor,CB,21,67,59,69,56,52,76,64
Geovany Quenda,RW,17,67,78,59,64,75,46,49
Adalid Terrazas,CAM,24,67,59,73,70,61,71,62
Simon Thern,CM,31,67,76,75,70,73,71,64
Bjarne Thoelke,CB,32,67,34,36,54,34,85,67
Mads Døhr Thychosen,RB,27,67,72,74,62,67,77,62
Alexis Tibidi,LM,20,67,76,62,64,75,70,61
Valentin Țicu,LB,23,67,78,85,65,80,66,65
Steffen Tigges,ST,26,67,55,75,65,54,87,69
Marco Tilio,RM,23,67,82,65,62,85,47,61
Mickaël Tirpan,RB,30,67,72,73,63,73,63,62
Christian Tizón,LM,28,67,83,74,61,75,49,60
Tommy Tobar,ST,37,67,76,42,53,75,73,63
Kristers Tobers,CB,23,67,54,71,66,55,75,61
Grzegorz Tomasiewicz,CDM,28,67,68,90,65,68,44,67
Keke Topp,ST,20,67,64,68,62,55,85,64
Joaquín Torres,CAM,27,67,75,64,64,82,42,64
David Torres,CB,21,67,63,60,72,54,71,60
Idrissa Touré,CDM,26,67,63,77,70,71,77,65
Aleksandar Trajkovski,LM,32,67,62,63,66,68,65,63
Anders Trondsen,LB,29,67,73,73,68,74,70,63
Derrick Katuku Tshimanga,LB,35,67,85,65,57,82,61,66
Stefanos Tzimas,ST,18,67,74,67,61,78,65,56
Maximilian Ullmann,LB,28,67,82,89,63,83,65,61
Anthony Uribe,ST,33,67,80,73,51,79,81,60
Kyan Vaesen,ST,23,67,60,43,60,53,78,65
Iván Valdez,RM,29,67,82,60,63,73,59,55
Javier Nicolas Vallejo,LM,20,67,76,59,64,79,60,62
Hugo Vallejo,LM,24,67,61,60,65,64,69,60
Jefferson Valverde,CM,25,67,72,78,69,68,64,66
Finn van Breemen,CB,21,67,62,74,71,55,67,60
Dario Van den Buijs,CB,29,67,57,67,63,55,76,66
Thomas Van Den Keybus,LM,23,67,63,71,71,74,50,64
Jasper van der Werff,CB,25,67,60,62,64,60,74,64
Alec Van Hoorenbeeck,CB,25,67,64,65,57,53,72,62
Yoëll van Nieff,CDM,31,67,52,66,66,49,67,61
Kevin van Veen,ST,33,67,52,54,60,55,78,64
Nilton Varela,LB,23,67,73,67,58,74,71,62
Jefre Vargas,RB,29,67,73,72,60,81,69,65
Sebastian Vasiliadis,CM,26,67,67,76,69,73,66,74
Indiana Vassilev,CM,23,67,73,80,70,74,60,70
Thiago Vecino,ST,25,67,54,59,54,54,81,64
Brayan Véjar,LB,29,67,86,81,63,92,66,60
Odysseus Velanas,LM,26,67,76,72,62,69,66,67
Pedro Velurtas,RB,23,67,79,71,64,81,46,56
Michael Venturi,CB,25,67,46,32,74,58,60,62
Nikolas Veratschnig,RB,21,67,79,77,64,70,69,63
Davide Veroli,LB,21,67,71,68,60,70,73,63
Christian Viet,CAM,25,67,72,81,68,77,62,68
Luca Vignali,RM,28,67,78,84,64,70,61,64
Felipe Villagrán,CM,27,67,60,68,72,60,75,60
Kevin,LM,23,67,78,55,64,81,41,62
Christophe Vincent,CM,31,67,71,77,73,61,64,65
Pedro Vite,CM,22,67,66,72,73,79,43,68
Carlos Vivas,CB,22,67,62,59,70,57,64,66
Shkelqim Vladi,ST,23,67,71,71,60,67,70,66
Ilija Vukotić,CM,25,67,65,68,69,55,74,68
Joe Ward,RB,29,67,83,78,64,80,54,66
Joel Waterman,CB,28,67,47,64,71,34,78,69
Wei Zhen,CB,27,67,66,69,67,66,74,64
Erik Wekesser,LB,27,67,73,68,66,75,74,64
Paul Will,CDM,25,67,60,85,70,77,75,60
Jordan Williams,RB,24,67,72,79,60,74,67,65
Kane Wilson,RB,24,67,84,88,57,86,65,62
Joshua Wilson-Esbrand,LB,21,67,82,62,64,80,55,60
Henry Wingo,CB,28,67,70,68,68,75,72,68
Rafał Wolski,CAM,31,67,55,65,70,54,48,66
Robin Yalçın,RB,30,67,59,66,70,63,71,68
Andy Yiadom,RB,32,67,76,79,62,74,74,63
Héctor Yuste,CB,36,67,54,74,68,50,82,64
Kahveh Zahiroleslam,ST,22,67,69,63,58,54,74,67
Gjoko Zajkov,CB,29,67,54,57,62,45,80,64
David Zalazar,RM,22,67,80,52,70,84,57,64
Luca Zander,RB,29,67,72,65,64,81,64,64
Luis Zárate,CB,24,67,55,70,55,63,75,61
Sean Zawadzki,CB,24,67,75,71,68,70,70,65
Jean Zimmer,RB,30,67,86,75,61,86,58,63
Tom Zimmerschied,LW,25,67,77,81,66,74,58,63
Luca Zuffi,CDM,34,67,53,64,70,58,60,62
Nino Žugelj,RW,24,67,81,70,63,80,63,62
Talys,LB,25,66,73,72,56,70,77,59
Thelo Aasgaard,CAM,22,66,67,64,66,62,66,65
Abdel Hakim Abdallah,LB,27,66,78,81,62,84,66,53
Dickson Abiama,ST,25,66,75,67,49,81,68,65
Dawid Abramowicz,LB,33,66,76,92,64,73,77,62
Lalas Abubakar,CB,29,66,65,70,64,43,86,61
Malik Abubakari,ST,24,66,75,73,59,72,85,65
Yaw Ackah,CDM,25,66,70,70,61,65,40,65
Nahuel Acosta,RW,25,66,74,66,46,71,46,46
Martin Adeline,CM,20,66,64,72,70,65,60,60
Jordan Adéoti,CM,35,66,47,72,66,38,73,64
Emanuel Aiwu,CB,23,66,72,73,58,68,78,64
Takahiro Akimoto,LB,26,66,73,81,67,82,68,62
Babatunde Akinsola,RM,21,66,80,34,62,81,42,62
Ufuk Akyol,CDM,27,66,70,64,66,64,67,65
Nawaf Al Abed,CAM,34,66,44,32,70,42,49,58
Awn Al Bishi,CB,26,66,69,61,57,62,79,66
Nasser Al Dawsari,LB,25,66,69,65,71,66,58,60
Mohammed Al Fatil,CB,32,66,54,63,63,63,72,60
Ali Al Hamadi,ST,22,66,79,68,54,81,78,64
Abdulelah Al Malki,CDM,29,66,66,63,70,62,65,61
Sami Al Najai,CAM,27,66,66,71,67,70,66,58
Radhi Al Otaibi,RB,24,66,87,85,67,88,57,59
Danilo Al Saed,LM,25,66,80,68,58,84,54,64
Hamdan Al Shamrani,LB,27,66,91,83,56,93,72,54
Abdulmajeed Al Sulayhim,CM,30,66,55,68,72,78,58,56
Hamad Al Yami,RM,25,66,85,75,64,85,56,55
Sofiane Alakouch,RB,26,66,71,69,65,72,63,63
Tomás Alarcón,CM,25,66,63,70,69,61,75,65
Alessandro Albanese,LM,24,66,74,64,63,80,52,55
Aldasoro,CDM,25,66,67,77,66,69,57,65
Ajibola Alese,LB,23,66,79,67,61,71,80,59
Franco Alfonso,LM,22,66,81,56,63,73,33,55
Jostin Alman,ST,29,66,77,73,64,74,65,65
João Pedro,CM,31,66,59,72,67,56,62,64
Riçard Almeyda,CM,35,66,56,58,71,58,65,64
Altimira,RB,23,66,64,70,64,66,56,65
Sandro Altunashvili,CM,27,66,61,75,68,73,52,64
Fran Álvarez,CM,26,66,54,74,70,70,47,70
Xavier Amaechi,RW,23,66,61,65,70,84,56,55
Francesco Amatucci,CM,23,66,69,78,68,68,74,68
Michael Ameyaw,RM,23,66,88,78,62,84,57,48
Luke Amos,CM,27,66,41,65,71,53,58,64
Frederic Ananou,RB,26,66,90,69,57,81,77,59
Hugo Andersson,CB,25,66,44,63,58,41,83,58
Oscar Añez,RB,34,66,78,79,64,80,71,65
Hugo Ángeles,LB,30,66,79,80,25,78,48,54
Marco Antonio Angulo,CDM,22,66,59,65,73,65,62,66
Ilyas Ansah,ST,19,66,76,70,59,75,80,64
Izuchukwu Anthony,CB,26,66,84,64,55,80,83,58
Jeremy Antonisse,LM,22,66,81,57,60,80,62,58
Daniel Anyembe,CB,26,66,82,76,65,79,70,66
Julien Anziani,CM,25,66,58,67,69,62,58,66
Kévin Appin,CM,26,66,66,75,70,72,70,65
Rafael Arace,RM,29,66,80,77,61,81,58,61
Francisco Arancibia,RM,27,66,90,43,62,89,36,62
Walter Araujo,CAM,29,66,70,57,67,73,56,62
Afeez Aremu,CDM,24,66,69,68,64,75,73,64
Joiser Arias,LM,25,66,72,63,62,76,64,51
Yair Arismendi,LM,26,66,85,80,60,76,50,60
Remo Arnold,CB,27,66,37,65,68,39,79,60
Kristian Arnstad,CM,21,66,63,70,68,73,58,64
Xavier Arreaga,CB,29,66,52,71,67,55,71,62
Yamil Asad,LM,30,66,71,80,65,75,64,57
Serkan Asan,RB,25,66,79,65,57,78,44,63
Joseph Attamah,CB,30,66,64,68,66,64,78,66
Edson Aubert,CDM,35,66,60,70,69,49,64,59
Loide Augusto,RB,24,66,82,70,63,83,60,58
Zé Ricardo,LB,26,66,75,68,58,73,64,63
Yasin Ayari,CM,20,66,63,62,72,62,56,62
Nazinho,LB,21,66,75,62,60,78,63,64
Ba Dun,LM,28,66,85,86,62,85,63,66
Tom Baack,CM,25,66,63,85,70,66,70,64
Joseph Baffoe,CB,31,66,61,62,64,57,82,64
Corey Baird,ST,28,66,78,69,59,76,69,64
Mihai Bălașa,CB,29,66,69,72,57,64,75,62
Elves Baldé,RW,24,66,87,68,60,93,33,58
Axel Bamba,CB,25,66,83,61,60,72,85,67
Hassane Bandé,ST,25,66,86,62,61,85,63,65
Péter Baráth,CDM,22,66,72,69,66,68,64,70
Théo Barbet,CB,23,66,74,68,53,63,72,60
Sergio Barcia,CB,23,66,62,56,62,59,62,65
Francisco Bareiro,ST,24,66,50,51,55,44,86,58
Tom Barkhuizen,LM,31,66,80,70,60,81,62,60
Antoine Baroan,ST,24,66,78,50,67,81,75,64
Anthony Baron,LB,31,66,67,69,65,67,71,62
Orlando Barreto,CB,26,66,51,61,65,52,77,70
Michaël Barreto,LM,33,66,72,72,67,74,61,60
Gerson Barreto,CM,29,66,64,70,67,65,74,71
Martín Barrios,CM,25,66,59,68,68,64,64,64
Bautista Barros Schelotto,RB,24,66,73,80,61,69,57,61
Fortune Bassey,ST,25,66,75,77,60,75,68,63
Jorge Bazán,RM,33,66,76,68,61,75,46,64
Jake Beesley,ST,27,66,74,65,57,64,75,64
Marvin Bejarano,LB,36,66,64,80,58,59,67,62
Carlos Beltrán,CB,34,66,44,66,62,49,74,54
Fernando Benítez,CDM,25,66,69,57,66,66,53,60
Miguel Ángel Benítez,LB,27,66,65,83,62,71,69,67
Óliver Benítez,CB,33,66,60,65,50,60,82,60
Guillermo Benítez,LB,30,66,74,53,60,71,62,63
Iker Benito,LM,22,66,75,51,66,82,42,59
Liam Bennett,RB,22,66,83,86,58,83,52,59
Jewison Bennette,LM,20,66,84,57,58,89,43,60
Massimo Bertagnoli,CM,25,66,70,74,73,62,53,58
Loïc Bessilé,CB,25,66,77,66,58,71,77,61
Steeve Beusnard,CM,32,66,70,61,71,68,51,68
Bartosz Białek,ST,22,66,62,57,60,63,80,62
Alessandro Bianco,CM,21,66,42,64,73,58,32,70
José Bizama,RB,30,66,79,71,67,74,74,55
Morten Bjørlo,CM,28,66,55,75,66,64,59,65
Filip Blažek,CB,26,66,60,51,60,58,79,60
Emmanuel Boateng,LM,30,66,89,55,65,90,71,59
Lukas Boeder,CB,27,66,66,74,63,65,76,64
Jeremy Bokila,ST,35,66,72,62,60,68,76,60
Boli Bolingoli,LB,29,66,80,75,63,77,73,61
Warren Bondo,CM,20,66,74,68,69,75,58,65
Solomon Bonnah,RB,21,66,85,74,60,90,33,59
Chiki,ST,27,66,83,61,65,80,65,62
Sebastian Borza,LB,18,66,84,71,65,74,64,64
Kenji-Van Boto,LB,28,66,69,87,61,73,74,61
Carlo Boukhalfa,CAM,25,66,68,66,71,64,76,63
Ismaël Boura,LB,24,66,70,69,59,75,62,64
Joseph Boyamba,LM,28,66,86,67,59,86,57,59
Jayden Braaf,LM,22,66,76,65,63,76,70,59
Calvin Brackelmann,CB,25,66,76,67,63,70,87,64
Sonny Bradley,CB,33,66,48,65,60,44,77,60
João Moutinho,LB,26,66,63,71,64,65,69,60
Frederik Brandhof,CM,28,66,79,85,67,80,75,63
Max Brandt,CM,23,66,67,83,69,67,50,69
Julián Brea,RW,24,66,75,67,63,79,42,60
Jakob Breum,RM,20,66,59,93,65,78,56,61
Maximilian Breunig,ST,24,66,68,61,59,62,78,63
Lucas Brochero,RM,25,66,81,55,60,81,45,58
Lachlan Brook,RM,23,66,84,63,63,84,67,47
Andre Brooks,CAM,21,66,67,60,65,74,53,64
Jordy Bruijn,CAM,28,66,34,76,67,69,50,65
Lucas Brumme,LB,24,66,70,74,62,71,67,63
Thomas Bruns,CAM,32,66,60,74,72,66,61,63
Max Bruns,CB,21,66,60,71,67,57,62,68
Charles-Andreas Brym,ST,26,66,83,76,63,83,68,65
Kevin Bua,CDM,31,66,81,73,69,80,65,68
Conrado,LM,27,66,82,71,63,83,65,66
Gastón Bueno,CB,39,66,50,48,59,51,63,58
Thomas Buitink,ST,24,66,55,70,65,68,68,67
Sergiy Buletsa,CAM,25,66,78,64,67,77,57,63
Marco Burch,CB,23,66,65,78,62,69,75,57
Livan Burcu,LM,19,66,70,72,62,75,52,64
Nicolas Bürgy,CB,29,66,38,62,62,45,76,65
Nishan Burkart,LM,24,66,79,72,61,82,64,61
Cory Burke,ST,32,66,82,62,50,71,85,62
Rocky Bushiri,CB,24,66,66,71,55,53,91,56
Alessio Buttaro,RB,22,66,81,67,60,80,78,63
Alexandr Bužek,CDM,20,66,83,70,66,80,68,64
George Byers,CM,28,66,60,76,68,56,66,68
Carlos Cabello,RB,26,66,75,64,65,74,48,60
Bryan Cabezas,LW,27,66,87,60,64,82,74,62
Elías Cabrera,CAM,21,66,70,65,68,74,45,58
Jeronimo Cacciabue,CM,26,66,62,64,73,66,57,65
Chris Cadden,RB,27,66,71,84,65,68,70,59
Abdu Conté,LB,26,66,70,71,62,65,79,62
Andrea Cagnano,LB,26,66,66,74,63,65,78,62
Beder Caicedo,LB,32,66,82,71,61,77,68,63
Luis Caicedo,CB,32,66,55,66,60,51,75,62
Kerim Çalhanoğlu,LB,22,66,68,68,65,77,64,62
Kaan Caliskaner,CAM,24,66,86,74,65,67,80,64
Ousmane Camara,ST,22,66,69,50,62,66,56,64
George Campbell,CB,23,66,76,64,61,64,82,56
Felipe Campos,RB,30,66,72,62,63,70,77,61
Álvaro Campuzano,CDM,29,66,66,85,69,68,83,62
Cihan Çanak,CAM,19,66,78,60,65,82,39,59
Leonardo Candellone,ST,26,66,68,78,63,65,76,58
Gustavo Canto,LB,30,66,52,82,66,52,76,69
Tiberiu Căpușă,RB,26,66,77,82,59,74,71,62
Lucas Carrizo,CB,27,66,70,86,56,68,72,60
Antonio Casas,ST,24,66,72,67,58,70,73,60
Olly Casey,CB,23,66,58,67,61,55,75,60
Rodrigo Castillo,ST,25,66,79,58,67,70,61,68
Bryan Castrillón,LM,25,66,80,63,58,82,45,51
Raúl Castro,CDM,35,66,55,80,66,64,31,65
Marcin Cebula,CAM,28,66,81,69,65,83,62,57
Cédric,ST,22,66,71,58,52,74,58,65
Emil Ceïde,LW,23,66,71,56,59,79,41,56
Yuriel Celi,CAM,22,66,69,64,66,68,67,68
Ricardo Centurión,CAM,31,66,70,42,68,69,48,57
Lucas Cepeda,LW,21,66,81,72,58,79,76,59
Giuliano Cerato,RB,26,66,71,64,65,72,46,61
Willian Cevallos,CDM,34,66,69,73,67,70,66,68
Ronaldo Chacón,ST,26,66,72,60,57,61,76,49
Leyser Chaverra,RB,27,66,77,79,50,80,69,64
Amin Cherni,LB,23,66,70,85,64,75,56,64
Dennis Chessa,RW,31,66,71,70,65,69,59,68
Michael Cheukoua,RM,27,66,75,71,62,78,64,63
Sunil Chhetri,ST,40,66,70,83,58,75,72,58
Edward Chilufya,ST,24,66,91,79,57,92,47,62
Vlad Chiricheș,CB,34,66,35,34,67,34,63,63
Daijiro Chirino,RB,22,66,79,74,62,81,69,62
Aurelian Chițu,ST,33,66,65,57,67,63,80,60
Cho Young Wook,ST,25,66,82,78,59,79,65,64
Choi Young Joon,CDM,32,66,43,78,62,65,78,64
Ilyas Chouaref,CAM,23,66,75,62,65,74,63,63
Joris Chougrani,CB,33,66,70,77,63,73,76,61
Manuel Cicconi,LM,27,66,68,59,64,69,57,64
Riccardo Ciervo,RM,23,66,78,70,59,78,63,58
Uğur Çiftçi,LB,32,66,69,71,64,67,69,68
Sadık Çiftpınar,CB,31,66,71,64,52,71,72,67
Brian Cipenga,LW,26,66,83,75,60,84,63,69
Cătălin Cîrjan,CAM,21,66,70,58,66,76,34,61
Ramazan Civelek,RM,28,66,74,67,65,75,62,63
Óscar Clemente,LM,25,66,69,62,70,65,40,68
Royscer Colpa,CDM,29,66,68,80,65,68,70,62
Lautaro Comas,LM,29,66,80,71,63,81,34,60
Aloïs Confais,CDM,28,66,50,71,68,65,52,68
Mael Corboz,CM,30,66,77,86,69,76,65,66
José Córdoba,CB,23,66,77,54,62,64,82,55
Sergio Córdova,ST,27,66,72,55,59,72,78,63
Fernando Cornejo,CM,28,66,71,76,72,64,71,64
Conor Coventry,CDM,24,66,65,76,66,66,60,65
Saúl Crespo,CM,28,66,49,61,71,50,80,64
Ante Crnac,ST,20,66,78,62,52,78,77,52
Juan Manuel Cruz,ST,25,66,61,44,62,60,74,59
Cubero,RB,25,66,63,74,69,65,77,59
Josué Cuero,RB,23,66,83,62,63,73,54,60
Luke Cundle,CM,22,66,68,67,73,76,35,62
Marvin Çuni,ST,23,66,80,51,59,71,73,63
Greg Cunningham,CB,33,66,51,57,63,51,75,60
Laurin Curda,CB,22,66,73,72,65,68,73,63
Alan Czerwiński,RB,31,66,81,76,62,78,76,61
Andrea D'Errico,CM,32,66,63,66,70,69,45,68
Robbie D'Haese,RM,25,66,72,68,64,76,52,63
Leo Bolgado,CB,26,66,56,68,61,60,70,55
Kayky,RW,21,66,75,60,60,83,43,49
Iano Simão,LB,25,66,61,58,67,66,65,63
Marrony,RW,25,66,89,70,51,87,59,50
Christoph Daferner,ST,26,66,53,69,58,56,81,65
Filip Dagerstål,CB,27,66,69,73,64,55,76,64
Owen Dale,RM,25,66,81,77,60,83,56,55
Nicola Dalmonte,LM,27,66,71,61,64,75,54,60
Tim Danhof,RB,27,66,72,81,66,72,61,57
Jake Davis,RB,22,66,68,64,57,68,57,67
Maël de Gevigney,CB,24,66,63,71,68,64,71,66
Jesús de Miguel,ST,27,66,58,70,63,54,78,60
Matheus Sales,CDM,29,66,69,61,66,73,55,65
Ronaldo Deaconu,CM,27,66,64,69,68,69,62,66
Saulo Decarli,CB,32,66,54,61,59,61,76,65
Yannick Deichmann,CM,30,66,78,89,69,77,76,60
Maxim Dekker,CB,20,66,62,66,63,63,74,64
Moi Delgado,LB,30,66,82,79,58,81,59,64
Delmás,RB,29,66,73,78,60,75,66,60
Adil Demirbağ,CB,26,66,50,65,55,58,73,64
Tunay Deniz,CAM,30,66,72,72,69,71,57,62
Valentín Depietri,LM,23,66,74,60,64,74,61,49
Gilles Dewaele,RB,28,66,70,75,63,63,72,65
Giuseppe Di Serio,ST,23,66,71,56,57,68,78,64
Oumar Diakhité,CB,30,66,68,64,51,65,83,54
Papa Amadou Diallo,LM,20,66,75,62,62,77,50,61
Diomar Díaz,CM,34,66,75,68,68,83,67,64
Victor Dican,CDM,23,66,70,90,65,67,85,64
Carlo Diez,CDM,28,66,50,72,70,56,72,61
Pedro Ferreira,CDM,26,66,67,81,65,65,77,59
Edan Diop,RM,20,66,72,47,65,74,49,61
Djibril Thialaw Diop,CB,25,66,74,69,61,72,79,58
Kapit Djoco,ST,29,66,65,64,59,58,75,62
Viktor Djukanović,LW,20,66,81,62,58,82,69,58
Ben Doak,RW,18,66,88,56,55,90,48,54
John Donald,CB,23,66,53,44,67,45,63,66
Josué Dorrio,RM,30,66,77,61,63,82,58,59
Matheus Dias,CDM,22,66,58,66,68,59,66,62
Hassani Dotson,CDM,27,66,65,76,67,65,66,65
Siriné Doucouré,ST,22,66,61,65,63,53,80,59
Jake Doyle-Hayes,CM,25,66,68,69,69,69,61,64
Julien Duranville,LM,18,66,81,53,62,88,46,58
Chris Durkin,CM,24,66,62,82,70,49,63,64
Josh Earl,CB,25,66,73,77,57,67,74,63
Malcolm Ebiowei,RM,21,66,76,50,60,77,62,63
Ender Echenique,RM,20,66,78,66,59,78,40,71
Raheem Edwards,LB,29,66,76,75,65,78,66,62
CJ Egan-Riley,RB,21,66,72,70,66,61,75,61
Christoph Ehlich,RB,25,66,71,84,64,78,49,62
Jacques Ekomié,LB,21,66,69,66,67,74,60,63
Callum Elder,LB,29,66,68,80,60,62,70,60
Martin Ellingsen,CDM,29,66,61,65,67,51,71,62
Bartuğ Elmaz,CDM,21,66,62,56,69,58,56,65
Elliot Embleton,CAM,25,66,70,66,65,76,48,62
Anosike Ementa,ST,22,66,70,61,64,56,88,64
Lawrence Ennali,LM,22,66,90,64,56,89,47,60
Niall Ennis,ST,25,66,83,68,59,80,72,57
Guillermo Enrique,RB,24,66,70,60,59,72,48,64
Ante Erceg,ST,34,66,71,68,62,68,67,64
Magnus Eriksson,CM,34,66,46,72,68,39,74,64
Dani Escriche,ST,26,66,68,69,63,73,67,64
Julius Eskesen,CM,25,66,62,75,63,74,56,66
Runar Espejord,ST,28,66,63,70,65,67,84,67
Edu Espiau,ST,29,66,71,67,65,67,74,69
Francesco Pio Esposito,ST,19,66,65,55,59,55,75,66
Kion Etete,ST,22,66,74,59,59,61,90,62
Antony Evans,CM,25,66,62,82,68,66,61,64
Brooklyn Ezeh,LB,23,66,87,78,59,72,75,58
Andrej Fábry,CAM,27,66,73,84,67,76,63,61
Wahid Faghir,ST,21,66,69,56,54,67,79,63
Simon Falette,CB,32,66,57,56,54,49,86,61
Edder Farías,ST,36,66,65,67,63,55,82,61
Mads Fenger,CB,34,66,52,74,63,49,81,67
Pedro Nuno,CAM,29,66,63,65,66,64,55,68
Omir Fernandez,RM,25,66,80,54,66,81,58,63
Roberto,ST,22,66,66,39,67,72,62,60
Nicolás Ferreira,RW,22,66,67,62,68,74,52,60
Lucas Ferreira,CB,24,66,67,65,43,52,74,64
Fernando Fonseca,RB,27,66,71,74,60,67,69,63
Frédéric Maciel,RW,30,66,76,75,64,75,54,62
Riccardo Fiamozzi,RB,31,66,77,79,58,69,69,66
Karol Fila,RB,26,66,73,64,62,75,68,58
Stuart Findlay,CB,29,66,52,73,57,48,81,56
Mathias Fixelles,CDM,28,66,65,64,69,61,71,62
Aldo Florenzi,CM,22,66,84,82,66,80,64,56
Francisco Flores,CDM,34,66,68,72,70,68,66,60
Deybi Flores,CDM,28,66,77,72,63,78,69,62
Théo Fonseca,ST,24,66,77,68,63,79,57,60
Matias Fonseca,ST,23,66,67,66,69,66,61,58
Shaqai Forde,RW,20,66,80,75,58,82,60,62
Chris Forino,CB,24,66,70,62,50,70,85,59
Chris Forrester,CM,31,66,65,84,67,67,63,63
Craig Forsyth,LB,35,66,52,67,64,48,70,66
Dominik Frieser,RM,31,66,73,80,64,75,69,63
Lukas Fröde,CDM,29,66,35,80,65,45,84,65
Taichi Fukui,CM,20,66,75,52,69,78,34,60
Mohammed Fuseini,ST,22,66,90,45,60,90,34,64
Adam Gabriel,RB,23,66,71,70,63,67,77,61
Nahuel Gallardo,LB,26,66,68,68,65,69,66,65
Brendan Galloway,CB,28,66,67,54,61,64,73,63
Tomás Galván,CAM,24,66,71,54,68,81,39,58
Jens Martin Gammelby,RB,29,66,72,80,60,70,78,60
Cristian Ganea,LB,32,66,68,71,68,69,65,60
Adrian Gantenbein,RB,23,66,68,71,62,69,67,65
Orlando Gaona Lugo,RM,34,66,83,68,60,77,61,64
Nicolás Garayalde,CM,25,66,57,70,67,64,65,64
Robert Garcés,CM,31,66,66,77,64,62,38,58
Alan García,RB,25,66,73,72,63,73,48,55
Franco Emanuel García,RW,27,66,91,78,63,89,50,50
Pablo García,LB,24,66,75,81,58,77,63,61
Edu García,CAM,34,66,69,70,64,69,70,63
Espen Bjørnsen Garnås,CB,29,66,36,70,61,37,88,62
Jordy Gaspar,RB,27,66,81,78,60,77,60,59
Gianluca Gaudino,CAM,27,66,65,66,73,71,40,62
Francesco Gelli,CM,27,66,57,65,71,65,38,63
Owen Gene,CDM,21,66,65,67,69,67,67,64
Jader,LM,21,66,69,52,67,64,44,60
Jason Geria,RB,31,66,72,82,60,73,83,59
Francisco Gerometta,RB,25,66,82,84,56,80,62,58
Rayan Ghrieb,RM,25,66,68,48,68,72,59,64
Justo Giani,LM,25,66,73,57,73,76,56,58
Jordan Gibson,RM,26,66,83,81,62,83,59,61
Enzo Giménez,RM,26,66,83,65,65,75,58,50
Kamil Glik,CB,36,66,30,56,61,34,84,62
Eddy Gnahoré,CDM,30,66,53,69,65,54,81,66
Théo Golliard,CAM,21,66,67,63,73,67,40,64
Anthony Gonçalves,RB,38,66,53,85,68,39,85,73
Claude Gonçalves,CM,30,66,60,70,69,64,60,70
Hilary Gong,RM,25,66,85,62,57,86,56,59
Soner Gönül,LB,27,66,71,70,54,74,48,59
Imanol González,CB,26,66,55,58,53,51,77,62
Agustín González,CAM,27,66,72,73,66,72,71,65
Urko González,CB,23,66,42,59,72,50,76,61
Hugo González,RM,21,66,69,67,66,71,53,49
Charlie Goode,CB,29,66,56,63,57,51,80,58
Tyler Goodrham,LM,21,66,72,65,64,77,50,62
Jean Baptiste Gorby,CDM,22,66,55,62,69,53,70,67
Tarik Gözüsirin,CAM,23,66,80,78,67,74,66,65
Jordan Graham,RM,29,66,77,60,65,80,47,60
Agustín Graneros,ST,28,66,78,62,57,76,60,68
Simon Graves,RB,25,66,61,67,66,57,84,64
André Green,RM,26,66,81,67,64,76,60,59
Pascal Gregor,CB,30,66,56,64,62,64,76,62
Ruan,RB,29,66,93,75,63,91,61,59
Magnus Retsius Grødem,CAM,26,66,70,72,65,68,67,65
Mateusz Grzybek,LB,28,66,75,81,61,74,58,62
Tomás Guidara,RB,28,66,84,83,59,82,70,59
Dominique Guidi,CB,28,66,62,88,57,68,77,60
Carl Gustafsson,CM,24,66,56,84,72,63,69,70
Filipe Nascimento,CM,29,66,73,69,69,77,64,64
Julian Guttau,CAM,24,66,81,81,67,83,59,60
Darko Gyabi,CDM,20,66,58,67,66,60,74,63
Reeco Hackett,LM,26,66,81,73,61,79,69,62
Maren Haile-Selassie,RM,25,66,82,70,62,82,62,61
Kreshnik Hajrizi,CB,25,66,69,82,64,67,72,65
Daniel Håkans,RW,23,66,90,72,57,90,48,56
Bradley Halliday,RB,29,66,80,91,57,75,68,64
Tom Hamer,RB,24,66,68,87,58,73,79,62
CJ Hamilton,RB,29,66,89,79,59,90,63,63
Han Chan Hee,CM,27,66,68,74,69,62,66,66
Marek Hanousek,CDM,33,66,39,71,64,52,72,68
Cedric Harenbrock,CAM,26,66,73,74,66,71,60,65
Cameron Harper,RM,22,66,86,69,55,85,56,67
Florent Hasani,RW,27,66,72,72,65,77,65,60
Eirik Haugan,CB,27,66,50,69,62,54,77,66
Bryan Henning,CM,29,66,59,84,67,80,61,69
Gustav Henriksson,CB,26,66,64,49,65,60,79,62
Fabian Herbers,RM,31,66,67,77,66,62,67,64
Philipp Hercher,RM,28,66,78,77,66,74,72,64
Andrés Hernández,CDM,31,66,57,68,68,44,58,62
Juan Hernández,LM,29,66,63,57,66,66,52,64
David Herold,LB,21,66,65,75,64,65,66,64
Jose Herrera,RW,21,66,77,62,65,78,50,57
Abdulbasit Hindi,CB,27,66,70,70,59,67,70,62
Patrick Hobsch,ST,29,66,72,73,54,70,74,58
Jake Hollman,CM,23,66,68,76,68,76,57,66
Tom Holmes,CB,24,66,47,60,61,44,76,62
Hong Yun Sang,LM,22,66,84,67,60,82,62,63
Henry Hore,LM,25,66,67,73,68,73,66,66
Fraser Horsfall,CB,27,66,54,77,53,53,88,62
Ilyes Housni,ST,19,66,65,44,64,69,52,61
Saber Hraiech,CM,29,66,75,74,68,73,72,63
Huang Zichang,RM,27,66,83,75,59,84,66,66
Huang Zhengyu,CDM,27,66,71,67,68,71,61,65
Sam Hughes,CB,27,66,51,72,58,53,85,61
Marian Huja,CB,25,66,61,77,60,63,80,64
Adrien Hunou,ST,30,66,66,66,68,67,68,66
Anel Husic,CB,23,66,67,75,56,66,77,53
Etzaz Hussain,CDM,31,66,49,71,70,51,59,65
Cesar Ibañez,LB,25,66,73,65,59,72,65,59
Romario Ibarra,LW,29,66,80,67,66,80,69,65
Wilson Ibarrola,LB,28,66,81,65,59,80,57,60
Marco Imperiale,CB,25,66,67,66,64,67,66,62
Gino Infantino,RW,21,66,69,61,67,73,54,59
Manuel Insaurralde,CM,25,66,69,72,74,74,63,65
Aleksey Isayev,CM,28,66,64,71,70,66,54,62
Valentin Jacob,LM,30,66,74,73,66,82,40,62
Matty Jacob,LB,23,66,66,66,62,63,63,65
Lukas Jäger,CDM,30,66,66,86,64,64,69,63
Marin Jakoliš,RM,27,66,81,69,63,83,66,65
Reece James,LB,30,66,67,70,61,73,61,63
Patryk Janasik,LB,27,66,74,84,65,76,46,62
Caspar Jander,CM,21,66,76,71,70,75,63,67
Wolke Janssens,CB,29,66,67,69,63,61,65,62
Erik Janža,LB,31,66,62,80,66,57,58,62
Dennis Jastrzembski,LM,24,66,91,60,66,83,64,58
Artur Jędrzejczyk,CB,36,66,34,66,61,33,80,60
James Jeggo,CDM,32,66,57,83,62,66,62,58
Magnus R. Jensen,CB,27,66,43,66,56,52,89,61
Jeon Byung Kwan,LM,21,66,83,74,51,84,61,66
Jeong Sang Bin,ST,22,66,87,65,60,86,65,64
Jiang Zhipeng,LB,35,66,69,72,61,57,68,67
Sondre Solholm Johansen,CB,29,66,43,67,53,54,83,62
Andreas Johansson,CB,42,66,32,59,64,31,76,74
Oscar Johansson,RM,29,66,73,83,64,75,63,60
Lloyd Jones,CB,28,66,59,71,55,52,84,64
Derrick Jones,CDM,27,66,70,78,67,70,87,64
Antoine Joujou,RM,21,66,69,53,62,69,56,65
Daniel Juárez,ST,23,66,85,67,63,84,59,55
Jakub Jugas,CB,32,66,47,67,57,45,81,63
Leonel Justiniano,CDM,32,66,62,82,66,59,60,56
Martijn Kaars,ST,25,66,76,79,54,72,64,64
Melih Kabasakal,CDM,28,66,68,75,66,67,64,63
Tugay Kaçar,CDM,30,66,52,72,68,54,74,61
Jakub Kadak,CAM,23,66,62,63,68,64,43,60
Anton Kade,LM,20,66,76,53,60,75,61,60
Junior Kadile,LM,21,66,81,49,65,82,59,54
Mattias Käit,CM,26,66,71,79,69,67,70,66
Otar Kakabadze,RM,29,66,79,73,62,79,72,60
Hasan Ali Kaldırım,LB,34,66,62,62,66,60,70,65
Anthony Kalik,CAM,26,66,74,79,68,70,67,59
Burak Kapacak,RM,24,66,79,66,61,77,63,56
Steve Kapuadi,CB,26,66,57,68,57,63,90,58
Karrikaburu,ST,21,66,73,55,59,69,69,62
Denso Kasius,RB,21,66,79,71,66,76,62,56
Aléxandros Katránis,LB,26,66,72,69,64,71,63,62
Thomas Keller,CB,25,66,55,54,64,65,77,64
Liam Kelly,CDM,34,66,35,53,68,37,74,58
Liam Kelly,CM,28,66,71,90,67,70,34,66
Dan Kemp,CAM,25,66,76,78,65,84,33,58
Philippe Paulin Keny,ST,25,66,85,68,59,73,77,59
Jason Kerr,CB,27,66,66,72,62,69,82,62
Kaine Kesler-Hayden,RB,21,66,77,71,64,78,50,61
Kim Dong Min,CB,30,66,76,82,57,77,75,67
Kim In Kyun,ST,26,66,92,81,58,91,64,66
Kim Kang Guk,CM,27,66,61,88,70,65,66,61
Kim Min Duk,CB,28,66,60,63,51,69,80,60
Kim Min Woo,LM,34,66,65,82,64,65,65,64
Kim Geon Woong,CB,27,66,61,71,63,63,79,61
Kim Young Bin,CB,32,66,61,68,57,64,86,60
Kim Do Hyeok,CM,32,66,62,87,66,58,73,62
Leon King,CB,20,66,70,54,68,68,70,64
Christian Kinsombi,LM,25,66,66,65,63,80,58,63
Orestis Kiomourtzoglou,CDM,26,66,47,73,66,59,78,63
Peter Kioso,RB,25,66,70,73,61,70,65,61
Eric Bugale Kitolano,CAM,27,66,84,77,65,81,58,56
Patryk Klimala,ST,26,66,82,69,59,79,74,63
Josh Knight,CB,27,66,56,77,59,54,75,64
Tim Knipping,CB,31,66,45,65,61,36,88,62
Fredrik P. Knudsen,CB,28,66,42,72,59,39,86,61
Dimitrios Kolovetsios,CB,32,66,52,74,62,53,72,65
Ben Lhassine Kone,CM,24,66,74,73,70,79,58,63
Bartosz Kopacz,RB,32,66,65,79,61,61,81,66
Koen Kostons,ST,24,66,78,76,65,68,65,65
Christian Kouan Oulaï,CAM,24,66,71,81,66,70,71,70
Niko Koulis,CB,25,66,55,63,54,55,79,64
Frans Krätzig,LB,21,66,64,61,68,68,47,69
Connor Krempicki,CM,30,66,34,73,68,64,68,71
Ruben Kristiansen,LB,36,66,71,71,64,74,65,65
Florian Krüger,ST,25,66,75,72,64,83,74,66
Lukas Kunze,CM,26,66,74,84,69,68,76,67
Owusu Kwabena,ST,27,66,80,58,60,82,63,66
Kwon Hyeok Kyu,CDM,23,66,66,85,63,70,87,59
Lassi Lappalainen,LM,26,66,86,64,64,86,68,58
Pablo Laredo,CDM,30,66,55,62,58,66,67,70
Larrubia,CAM,22,66,62,39,70,71,34,51
Japhet Sery Larsen,CB,24,66,80,74,66,75,76,65
Lasure,LB,30,66,67,78,63,71,76,62
Aleks Ławniczak,CB,25,66,81,64,54,88,85,62
Jamie Lawrence,CB,21,66,58,56,56,63,83,55
William Le Pogam,LB,31,66,62,83,68,66,59,65
Adrien Lebeau,CAM,25,66,68,52,65,81,47,53
Lee Ju Yong,LB,31,66,79,70,58,79,73,64
Lee Yong,RB,37,66,58,69,61,66,73,64
Lee Chung Yong,LM,36,66,64,60,70,64,59,61
Lee Gi Hyeok,CB,24,66,77,80,62,77,78,66
Lee Hyun Ju,CAM,21,66,67,71,69,81,48,61
Lee Jin Hyun,CM,27,66,79,86,67,76,50,65
Lee Jae Ik,CB,25,66,58,68,60,70,83,58
Lee Sang Min,CB,26,66,62,54,52,55,81,60
Kelvin Leerdam,CB,34,66,35,67,67,69,72,64
Tom Lees,CB,33,66,52,62,62,49,75,63
Doron Leidner,LB,22,66,85,68,59,82,58,56
Greg Leigh,LB,29,66,74,68,61,75,79,61
Nunzio Lella,CM,24,66,80,83,67,75,75,70
Pierre Lemonnier,CB,31,66,56,80,59,51,76,63
Joaquín Lencinas,CB,36,66,65,67,63,63,74,56
Li Lei,LB,32,66,77,74,62,77,77,65
Bryan Limbombe,LM,23,66,67,71,62,84,67,64
Victor Lind,LM,21,66,88,71,60,84,61,60
Jaylin Lindsey,RB,24,66,81,70,60,76,75,61
Lucas Lingman,CM,26,66,63,72,69,65,52,64
Luca Lipani,CDM,19,66,54,62,72,53,59,64
Liu Yang,LB,29,66,81,79,62,80,72,57
Enric Llansana,CDM,23,66,70,83,67,41,60,58
Lobete,ST,23,66,66,61,62,73,61,67
Jasper Löffelsend,CDM,27,66,65,75,69,63,63,65
Lars Lokotsch,ST,28,66,74,75,58,67,88,61
Sam Long,RB,29,66,63,79,60,66,71,62
Nigel Lonwijk,CB,21,66,67,69,58,65,72,61
Julien Lopez,LM,32,66,74,62,63,84,64,64
Enzo Adrián López,ST,26,66,73,71,53,72,75,68
Sergio López,RB,25,66,75,57,68,76,57,60
Marc Lorenz,LM,36,66,71,64,66,69,66,65
Haithem Loucif,RB,28,66,70,62,64,72,44,58
Jonathan Lucca,CM,30,66,68,82,69,69,76,69
Martín Luciano,LB,21,66,81,77,57,83,49,60
Josias Lukembila,LM,25,66,77,59,63,78,65,64
Valgeir Lunddal,RB,22,66,73,84,59,66,76,62
Marius Lundemo,CM,30,66,54,72,68,50,75,62
Roberto Luzárraga,LB,33,66,77,76,60,75,66,60
Luís Mata,LB,27,66,83,76,61,82,50,58
Abdullah Madu,CB,31,66,35,64,55,35,78,59
Hugo Magallanes,CB,27,66,53,67,54,63,84,63
Andrea Magrassi,ST,31,66,69,65,57,61,77,61
Renzo Malanca,CB,21,66,64,61,56,60,80,54
Mariusz Malec,CB,29,66,71,71,58,64,83,65
Ryan Malone,CB,32,66,64,66,64,67,87,60
Sultan Mandash,RM,29,66,80,74,57,81,59,63
Rubén Manjarrés,CM,24,66,67,71,72,68,65,62
Junior Marabel,ST,26,66,67,78,60,59,81,69
Manuel Maranda,CB,27,66,64,80,60,65,83,59
Chris Martin,ST,35,66,34,52,64,31,86,66
Ander Martín,LM,23,66,68,74,65,73,61,61
Ronaldo Martínez,ST,28,66,72,59,63,71,62,63
David Martínez,RM,18,66,59,45,57,68,47,61
Jimmy Martinez,CM,27,66,65,75,70,69,62,64
Luca Martínez Dupuy,ST,23,66,70,61,58,72,68,62
José Marsà,CB,22,66,80,81,66,71,68,63
Brais Martínez,LB,22,66,72,74,60,72,63,66
Pietro Martino,RB,27,66,67,77,60,72,60,66
Javi Martón,ST,25,66,52,49,62,62,61,60
Alexandru Mateiu,CDM,34,66,60,74,68,61,70,65
Mateusz Matras,CB,33,66,51,61,61,32,91,62
Hervé Matthys,CB,28,66,67,64,66,64,70,58
Alan Matturro,CB,19,66,65,59,59,62,66,65
Lewis Mayo,CB,24,66,71,73,58,65,75,64
Adrian Mazilu,RM,19,66,82,66,63,79,54,56
John McAtee,ST,25,66,78,64,64,80,61,65
Garath McCleary,RM,37,66,73,58,62,74,73,64
Callum McCowatt,CAM,25,66,76,73,65,75,62,64
Zac McGraw,CB,27,66,52,67,60,56,83,60
Tom McIntyre,CB,25,66,43,56,66,45,72,63
Yaimar Medina,LB,19,66,91,68,61,91,53,68
Diego Medina,RB,22,66,75,73,61,74,62,62
Zech Medley,CB,24,66,69,62,57,55,85,58
Mexx Meerdink,ST,21,66,57,64,61,60,71,64
Joshua Mees,LM,28,66,62,62,65,74,53,50
Aaron Meijers,LB,36,66,65,66,62,62,68,64
Robin Meißner,ST,24,66,71,64,46,70,73,65
Joelson Fernandes,RM,21,66,88,51,58,91,34,64
Silvio Merkaj,ST,26,66,66,84,61,74,75,67
Senna Miangue,LB,27,66,61,71,64,49,79,65
Claudiu Micovschi,RM,25,66,75,70,63,77,54,65
David Miculescu,ST,23,66,64,67,66,68,75,63
Michael Mieles,CAM,24,66,70,61,67,69,59,55
Javi Mier,CM,25,66,70,74,65,72,64,65
Antoni Milambo,CAM,19,66,67,54,68,70,59,62
Georgi Milanov,LW,32,66,65,50,68,67,58,61
Alex Millán,ST,24,66,76,59,66,72,70,59
Lennon Miller,CM,18,66,75,74,72,70,60,64
Federico Milo,LB,32,66,82,55,65,77,71,70
Juan José Mina,RB,20,66,79,83,58,75,63,63
Ming Tian,RB,29,66,87,83,56,83,59,60
Leonardo Rocha,ST,27,66,58,53,56,52,90,63
Damon Mirani,CB,28,66,69,81,65,40,77,61
Juan Bautista Miritello,ST,25,66,65,55,57,61,76,64
Jeyland Mitchell,CB,19,66,80,55,46,76,83,53
Bogdan Mitrea,CB,36,66,54,60,57,54,81,60
Rui Mendes,RM,24,66,80,72,60,79,56,61
Cris Montes,RM,27,66,71,64,61,69,58,64
Lucas Monzón,CB,22,66,69,65,58,71,81,47
Moon Seon Min,LM,32,66,89,60,54,88,59,69
Rodrigo Mora,CAM,17,66,71,46,70,73,29,71
Iván Morante,CDM,23,66,64,72,67,63,60,59
Pol Moreno,CB,30,66,54,64,64,59,81,64
Nicolás Morgantini,RB,30,66,77,74,68,76,60,60
Fabián Mosquera,CDM,29,66,53,75,67,65,73,65
Juan David Mosquera,RB,22,66,79,80,58,80,70,62
Lukas Mühl,CB,27,66,64,56,62,55,79,58
Alexander Mühling,CM,32,66,68,81,68,53,74,63
Valentino Müller,CDM,25,66,72,81,69,72,62,64
Luis Muñoz,CM,27,66,62,78,66,63,76,67
Ian Murphy,CB,24,66,60,72,55,68,66,63
Alexandru Musi,RW,20,66,85,75,60,86,57,50
Bahlul Mustafazada,CB,27,66,63,64,69,61,72,66
Marlon Suliman Mustapha,ST,23,66,81,65,50,79,78,60
Ibrahim Mustapha,ST,24,66,88,65,62,87,70,66
Tristan Muyumba,CDM,27,66,69,80,67,71,64,65
Felix Horn Myhre,CM,25,66,70,82,68,74,65,65
Konan N'Dri,RM,23,66,85,62,63,89,61,54
Adi Nalić,CAM,26,66,79,77,63,78,73,62
Gian Nardelli,CB,24,66,68,68,54,63,82,59
Jhon Narváez,CB,33,66,72,75,60,71,64,61
Zé Carlos,RB,22,66,72,74,65,74,51,66
Rafael Navarro,ST,24,66,68,66,60,72,71,51
Tom Naylor,CDM,33,66,66,80,65,59,75,63
Mor Ndiaye,CDM,23,66,68,72,63,64,75,64
Abdallah Ndour,LB,30,66,71,56,64,70,72,60
Jalen Neal,CB,21,66,57,63,64,63,71,70
Dragoș Nedelcu,CDM,27,66,56,70,68,64,71,64
Camiel Neghli,RM,22,66,83,88,65,78,60,56
Stefano Negro,CB,29,66,73,65,63,63,78,65
Cristian Neguț,RM,28,66,78,81,63,78,59,60
Nico Neidhart,RB,29,66,58,78,63,74,54,65
Jayden Nelson,LW,21,66,89,69,61,90,34,55
Jakob Nerwinski,RB,29,66,78,82,57,74,74,55
Mihajlo Nešković,LM,24,66,70,62,61,68,54,64
Francisco Ramos,CM,29,66,66,61,70,61,77,67
Richard Neudecker,CM,27,66,69,80,69,74,63,68
Yeni Ngbakoto,LM,32,66,73,69,63,75,69,60
Hans Nicolussi Caviglia,CM,24,66,58,62,75,69,38,62
Alexander Nollenberger,LW,27,66,88,76,65,82,67,57
Sam Nombe,ST,25,66,91,78,59,90,72,64
Ollie Norburn,CM,31,66,75,77,67,62,75,63
Osnar Noronha,ST,32,66,61,66,55,61,68,65
Andrija Novakovich,ST,27,66,71,71,61,69,78,63
Hernán Novick,CAM,35,66,59,56,73,55,52,54
Nachon Nsingi,ST,23,66,82,58,62,84,64,63
Emmanuel Ntim,CB,28,66,79,73,58,81,75,60
Atdhe Nuhiu,ST,35,66,29,71,65,32,93,67
Sergio Núñez,ST,24,66,75,73,61,69,54,65
George Nurse,LB,25,66,77,70,62,79,69,59
Sverre Halseth Nypan,CAM,17,66,69,71,67,74,39,57
Eoghan O'Connell,CB,29,66,63,82,59,53,83,58
Paudie O'Connor,CB,27,66,47,79,54,51,82,60
Dorinel Oancea,RB,27,66,79,77,64,76,66,63
Allen Obando,ST,18,66,72,68,57,66,72,67
Jordan Obita,LB,30,66,64,76,62,63,76,64
Yutaro Oda,RM,23,66,74,38,63,81,58,64
Mohamed Ofkir,LW,28,66,84,73,58,85,56,62
Nathanael Ogbeta,LB,23,66,81,74,55,79,74,62
Takuya Ogiwara,LB,24,66,86,75,65,78,67,57
Oh Ban Suk,CB,36,66,34,56,53,34,85,50
Yuki Ohashi,ST,28,66,70,75,60,63,68,65
Kazeem Olaigbe,LM,21,66,91,72,60,88,60,58
Aaron Olanare,ST,30,66,56,63,68,51,82,54
Mathias Olesen,CM,23,66,74,66,72,64,71,63
Baltazar,CDM,24,66,68,72,66,66,66,64
Gabriel Tigrão,RM,22,66,75,76,56,84,75,70
Eric Johana Omondi,LM,30,66,81,68,64,84,57,56
Nicholas Opoku,CB,26,66,59,70,50,64,86,60
Nathan Opoku,ST,23,66,82,51,56,80,65,58
Fredrik Oppegård,LB,22,66,80,69,64,80,60,62
Raul Opruț,LB,26,66,82,78,62,81,68,57
Ragnar Oratmangoen,LM,26,66,65,77,64,75,61,63
Jandro Orellana,CDM,24,66,63,52,71,56,48,66
Alexander Oroz,RW,21,66,76,63,65,77,61,58
Bryant Ortega,CDM,21,66,69,81,70,77,42,68
Ibrahim Osman,LM,19,66,87,50,60,83,55,56
Luciano Ospina,CB,33,66,41,57,48,35,85,61
Tomáš Ostrák,RM,24,66,60,66,67,64,64,62
Robin Østrøm,LB,22,66,70,69,62,67,77,63
Severin Ottiger,RB,21,66,73,72,65,69,69,63
David Otto,ST,25,66,68,72,64,73,69,62
Anas Ouahim,CAM,26,66,50,74,66,72,44,63
Peter Ouaneh,CB,26,66,62,75,65,71,80,48
Anthony Oyono,RB,23,66,69,78,62,68,60,61
Guillermo Pacheco,RB,35,66,68,68,69,65,74,56
Manuel Palacios,LW,31,66,91,82,63,88,83,60
Romal Palmer,CM,25,66,54,79,66,67,64,68
Radovan Pankov,CB,29,66,53,74,50,50,76,63
Sotirios Papagiannopoulos,CB,34,66,57,64,61,55,82,63
Merveille Papela,CM,23,66,61,65,68,69,42,66
Andrea Papetti,CB,22,66,72,74,64,68,83,64
Park Cheol Woo,LB,26,66,71,80,56,69,58,63
Álex Pastor,CB,24,66,55,57,65,59,76,63
David Pavelka,CM,33,66,58,66,67,60,75,65
Luis Pavia,RM,25,66,80,85,62,78,52,65
Patryk Peda,CB,22,66,72,62,62,69,80,62
Joey Pelupessy,CDM,31,66,55,72,66,66,65,65
Mirnes Pepić,CM,28,66,60,85,69,70,63,65
Kwame Peprah,ST,23,66,71,66,55,83,72,66
Dani Pereira,CM,24,66,79,72,71,82,56,64
Patricio Pernicone,CB,23,66,53,64,66,53,75,65
Álex Petxa,RB,27,66,70,80,64,69,60,62
Franz Pfanne,CB,29,66,62,81,59,51,78,64
Killian Phillips,CM,22,66,44,85,68,58,78,65
Ashley Phillips,CB,19,66,66,63,65,64,75,64
Adam Phillips,CM,26,66,72,72,67,75,64,67
Daniel Phillips,CDM,23,66,74,70,65,78,80,58
Hugo Picard,LM,21,66,71,63,68,76,41,59
Rodrigo Pinheiro,RB,22,66,79,70,60,78,66,59
Lenny Pintor,LM,24,66,78,58,62,85,61,49
Simon Pirkl,LB,27,66,62,80,57,67,62,66
Mihai Popescu,CB,31,66,54,34,60,59,85,57
Virgiliu Postolachi,ST,24,66,71,62,59,65,77,65
Darío Poveda,ST,27,66,60,37,72,56,64,65
Joe Powell,CM,25,66,74,73,67,71,61,65
Alvas Powell,RB,30,66,92,72,53,91,73,60
Nick Powell,CAM,30,66,65,62,68,66,72,64
Ijiel Protti,RM,29,66,77,64,65,75,63,64
Dominik Prpić,CB,20,66,75,66,46,67,76,66
Kacper Przybyłko,ST,31,66,55,73,63,63,84,68
Christophe Psyché,CB,36,66,35,67,60,38,89,65
Arkadiusz Pyrka,RB,21,66,85,67,64,83,51,56
Stephen Quemper,LB,31,66,81,85,60,76,72,56
Joshué Quiñonez,CB,23,66,56,60,70,61,71,66
Stipe Radić,CB,24,66,59,60,64,57,79,61
Diego Ramírez,CAM,29,66,68,68,69,68,50,60
Lilian Raolisoa,RB,24,66,69,53,54,69,56,60
Damian Rasak,CDM,28,66,69,84,65,72,74,63
Robin Rasch,CDM,30,66,47,70,66,45,67,68
Djorkaeff Reasco,ST,25,66,76,79,55,76,71,59
Constantin Reiner,CB,27,66,42,63,65,35,89,58
Hernán Rengifo,ST,41,66,60,74,60,55,71,61
Stije Resink,CM,21,66,63,82,71,67,61,65
Taylor Richards,CAM,23,66,73,73,66,72,67,60
Florian Rieder,LM,28,66,75,84,63,76,63,62
Søren Rieks,LM,37,66,62,68,64,59,72,64
José-Enrique Ríos Alonso,CB,24,66,73,70,63,68,69,64
Simón Rivero,CM,21,66,77,62,69,81,63,58
Juan Rivero,LW,25,66,79,66,61,78,58,48
Marcos Riveros,CM,36,66,64,75,67,62,64,68
Paul Riveros,CB,27,66,64,74,57,68,73,67
Daniel Rivillo,RB,27,66,82,55,56,80,49,60
Marc Roberts,CB,34,66,45,64,55,41,79,62
Matej Rodin,CB,28,66,40,69,49,54,83,62
Hernandes,ST,25,66,85,68,56,77,75,63
Tiago Dias,RM,26,66,71,68,63,73,44,60
Memo Rodriguez,LM,28,66,62,72,64,64,51,62
Lucas Rodríguez,CDM,31,66,65,88,65,65,36,64
Pablo Rodríguez,ST,23,66,83,69,60,79,61,63
David Rodríguez,RB,24,66,82,80,64,80,60,54
Fabian Rohner,RM,26,66,87,72,60,89,47,61
Ole Romeny,RM,24,66,67,80,60,68,75,65
Marcel Rømer,CDM,33,66,55,80,65,58,77,61
Fernando Romero,ST,24,66,64,64,69,63,73,65
Romero,LM,28,66,88,57,63,86,34,55
Romario Rösch,LM,25,66,80,79,65,79,60,63
Max Rosenfelder,CB,21,66,60,53,64,56,62,66
Mathias Ross,CB,23,66,33,73,63,44,76,56
Baptiste Roux,CB,24,66,61,62,67,55,76,61
Milan Rundić,CB,32,66,67,64,55,67,84,63
Nazariy Rusyn,ST,25,66,77,53,58,77,59,67
Espen Ruud,RB,40,66,44,76,70,48,73,70
Noah Wail Jacob Sadaoui,LM,31,66,85,67,59,77,70,57
Richie Sagrado,RM,20,66,75,73,63,75,64,64
Ibrahim Said,RW,22,66,83,61,61,81,37,59
Íñigo Sainz-Maza,CDM,26,66,70,83,63,72,64,65
Matheus Índio,CDM,25,66,68,71,65,69,73,63
Lars-Jørgen Salvesen,ST,28,66,63,83,58,69,80,65
Nicolas Samayoa,CB,29,66,58,69,54,52,90,65
Raúl Sánchez,LM,26,66,68,66,68,66,70,58
Luca Sangalli,CM,29,66,71,48,69,71,64,64
Marco Sangalli,RM,32,66,67,70,66,71,63,61
Jordán Santacruz,CDM,28,66,69,80,68,69,65,54
Rodrigo Henrique,CAM,31,66,79,74,65,76,65,67
Cristian Săpunaru,CB,40,66,39,65,65,40,76,62
Marco Saravia,CB,25,66,51,67,58,50,70,60
Giannis Satsias,CM,21,66,73,74,71,75,60,67
Leo Sauer,LW,18,66,78,67,64,84,63,57
Gökhan Sazdağı,RB,29,66,68,73,66,70,57,67
Joël Schmied,CB,25,66,54,71,57,60,78,55
Randy Schneider,CAM,23,66,77,65,68,73,53,56
Augusto Schott,RB,24,66,82,74,62,80,53,63
Erik Schouten,CB,33,66,48,68,60,61,66,61
Luca Schuler,ST,25,66,76,76,57,80,78,60
Kevin Schumacher,LM,26,66,80,79,57,87,67,60
Marco Schuster,CDM,28,66,51,80,67,66,68,64
Markus Schwabl,RB,34,66,72,90,49,71,66,56
Josh Scowen,CDM,31,66,58,80,62,60,70,64
Sebastian S. Sebulonsen,RB,24,66,83,82,60,80,74,60
Demba Seck,RM,23,66,75,58,65,74,58,49
Jenson Seelt,CB,21,66,65,63,60,65,79,63
Telasco Segovia,CM,21,66,63,68,69,69,51,72
Václav Sejk,ST,22,66,72,62,58,75,74,64
Ayumu Seko,CB,24,66,56,81,66,56,71,68
Jota,CM,31,66,65,67,67,66,55,67
Cemali Sertel,LB,24,66,69,65,64,72,70,63
Filippo Sgarbi,CB,26,66,61,64,54,53,83,60
Joe Shaughnessy,CB,32,66,58,73,56,66,70,63
Evgeniy Shikavka,ST,31,66,64,74,56,63,70,65
Mahamé Siby,CDM,28,66,54,74,67,53,79,64
Dávid Sigér,CM,33,66,58,65,72,69,69,68
Sphephelo Sithole,CDM,25,66,66,68,66,63,78,68
Mario Šitum,RB,32,66,78,71,63,80,64,59
Simon Skarlatidis,RM,33,66,73,81,63,81,54,62
Simon Skrabb,RW,29,66,63,79,64,67,65,66
Thierry Small,LB,20,66,78,73,63,79,66,65
Michael Smith,ST,32,66,48,66,62,50,90,66
Korey Smith,CDM,33,66,62,64,64,53,67,67
Kyle Smith,RB,32,66,68,70,62,70,71,64
Franco Soldano,ST,30,66,69,67,56,70,77,70
Matteo Solini,CB,31,66,41,73,58,44,76,60
Song Ju Hun,CB,30,66,50,68,55,66,83,63
Patrick Sontheimer,CDM,26,66,64,91,62,73,53,67
Sondre Sørli,RW,28,66,90,77,63,89,51,60
Joaquín Sosa,CB,22,66,34,60,58,48,74,67
Samuel Souprayen,CB,35,66,54,73,64,61,76,65
Cristian Souza,RW,29,66,77,77,63,75,57,64
Jack Sowerby,CDM,29,66,55,83,64,58,77,65
Kevin Spadanuda,LM,27,66,70,56,67,71,57,53
Brodie Spencer,RB,20,66,74,72,62,73,72,64
Tommy St. Jago,RB,24,66,74,65,60,73,74,63
Michael Steinwender,CB,24,66,41,65,56,44,83,62
Daniel Stensson,CDM,27,66,52,69,68,46,63,65
Luka Stojković,CAM,20,66,72,77,64,71,61,65
Sebastian Stolze,RM,29,66,76,80,63,81,60,59
Mathías Suárez,LB,19,66,68,70,66,70,55,67
Anssi Suhonen,CAM,23,66,48,57,69,66,48,60
Lukas Sulzbacher,CM,24,66,74,81,68,81,60,68
Mathis Suray,CAM,23,66,69,72,71,66,52,61
Finn Surman,CB,20,66,65,80,60,62,78,70
Tobias Svendsen,LM,25,66,79,70,62,82,70,60
Max Svensson,LW,26,66,80,73,61,83,38,60
Svensson,ST,22,66,76,76,63,79,63,62
Iebe Swers,RB,27,66,88,68,63,84,64,62
Eddy Sylvestre,CM,25,66,62,71,70,72,62,62
Kajetan Szmyt,RW,22,66,85,63,67,84,45,54
Filip Szymczak,ST,22,66,71,59,61,80,82,59
Dawid Szymonowicz,CB,29,66,62,58,66,54,75,63
Ryan Tafazolli,CB,32,66,41,67,53,35,85,64
Edvard Sandvik Tagseth,LB,23,66,78,80,66,78,57,61
Mehdi Tahrat,CB,34,66,42,61,66,46,79,61
Scott Tanser,LB,29,66,72,76,60,74,57,60
Dylan Tavares,LB,28,66,75,74,59,72,61,59
Joe Taylor,ST,21,66,82,72,57,89,66,63
Junior Tchamadeu,RB,20,66,79,82,59,85,67,61
Henok Teklab,RM,25,66,70,59,66,72,55,60
Miro Tenho,CB,29,66,51,68,60,53,76,65
Casper Terho,RM,21,66,79,62,66,72,52,61
Serkan Emrecan Terzi,LB,20,66,69,66,66,73,59,59
Maximilian Thalhammer,CDM,27,66,40,77,63,46,78,62
Ryan Thomas,CM,29,66,66,57,68,72,59,68
Luke Thomas,RM,25,66,81,67,62,84,37,63
Nigel Thomas,LW,22,66,84,38,65,84,57,56
George Thomason,CM,23,66,58,74,68,69,60,65
Angus Thurgate,CDM,24,66,66,79,69,65,69,62
Simy,ST,32,66,37,60,57,48,83,72
Agustín Toledo,CDM,24,66,56,61,68,62,57,64
Mirko Tomianovic,RM,22,66,77,80,66,83,66,58
Juan Pablo Torres,LM,20,66,60,62,67,69,41,70
Edson Tortolero,RM,26,66,76,62,62,76,72,59
Mason Toye,ST,25,66,78,35,51,64,74,54
Brahim Traoré,CB,20,66,70,62,59,64,79,52
Charles Traoré,LB,32,66,68,75,56,65,74,63
Anton Tsarenko,CAM,20,66,71,58,66,74,46,63
Blair Turgott,ST,30,66,82,73,58,81,74,63
Calvin Twigt,CM,21,66,73,81,68,52,66,68
Boné Uaferro,CB,32,66,38,45,62,35,86,62
Steven Ugarković,CDM,30,66,57,85,65,68,75,64
Adrián Ugarriza,ST,27,66,68,63,68,66,75,64
Jacob Une-Larsson,CB,30,66,70,72,59,60,70,58
Bjørn Inge Utvik,CB,28,66,40,74,58,42,80,65
Pavle Vagić,CB,24,66,70,76,66,67,79,60
Anthony Valencia,RM,21,66,81,56,62,87,33,51
Pol Valentín,RB,27,66,88,78,57,90,64,62
Damian van Bruggen,CB,28,66,58,69,59,58,80,64
Jochem van de Kamp,RM,20,66,77,80,69,75,58,65
Richard van der Venne,CM,32,66,56,60,69,57,71,70
Daniël van Kaam,CDM,24,66,64,73,69,63,56,66
Robert-Jan Vanwesemael,RM,22,66,79,65,64,71,52,64
Gonzalo Vega,LM,32,66,48,58,64,69,55,58
Bruno Veglio,CM,26,66,59,77,68,68,46,69
John Velásquez,CAM,29,66,72,63,66,67,55,60
Tijs Velthuis,CB,22,66,65,63,61,66,81,62
Thibaud Verlinden,LW,25,66,75,57,65,70,36,68
Romeo Vermant,ST,20,66,78,63,60,77,65,60
Viljar Helland Vevatne,CB,29,66,63,81,64,68,79,63
Luca Vido,ST,27,66,63,58,64,64,68,62
Wilder Viera,CDM,22,66,55,74,70,63,72,55
Vilarrasa,LB,25,66,69,67,58,67,67,60
Villahermosa,CM,23,66,64,61,70,66,58,61
Iván Villalba,CB,29,66,65,62,60,59,76,65
Lars Villiger,ST,21,66,65,62,49,64,74,63
Lars Vilsvik,RB,35,66,61,77,62,65,71,67
Julian von Moos,RW,23,66,82,74,66,82,62,57
Nicolas Vouilloz,CB,23,66,67,71,59,65,81,63
Stipe Vulikić,CB,23,66,51,60,60,46,74,61
Ibrahima Wadji,ST,29,66,89,69,60,89,68,59
Mateusz Wdowiak,LM,28,66,91,71,60,90,52,62
Nelson Weiper,ST,19,66,74,60,50,64,74,64
Oscar Wendt,LB,38,66,52,62,70,42,68,68
Christopher Wernitznig,RB,34,66,61,71,65,69,70,60
Magnus Westergaard,CM,26,66,77,73,69,67,72,65
Niklas Wiemann,CB,25,66,76,70,60,63,77,54
Gustav Mendonca Wikheim,LW,31,66,83,64,60,86,48,60
Randell Williams,LB,27,66,87,73,61,90,59,64
Derrick Williams,CB,31,66,66,75,67,66,80,64
Brendan Wiredu,CB,24,66,79,73,64,80,78,61
Bobby Wood,ST,31,66,75,59,62,75,75,61
Ben Woodburn,CAM,24,66,66,66,65,78,45,62
Scott Wootton,CB,33,66,46,80,56,38,87,57
Callum Wright,CM,24,66,65,77,67,66,64,68
Charlie Wyke,ST,31,66,56,63,61,51,83,66
Matthéo Xantippe,LB,22,66,68,62,62,69,55,55
Ayman Yahya,RM,23,66,84,70,62,83,59,64
Malick Yalcouyé,CM,18,66,82,92,66,83,51,64
Yang Liyu,RW,27,66,83,88,65,82,71,65
Patrick Yazbek,CDM,22,66,69,81,66,67,70,62
Dru Yearwood,CM,24,66,74,83,67,72,73,68
Kusini Yengi,ST,25,66,83,68,58,79,89,60
Erdoğan Yeşilyurt,RM,30,66,71,73,63,75,69,56
Bertuğ Yıldırım,ST,22,66,73,67,58,66,76,59
Daisuke Yokota,RM,24,66,70,75,66,77,34,64
Yoon Jong Gyu,RB,26,66,76,75,58,81,61,61
Kyohei Yoshino,CDM,29,66,66,76,65,60,77,62
Wilitty Younoussa,CM,23,66,70,79,68,71,42,67
Bendjaloud Youssouf,RB,30,66,74,79,62,73,58,68
Griffin Yow,RM,21,66,68,46,62,62,44,66
Yun Il Lok,RB,32,66,68,57,63,73,64,65
Yun Suk Young,LB,34,66,72,78,59,71,72,59
Cristian Zabala,CM,26,66,69,69,71,60,74,62
Vasilis Zagaritis,LB,23,66,85,77,59,77,57,63
Nicolás Zalazar,CB,27,66,65,67,54,70,79,58
Maximiliano Zalazar,LM,23,66,71,48,60,72,47,52
Jan Žambůrek,CM,23,66,64,68,69,66,63,66
Edgar Zaracho,CM,34,66,56,60,72,55,68,60
Aaron Zehnter,LM,19,66,75,70,64,76,55,66
Ekain,ST,30,66,71,65,69,73,62,67
Zhang Xizhe,CM,33,66,75,82,67,72,57,64
Zhang Yuning,ST,27,66,79,74,59,65,84,63
Milen Zhelev,RB,31,66,65,90,56,69,73,67
Ervin Zorrilla,ST,28,66,73,60,48,73,56,60
Hendrick Zuck,LB,34,66,59,68,66,66,51,67
Dario Župarić,CB,32,66,44,70,59,45,82,64
Lovro Zvonarek,CAM,19,66,70,61,73,69,49,55
Aly Abeid,LB,26,65,74,82,60,73,71,60
Dirk Abels,RB,27,65,65,76,63,57,71,61
Paulos Abraham,LM,22,65,78,66,57,84,58,62
Amir Abrashi,CM,34,65,44,80,69,42,66,72
Jayden Addai,RW,19,65,83,59,57,90,56,54
Rio Adebisi,LB,23,65,81,92,56,82,60,55
Victor Adeboyejo,ST,26,65,74,70,59,76,75,64
Michel Ndary Adopo,CM,24,65,58,48,68,57,67,68
Nikolas Agrafiotis,ST,24,65,75,71,49,68,82,61
Brandon Aguilera,CAM,21,65,63,37,71,56,55,66
Patrick Agyemang,ST,23,65,59,61,58,51,71,58
Gassan Ahadme,ST,23,65,68,66,57,65,77,62
Erik Ahlstrand,RM,22,65,79,56,62,75,57,58
Will Aimson,CB,30,65,54,57,60,52,71,62
David Ajiboye,RM,25,65,91,79,57,92,73,56
Clément Akpa,LB,22,65,64,67,59,72,55,62
Aksel Aktaş,CAM,25,65,68,65,67,66,58,63
Hamdi Akujobi,RB,24,65,76,70,66,72,67,63
Abdulaziz Al Bishi,RM,30,65,85,64,59,86,64,55
Mohammed Al Dawsari,RB,25,65,79,82,57,77,58,55
Ali Al Hassan,CDM,27,65,67,71,70,68,67,59
Abdullah Al Khatib,LB,29,65,77,82,62,71,77,60
Mohammed Al Majhad,CDM,28,65,65,60,68,70,69,61
Saeed Al Muwallad,RB,33,65,71,80,67,72,74,58
Sumayhan Al Nabit,LM,28,65,77,73,58,78,42,55
Abdulrahman Al Obud,RM,29,65,88,65,59,89,58,54
Madallah Al Olayan,RB,30,65,70,81,62,72,70,63
Saeed Al Rubaie,CB,30,65,72,70,61,52,82,58
Yahia Al Shehri,RM,34,65,37,31,68,64,40,68
Amir Al-Ammari,CM,27,65,70,83,68,66,73,62
Agustín Alaniz,RW,22,65,75,58,51,70,60,51
Carlos Albarrán,RB,30,65,74,78,58,76,73,62
Miiko Albornoz,LB,33,65,60,73,64,64,64,63
Adrián Alcaraz,ST,24,65,75,57,64,79,43,55
Ibrahim Alhassan,CDM,27,65,67,67,68,63,77,64
Bastian Allgeier,RB,22,65,76,79,61,69,75,60
Kevin Amaro,RB,20,65,73,80,52,72,64,45
Giuseppe Ambrosino,ST,21,65,75,65,64,76,75,63
Isak Helstad Amundsen,CB,24,65,69,73,59,65,79,60
Hugo Ancajima,RB,26,65,62,65,61,65,69,60
Danny Andrew,LB,33,65,58,79,61,53,71,62
Matteo Angeli,CB,21,65,81,62,62,82,71,62
Anglada,CB,20,65,64,68,64,61,69,61
Kent-Are Antonsen,CM,29,65,76,77,65,77,74,66
Marcus Antonsson,ST,33,65,78,77,60,75,75,62
Apostolos Apostolopoulos,LB,21,65,76,65,64,78,55,57
Rob Apter,RM,21,65,89,72,60,90,34,56
Gabriel Aranda,CB,23,65,55,64,58,50,79,64
Kelvin Arase,RM,25,65,74,69,58,91,34,60
Miguel Araujo,CB,29,65,62,68,63,61,72,63
Jefferson Arce,CAM,24,65,76,54,64,78,61,62
Theo Archibald,LM,26,65,80,80,61,77,61,58
Taïryk Arconte,ST,20,65,71,59,64,71,65,52
Allan Arigoni,RB,25,65,90,74,54,88,74,53
Sinclair Armstrong,ST,21,65,90,60,54,88,85,61
Fisnik Asllani,ST,22,65,61,56,57,57,71,60
David Atanga,RM,27,65,87,74,58,89,37,59
Mijaíl Avilés,CM,37,65,68,61,68,66,65,57
Jonah Ayunga,ST,27,65,78,71,59,76,80,63
Ayman Azhil,CM,23,65,66,64,73,68,34,65
Pedro Azogue,CDM,30,65,56,71,63,55,70,63
Adriel Ba Loua,RM,28,65,91,64,61,90,39,58
Edgar Babayan,LM,28,65,79,65,61,79,64,57
David Babunski,CM,30,65,69,64,70,63,68,62
Nikolai Baden Frederiksen,ST,24,65,73,68,61,75,66,65
Dominique Badji,ST,31,65,75,73,61,72,75,64
Youssouph Badji,ST,22,65,76,68,60,63,75,63
Francisco Báez,CB,33,65,55,52,53,52,69,63
Sofian Bahloul,RW,24,65,77,69,59,77,59,45
Bentley Baxter Bahn,CAM,32,65,67,84,65,75,56,66
Odin Bailey,CAM,24,65,83,71,65,81,57,62
Victor Bak,LB,20,65,82,68,63,81,74,57
Waleed Bakhashwain,CDM,34,65,63,75,66,50,74,58
Franco Baldassarra,CM,25,65,67,71,71,68,59,64
Enrico Baldini,ST,27,65,76,60,67,75,53,59
Óscar Baldomar,RB,28,65,68,60,65,68,46,60
Sacha Bansé,CDM,23,65,74,75,66,77,61,61
Yusuf Barası,ST,21,65,73,69,60,78,60,62
Enzo Bardeli,CAM,23,65,62,78,66,66,39,60
Louie Barry,LW,21,65,90,71,58,91,60,56
Norman Bassette,ST,19,65,74,64,56,72,69,58
Lewis Bate,CM,21,65,70,68,67,71,39,64
Oliver Batista Meier,CAM,23,65,68,70,64,78,38,62
Roko Baturina,ST,24,65,65,59,55,67,81,57
Furkan Bayır,CB,24,65,62,70,58,60,70,70
Tom Bayliss,CAM,25,65,69,74,66,75,66,64
Luca Bazzoli,CDM,23,65,64,69,62,59,80,66
André Becker,ST,28,65,56,67,47,53,91,62
Omar Beckles,CB,32,65,51,75,55,50,83,62
Tjaš Begić,LM,21,65,78,66,61,77,37,54
Florin Bejan,CB,33,65,36,65,61,50,82,63
Reda Belahyane,CDM,20,65,47,45,67,54,30,65
Rafik Belghali,RB,22,65,83,57,63,80,58,58
Sam Bell,LM,22,65,76,65,57,82,59,63
Mohammed Ali Bemammer,CDM,34,65,50,89,62,54,78,59
Salim Ben Seghir,LM,21,65,63,35,64,70,31,71
Darío,RB,21,65,53,66,64,64,60,63
Marcel Benger,CDM,26,65,52,82,66,56,65,58
César Benítez,CB,34,65,70,72,67,70,74,62
Edgar Benítez,LW,36,65,67,64,69,65,58,58
Hugo Benítez,CB,25,65,65,72,54,61,79,50
Mason Bennett,ST,28,65,74,61,61,77,79,63
Joe Bennett,LB,34,65,63,63,64,59,64,60
Léider Berdugo,CM,22,65,77,65,71,61,47,68
Jo Inge Berget,ST,34,65,65,74,62,62,76,69
Fernando Bersano,LB,26,65,70,65,63,66,39,55
Vicente Besuijen,CAM,23,65,85,71,62,85,39,61
Adel Bettaieb,ST,27,65,74,66,54,70,70,56
Ömer Beyaz,CAM,21,65,65,38,68,65,34,60
Brian Beyer,ST,27,65,67,73,56,66,78,67
Flavio Bianchi,ST,24,65,68,63,55,78,61,63
Merveille Biankadi,CAM,29,65,80,84,63,74,75,62
Bjarki Steinn Bjarkason,RM,24,65,63,59,67,62,55,60
Brynjar Ingi Bjarnason,CB,24,65,69,63,58,68,88,60
Andreas Bjelland,CB,36,65,32,43,64,32,79,57
Cristian Blanco,LB,25,65,76,68,56,76,61,61
Thijmen Blokzijl,CB,19,65,55,63,62,57,65,65
Ole Didrik Blomberg,RW,24,65,75,78,64,77,65,66
Bror Blume,CM,32,65,66,74,68,74,67,63
Emmanuel Boateng,CM,27,65,69,67,75,70,63,61
Radu Boboc,RB,25,65,72,70,65,71,68,62
Benjamin Böckle,LB,22,65,74,81,58,68,75,61
Billy Bodin,CAM,32,65,69,64,63,70,59,64
Ștefan Bodișteanu,LW,21,65,80,75,64,82,58,57
Florian Bohnert,RB,26,65,75,74,58,80,65,59
Kévin Boma,CB,21,65,40,62,58,39,76,60
Rivaldinho,ST,29,65,67,66,61,66,83,58
Mihai Bordeianu,CDM,32,65,68,80,65,67,68,60
Andrés Borge,RB,22,65,69,71,56,67,72,60
Léo Borges,LB,23,65,72,70,62,72,67,58
Axel Borgmann,LB,30,65,70,80,65,68,68,63
Tobias Børkeeiet,CDM,25,65,53,73,65,53,79,60
Alexandar Borković,CB,25,65,59,66,66,63,72,68
Dylan Borrero,LM,22,65,74,68,60,72,58,53
Torgeir Børven,ST,32,65,61,68,61,60,72,68
Jesse Bosch,CM,24,65,72,85,67,71,72,64
Sofyane Bouzamoucha,CB,24,65,64,59,59,66,69,69
Cohen Bramall,LB,28,65,92,71,59,92,64,56
Iker Bravo,ST,19,65,66,53,64,67,60,61
Louis Breunig,CB,20,65,74,63,62,65,71,62
Patrick Brough,LB,28,65,77,82,55,71,84,61
Kai Brünker,ST,30,65,70,80,49,53,90,63
Paris Brunner,ST,18,65,68,57,61,69,64,59
Andreas Bruus,RB,25,65,78,71,64,80,68,59
Jesús Bueno,CDM,25,65,60,55,68,55,71,60
Guille Bueno,LB,21,65,76,76,63,81,58,60
Manu Bueno,CM,20,65,55,60,68,66,54,62
Rasim Bulić,CDM,23,65,46,73,64,46,80,63
Lars Bünning,CB,26,65,88,64,61,79,76,59
Max Burgess,CAM,29,65,81,78,66,78,73,61
Matt Butcher,CM,27,65,52,85,66,60,73,62
Dan Butler,LB,30,65,73,81,58,73,67,62
Vitor Gabriel,ST,24,65,78,61,49,70,78,56
Walter Cabrera,CB,34,65,53,57,58,55,78,58
Bruno Cabrera,CB,27,65,68,70,61,67,71,65
Bailey Cadamarteri,ST,19,65,75,61,60,78,62,63
Aaron Calver,CB,28,65,65,70,57,59,82,59
Pablo Camacho,RB,33,65,66,61,64,64,73,57
Etienne Camara,CDM,21,65,63,66,65,63,71,63
Lyall Cameron,CM,21,65,73,72,69,82,57,64
Josh Campbell,CAM,24,65,68,86,66,73,67,67
Simone Canestrelli,CB,24,65,67,78,55,63,76,64
Leonardo Capezzi,CM,29,65,54,63,66,54,52,66
Àlex Carbonell,CM,26,65,45,69,67,54,66,63
Rafael Santos,LB,26,65,71,69,55,74,61,57
Rudy Cardozo,CM,34,65,72,77,67,70,44,68
Sonny Carey,CM,23,65,67,64,69,59,64,63
Adam Carlén,CDM,24,65,64,81,65,56,82,62
Florian Carstens,CB,25,65,58,60,56,48,86,58
Marc Casadó,CDM,21,65,55,54,70,62,51,64
Aljaž Casar,CM,23,65,60,76,66,57,82,66
Niklas Castro,LW,28,65,70,75,61,75,57,56
Matias Cavalleri,RW,26,65,81,73,59,80,58,57
Víctor Cedrón,CAM,30,65,68,65,64,68,44,64
Sava-Arangel Čestić,CB,23,65,50,63,57,45,89,58
Sofyan Chader,LM,24,65,71,57,60,79,45,55
Ilyas Chaira,RM,23,65,73,51,63,76,59,62
Wálter Chalá,RM,32,65,81,55,63,78,71,59
Joseph Champness,LW,27,65,82,51,58,83,71,53
Maikel Chang,RM,33,65,70,53,62,67,63,57
Pablo Chavarría,ST,36,65,59,77,63,55,78,66
Cheng Jin,RM,29,65,73,77,66,73,40,56
Martín Chiatti,CB,31,65,67,65,61,55,80,60
Ethan Chislett,CAM,26,65,77,81,65,70,56,64
Choi Kyu Baek,CB,30,65,64,71,59,60,75,65
Michał Chrapek,CAM,32,65,53,71,69,52,63,64
Mateusz Cichocki,CB,32,65,54,68,64,58,73,65
Andrejs Cigaņiks,LB,27,65,69,78,62,68,57,64
Luca Cigarini,CDM,38,65,34,42,71,36,44,67
Tolcay Ciğerci,CAM,29,65,55,69,67,73,60,59
Alexandru Cîmpanu,RM,23,65,78,60,63,78,59,62
Giorgio Cittadini,CB,22,65,45,52,55,45,67,58
Sean Clare,RB,27,65,73,71,59,72,74,60
Caden Clark,CAM,21,65,76,65,64,80,58,60
Alexandre Coeff,RB,32,65,53,85,65,41,80,62
Reece Cole,CM,26,65,65,70,66,71,63,63
Collado,ST,23,65,62,65,65,63,57,59
Will Collar,CM,27,65,68,81,65,64,72,63
Gabriel Compagnucci,RB,33,65,72,67,61,78,64,61
Callum Connolly,CB,26,65,56,73,63,59,74,62
Facinet Conte,ST,19,65,86,51,56,80,56,63
Anderson Contreras,CM,23,65,63,79,66,61,67,63
Andy Cook,ST,33,65,52,70,58,52,91,65
Tommaso Corazza,LB,20,65,70,41,65,61,64,59
Kobe Corbanie,RB,19,65,75,56,67,73,41,45
Juan Cornejo,CB,34,65,75,70,64,72,76,66
Miguel Cornejo,CAM,24,65,65,65,64,65,55,60
Valentin Costache,RM,26,65,75,66,61,75,59,61
Cristian Costin,RB,26,65,82,82,60,85,60,56
Valerio Crespi,ST,20,65,76,57,59,80,79,63
Valentin Crețu,RB,35,65,69,84,58,68,70,58
Svenn Crone,RB,29,65,75,79,61,75,60,65
Héctor Cuellar,CM,24,65,60,72,70,66,74,58
Brahian Cuello,LM,26,65,85,64,65,76,63,48
Mladen Cvjetinovic,CB,20,65,63,64,48,64,74,59
Lennart Czyborra,LB,25,65,75,70,62,70,69,62
Pedro Moreira,CM,35,65,34,66,67,36,69,65
Erdon Daci,ST,26,65,66,58,58,63,65,65
Fredrik K. Dahl,CB,25,65,66,64,59,69,71,64
Leon Dajaku,RM,23,65,77,67,59,74,63,62
Marc Dal Hende,LB,33,65,69,77,61,64,83,61
Dalmau,ST,30,65,66,60,56,68,59,63
Bence Dárdai,CAM,18,65,67,58,70,63,46,65
Juande,CB,25,65,65,49,60,66,74,62
Kevin De La Hoz,RB,26,65,73,65,62,55,68,66
Francesco De Rose,CDM,37,65,66,79,62,74,65,68
Luís Phelipe,LW,23,65,79,68,64,78,70,55
Nils De Wilde,CDM,21,65,71,70,68,69,62,65
Robbie Deas,CB,24,65,55,50,62,50,69,61
Duccio Degli Innocenti,CDM,21,65,72,67,70,69,67,65
Carlos Delgado,CB,34,65,38,71,59,50,66,64
Mickey Demetriou,CB,33,65,52,81,59,50,76,61
Yohan Demoncy,CM,28,65,62,86,68,65,70,64
Kyle Dempsey,CM,28,65,70,84,65,74,62,63
Đorđe Denić,CM,28,65,71,76,67,72,66,64
Alfie Devine,CAM,20,65,67,56,68,65,55,62
Yadaly Diaby,LM,24,65,82,48,60,80,59,56
Mamady Diambou,CDM,21,65,71,77,71,78,54,55
Sory Ibrahim Diarra,ST,24,65,80,72,57,76,80,60
Vagner,ST,28,65,78,53,62,81,55,65
Justin Diehl,LM,19,65,82,60,59,79,39,61
Lars Dietz,CB,27,65,68,66,60,55,79,61
Marko Divković,LB,25,65,82,78,66,77,65,62
Lewis Dobbin,LM,21,65,80,61,61,78,53,62
Christos Donis,CDM,29,65,69,74,66,69,71,65
Nick Doodeman,RW,27,65,72,66,60,75,51,56
Robson,CB,31,65,75,71,60,70,80,66
Daniel Dos Santos,CAM,21,65,65,63,68,64,47,65
Diogo Calila,RB,25,65,69,65,61,72,68,63
Anderson,RM,26,65,78,82,61,75,76,64
Micael,CB,24,65,74,61,66,64,78,60
Damion Downs,ST,20,65,69,51,62,67,67,60
Issiar Dramé,CB,25,65,66,60,49,70,77,60
Manuel Duarte,CM,23,65,72,66,68,73,52,59
Edoardo Duca,CAM,27,65,71,75,68,60,53,70
Michael Duffy,LM,30,65,78,61,62,78,55,61
Daniel Edelman,CDM,21,65,72,73,64,67,59,63
Malcom Edjouma,CM,27,65,64,79,66,65,92,66
Daniel Eid,RB,25,65,78,81,58,78,69,58
Noah Eile,CB,22,65,78,62,65,66,76,58
Anouar El Azzouzi,CDM,23,65,56,72,68,59,71,61
Agon Elezi,CDM,23,65,66,67,68,68,48,63
Mikael Egill Ellertsson,CM,22,65,64,39,70,74,61,59
Mario Engels,ST,30,65,82,69,62,81,64,63
Mads Enggård,CM,20,65,65,64,68,66,54,64
Jusef Erabi,ST,21,65,80,73,58,80,83,53
Victor Eriksson,CB,23,65,68,70,64,55,81,62
Ertuğrul Ersoy,CB,27,65,44,71,54,54,80,62
Tiri,CB,33,65,48,65,58,53,80,55
Santiago Etchebarne,CB,30,65,67,57,48,48,84,51
Jean Lambert Evan's,LB,25,65,69,70,62,72,61,52
George Evans,CDM,29,65,63,63,64,59,72,64
Will Evans,ST,27,65,72,90,60,75,71,63
Omar Faraj,ST,22,65,73,53,60,71,89,63
Neil Farrugia,RM,25,65,84,81,55,83,63,59
Maryan Faryna,CB,21,65,68,67,61,69,66,60
Gianlucca Fatecha,CAM,26,65,69,72,68,75,53,64
Betim Fazliji,CDM,25,65,76,70,66,59,74,58
Gino Fechner,CDM,27,65,77,75,64,71,77,58
Feng Jin,RM,31,65,78,80,58,85,69,60
Rodrigo Fernández,CM,28,65,34,72,69,52,71,70
Juan Ibiza,CB,29,65,56,55,60,53,75,67
Luis Fernández,CAM,30,65,70,65,57,67,67,59
Ethan Finlay,RM,34,65,73,64,64,74,59,62
Ashley Fletcher,ST,28,65,76,63,57,65,73,63
Sadik Fofana,CB,21,65,72,62,66,66,81,59
Boubacar Fofana,ST,26,65,82,58,60,81,60,64
Ben Folami,LW,25,65,81,71,59,81,77,54
Tyrese Fornah,CM,25,65,65,82,65,59,67,63
Omari Forson,RM,20,65,70,57,66,74,52,55
Héctor Fort,RB,18,65,76,54,64,69,60,59
Matías Fracchia,CB,28,65,55,58,55,63,80,67
Marcus Fraser,CB,30,65,73,87,57,68,73,61
Ulrik Fredriksen,CB,25,65,49,73,63,49,84,62
Juan Freytes,CB,24,65,62,70,61,60,77,66
Per Frick,ST,32,65,73,75,62,76,88,72
Ludvig Fritzson,CM,29,65,72,87,66,73,75,67
Fu Huan,RB,31,65,76,67,61,75,58,59
Borja Galán,LM,31,65,62,67,64,59,64,66
Sebastián Galani,CDM,27,65,72,74,66,62,60,63
Nicolas Galazzi,CAM,23,65,69,49,65,74,63,65
Declan Gallagher,CB,33,65,31,57,56,31,88,58
Valerică Găman,CB,35,65,53,60,60,53,78,60
Noah Ganaus,ST,23,65,54,71,59,55,74,61
Gao Tianyi,CM,26,65,74,74,70,70,76,63
Gustavo Garcia,RB,22,65,78,67,61,75,46,60
Gonzalo,LM,20,65,66,59,64,67,61,62
Jake Garrett,CDM,21,65,62,68,65,69,61,63
Ben Garrity,CM,27,65,78,91,65,80,71,65
Djeidi Gassama,LM,21,65,78,61,60,82,66,62
Dieudonné Gaucho Debohi,CDM,23,65,57,60,66,66,74,62
Pep Gayà,CB,24,65,43,65,63,51,74,60
Max Geschwill,CB,23,65,73,65,60,64,69,62
Niklas Geyrhofer,CB,24,65,62,63,62,51,76,62
Valentin Gheorghe,LM,27,65,81,76,59,84,61,57
Andrea Ghion,CM,24,65,60,65,73,63,61,63
Alaa Ghram,CB,23,65,70,65,59,73,73,62
Alex Gilbey,CAM,29,65,80,91,65,75,79,65
Alfie Gilchrist,CB,20,65,62,57,62,57,67,60
Macaulay Gillesphey,CB,28,65,53,71,61,51,78,63
Diago Giménez,CB,27,65,65,68,65,65,60,60
Lars Gindorf,ST,23,65,66,60,66,68,65,64
Gvidas Gineitis,CM,20,65,58,67,74,56,64,60
Patrick Göbel,RB,31,65,72,80,63,75,57,60
José de Jesús Godínez,ST,27,65,69,67,60,66,76,62
Robert Gojani,CM,31,65,56,84,71,72,61,67
Miguel Silva,LB,28,65,76,76,62,72,77,60
Maximiliano González,CDM,20,65,51,70,65,61,72,57
Facundo González,CB,21,65,51,61,66,56,74,57
Alfon,RM,25,65,77,53,61,74,56,60
Jacobo,RM,27,65,73,56,62,80,46,52
Liam Gordon,LB,25,65,80,90,56,81,70,61
Daniel Graovac,CB,31,65,33,67,63,39,72,65
Tayvon Gray,RB,22,65,77,69,60,79,63,60
Lee Gregory,ST,36,65,52,65,63,50,76,66
Patrick Greil,CAM,28,65,68,76,66,69,62,61
Jack Grimmer,RB,30,65,71,74,57,75,74,62
Sebastian Grønning,ST,27,65,69,68,59,66,76,63
Darijo Grujčić,CB,25,65,61,69,53,67,78,60
David Gugganig,CB,27,65,47,62,60,50,70,60
John Guidetti,ST,32,65,37,54,60,48,79,67
Gökhan Gül,CDM,26,65,57,71,66,65,66,65
Muhammed Gümüşkaya,LM,23,65,72,69,65,72,52,61
Lasse Günther,LB,21,65,84,72,65,81,63,63
Gustavo Santos,ST,28,65,75,60,59,73,77,61
Daniel Gutiérrez,CB,21,65,64,68,62,62,73,61
Maximiliano Gutiérrez,RB,20,65,78,82,59,74,74,58
Samuel Guzmán,LB,23,65,70,81,63,72,47,62
Gabriel Hachen,CM,33,65,69,52,68,69,39,62
Steffen Hagen,CB,38,65,33,56,62,31,72,68
Stefan Hajdin,LB,30,65,66,71,66,64,70,64
Besar Halimi,CAM,29,65,50,67,64,74,41,61
Grant Hall,CB,32,65,57,57,63,52,77,63
George Hall,CAM,20,65,83,68,64,81,61,65
Daniel Hall,CB,25,65,77,77,57,74,78,57
Melker Hallberg,CM,28,65,64,73,66,67,65,65
Andy Halliday,CM,32,65,55,78,69,62,64,58
Aapo Halme,CB,26,65,48,58,64,45,78,62
Brendan Hamill,CB,31,65,33,42,57,34,76,58
Ethan Hamilton,CM,25,65,56,83,66,65,76,63
Mansour Hamzi,CM,32,65,79,78,64,83,58,69
Sergiu Hanca,RM,32,65,77,68,65,77,68,59
Simon Handle,LM,31,65,81,81,59,86,51,60
Kornelius N. Hansen,ST,23,65,70,83,61,72,56,64
Ian Harkes,CM,29,65,66,88,64,67,68,61
Luke Harris,CAM,19,65,64,63,67,69,56,63
Denis Haruț,CB,25,65,74,71,64,70,71,63
Sigurd Haugen,ST,27,65,82,78,60,80,77,64
He Chao,CDM,29,65,71,85,63,78,72,66
Nias Hefti,LB,24,65,68,67,62,75,49,64
Torbjørn L. Heggem,CB,25,65,72,70,65,67,70,62
Henrik Heggheim,CB,23,65,74,72,64,70,75,60
Anton Heinz,LM,26,65,73,67,68,69,69,69
Thiago Helguera,CDM,18,65,71,69,68,72,62,62
Lennard Hens,CAM,28,65,67,41,69,48,45,55
Nicolás Hernández,CB,26,65,70,77,67,70,81,58
Robert Hernández,LM,31,65,70,72,59,73,66,58
Javi Hernández,RM,20,65,73,53,65,75,44,60
Manu Hernando,CB,26,65,64,72,57,55,75,64
Rodrigo Herrera,CDM,24,65,54,55,72,63,74,63
Borja Herrera,CAM,31,65,68,68,65,66,54,58
Luca Herrmann,CM,25,65,65,76,71,72,62,62
Jeredy Hilterman,ST,26,65,72,64,61,67,80,64
Koki Hinokio,CAM,23,65,82,80,63,79,33,66
Yu Hirakawa,RM,23,65,79,63,61,85,41,62
Leo Hjelde,LB,21,65,71,57,61,62,74,61
Niklas Hoffmann,CB,27,65,42,67,63,34,77,63
Noah Jean Holm,ST,23,65,69,65,58,71,87,55
Hong Jung Un,CB,29,65,50,66,63,59,80,57
Arttu Hoskonen,CB,27,65,60,63,59,61,83,64
Ben House,ST,25,65,69,80,56,65,73,65
Diego Hoyos,CM,31,65,66,70,68,66,61,68
David Hrncar,RB,26,65,73,64,63,66,65,63
Ronal Huaccha,ST,30,65,76,71,60,73,66,68
Dean Huiberts,CM,24,65,72,72,66,73,67,67
Johannes Andres Hummelvoll-Nuñez,ST,27,65,75,69,56,73,67,63
Abbas Hüseynov,RB,29,65,69,62,64,72,68,58
Remeao Hutton,RB,25,65,84,91,57,85,64,57
Rommell Ibarra,CDM,24,65,70,68,65,70,60,63
Sebastien Ibeagha,CB,32,65,66,53,65,66,79,64
Merwan Ifnaoui,CAM,25,65,66,52,68,73,43,63
Luc Ihorst,ST,24,65,77,56,57,65,82,59
Christopher Ikonomidis,RM,29,65,79,71,62,79,75,59
Matei Ilie,CB,21,65,69,69,59,72,80,62
Mikael Norø Ingebrigtsen,RM,28,65,78,73,60,82,56,60
Daleho Irandust,CAM,26,65,70,72,64,66,69,65
John Iredale,ST,25,65,78,58,55,70,80,56
Masatoshi Ishida,CM,29,65,77,88,68,75,60,60
Rareș Ispas,LB,24,65,83,67,59,77,56,58
Ayoub Jabbari,ST,24,65,67,50,59,59,78,64
Lachlan Jackson,CB,29,65,51,63,56,35,87,57
Adam Jackson,CB,30,65,49,50,59,48,80,61
Kayden Jackson,ST,30,65,91,64,58,91,58,63
Tomás Jacob,RB,20,65,76,70,57,71,58,58
Joey Jacobs,CB,24,65,55,75,58,52,72,64
Anders K. Jacobsen,ST,34,65,67,67,58,69,71,65
Bjarke Jacobsen,CDM,31,65,41,73,64,54,84,56
Kilian Jakob,LB,26,65,83,72,66,77,61,60
Adam Jakobsen,ST,25,65,75,60,62,76,73,63
Tom James,RB,28,65,67,83,61,69,69,62
Luther James-Wildin,RB,26,65,80,80,55,81,73,60
Jocelyn Janneh,CDM,21,65,67,70,64,69,66,63
Luca Jaquez,CB,21,65,55,70,65,60,81,60
Alvis Jaunzems,RB,25,65,71,77,62,80,63,58
Jauregi,ST,28,65,55,33,61,54,82,61
Daniel Jebbison,ST,21,65,80,73,55,75,78,59
Arkadiusz Jędrych,CB,32,65,54,72,43,51,85,65
Finn Jeltsch,CB,18,65,71,63,62,60,73,58
Isak Jensen,LW,20,65,75,52,66,56,84,64
Alexander Jensen,RB,23,65,77,72,63,75,65,64
Jonas Jensen-Abbew,CB,22,65,68,56,63,64,68,61
Juanpe,CM,28,65,74,82,65,68,71,47
Gethin Jones,CB,28,65,76,82,59,72,69,64
Ricky-Jade Jones,ST,21,65,91,64,60,92,64,62
Patrick Joosten,LW,28,65,78,68,56,80,58,64
Wilmar Jordán,ST,33,65,51,60,62,32,88,58
Edisson Jordanov,RB,31,65,64,69,65,75,45,64
Aleksandar Jovanović,CB,35,65,51,58,65,33,86,61
Zak Jules,CB,27,65,72,72,62,75,81,59
Lukas Jutkiewicz,ST,35,65,44,33,58,40,86,68
Musa Juwara,RM,22,65,84,54,61,81,47,61
Rami Kaib,LB,27,65,71,86,64,77,61,57
Jakub Kałuziński,CDM,21,65,67,71,72,63,58,66
Willy Kambwala,CB,20,65,72,41,59,69,74,59
Kubilay Kanatsızkuş,ST,27,65,63,69,61,64,78,62
Kang Yoon Seong,RB,27,65,70,79,64,71,67,65
Benjamin Kanuric,LM,21,65,55,72,69,64,76,64
Rifet Kapić,CM,29,65,65,66,69,64,57,64
Fatih Kaya,ST,24,65,72,57,59,75,79,60
Ákos Kecskés,CB,28,65,52,65,60,59,80,62
Davis Keillor-Dunn,CAM,26,65,77,85,56,80,62,64
Manuel Keliano,CDM,21,65,55,73,65,56,65,65
Aaron Keller,LM,20,65,72,74,69,64,61,59
Kevin Kelsy,ST,20,65,80,55,53,73,64,66
David Keltjens,RB,29,65,67,81,64,72,66,62
Boy Kemper,LB,25,65,68,67,56,67,67,64
Nohan Kenneh,CDM,21,65,52,78,63,54,70,64
Roman Kerschbaum,CDM,30,65,66,78,65,60,70,61
Topi Keskinen,LW,21,65,82,62,59,84,54,61
Mohammed Khubrani,CB,30,65,50,75,51,44,76,60
Niko Kijewski,LB,28,65,57,60,61,71,60,57
Gavin Kilkenny,CM,24,65,57,69,69,64,46,63
Kim Jin Ho,LB,24,65,73,87,48,77,62,62
Kim Tae Hwan,RB,35,65,82,72,58,78,76,57
Yann Kitala,ST,26,65,72,57,59,70,82,57
Florian Kleinhansl,LB,24,65,59,90,61,70,59,71
Gustavo Klismahn,CM,24,65,65,70,70,67,74,59
Lukas Klünter,RB,28,65,86,71,56,80,68,63
Tobias Klysner,RM,23,65,78,74,62,85,68,61
Karol Knap,CM,23,65,63,76,70,63,76,62
Erling Knudtzon,RB,35,65,84,76,60,82,66,60
Paul Komposch,CB,23,65,66,74,63,64,76,59
Amadou Koné,CDM,19,65,62,59,69,60,70,65
Björn Kopplin,LB,35,65,66,82,62,69,74,59
Yoan Koré,CB,19,65,66,43,63,54,70,64
Patrick Koronkiewicz,RB,33,65,82,79,62,80,73,60
Kacper Kostorz,ST,25,65,78,70,61,77,61,66
Giorgos Koutsias,ST,20,65,86,70,49,87,68,55
Soichiro Kozuki,RM,23,65,72,63,61,80,46,55
Blaž Kramer,ST,28,65,75,41,58,71,83,54
Maurice Krattenmacher,CAM,19,65,71,72,66,78,59,62
Tobias Kraulich,CB,25,65,65,57,61,54,85,61
Martin Kreuzriegler,CB,30,65,65,56,57,59,72,64
Kevin Martin Krygård,CDM,24,65,61,82,62,62,76,63
Srdjan Kuzmic,RB,20,65,74,62,57,77,53,61
Leroy Kwadwo,CB,28,65,79,70,58,72,76,57
Dinis Pinto,RB,24,65,73,55,60,74,56,63
Rémy Labeau Lascary,RM,21,65,72,59,56,72,62,65
François Lajugie,RB,28,65,62,82,61,65,72,59
Niklas Lang,CB,22,65,69,55,59,71,66,56
Christopher Lannert,RB,26,65,82,90,60,74,57,60
André Ricardo,CAM,24,65,70,59,72,69,53,62
Lapeña,CB,28,65,63,70,61,72,62,64
Ariel Lassiter,LM,29,65,81,74,62,81,59,60
Frederik Lauenborg,CM,27,65,58,66,68,62,76,68
Shayne Lavery,ST,25,65,76,70,59,78,56,66
Bosun Lawal,CM,21,65,74,78,65,68,85,66
Luke Le Roux,CDM,24,65,53,76,66,73,65,63
Miles Leaburn,ST,20,65,74,65,53,68,85,60
Heber Leaños,LB,34,65,72,74,62,70,42,55
Noé Lebreton,CM,20,65,70,67,68,64,57,61
Lee Jin Yong,CM,23,65,61,86,68,57,71,64
Lee Min Gi,LB,31,65,76,81,58,76,62,61
Lee Hyun Sik,RM,28,65,72,81,67,71,60,60
Lee Yong Rae,CM,38,65,35,75,70,34,69,53
Dexter Lembikisa,RB,20,65,84,63,57,82,58,61
Mats Lemmens,RB,22,65,71,69,60,70,74,63
Jakob Lemmer,RW,24,65,76,72,58,76,58,58
Harry Leonard,ST,21,65,72,64,58,75,61,63
Giovanni Leoni,CB,17,65,59,55,58,51,72,61
Jonathan Lewis,ST,27,65,77,57,67,77,59,53
Fedde Leysen,CB,21,65,49,60,63,60,71,58
Danny Leyva,CM,21,65,62,64,70,66,52,64
Li Ke,CM,31,65,73,85,63,77,62,62
Li Yuanyi,CM,31,65,72,86,68,73,73,66
Liang Nuoheng,CB,29,65,53,62,56,58,76,55
Liao Lisheng,CDM,31,65,69,75,63,73,62,63
Isac Lidberg,ST,26,65,77,85,58,77,84,63
Otso Liimatta,CAM,20,65,69,45,70,72,35,66
Lim Jong Eun,CB,34,65,52,56,62,45,77,58
Jamie Lindsay,CM,28,65,59,72,66,54,66,65
Daniel Lino,LB,22,65,72,72,64,70,56,67
Rodrigo Llano,ST,31,65,71,68,47,75,70,59
Sebastian Lletget,CM,32,65,70,74,65,67,73,67
Francesco Lo Celso,LM,24,65,69,53,72,67,58,56
Élysée Logbo,ST,20,65,65,54,56,57,75,64
Kristoffer Løkberg,CM,32,65,58,81,67,63,71,65
Chris-Emmanuel Lokesa,LM,19,65,72,69,66,75,52,60
Danijel Lončar,CB,27,65,59,68,57,70,77,54
Emmanuel Longelo,LB,23,65,83,68,59,79,57,62
David López,CB,21,65,68,80,65,62,80,60
Jeremias Lorch,CB,28,65,65,80,62,64,74,61
Marvin Loría,LM,27,65,80,56,62,77,63,54
Albert-Nicolas Lottin,CDM,23,65,68,69,65,60,67,64
Joe Low,CB,22,65,55,54,50,48,84,62
Tom Lowery,CM,26,65,68,68,68,79,38,68
Alex Lowry,CAM,21,65,65,67,67,65,55,53
Leonardo Lukacevic,LM,25,65,67,73,62,71,66,64
Jakub Łukowski,LM,28,65,80,73,62,81,57,53
Thierry Lutonda,LB,23,65,78,64,62,87,57,60
Brad Lyons,CM,27,65,73,75,62,66,70,68
Andy Lyons,RB,24,65,72,71,62,72,57,60
Isak Dybvik Määttä,LB,22,65,80,78,60,80,60,63
Angus MacDonald,CB,31,65,32,33,66,32,74,64
Kyle Magennis,CM,26,65,68,71,68,71,77,60
Sævar Atli Magnússon,ST,24,65,79,64,62,76,58,62
Jack Maher,CB,24,65,53,71,65,54,71,70
Mohamed Belhadj Mahmoud,CM,24,65,68,70,70,66,70,57
Connor Mahoney,RM,27,65,72,75,56,77,44,62
Hicham Mahou,LM,25,65,85,62,61,83,56,57
Philipp Maier,CDM,30,65,60,80,65,56,77,62
Sebastian Maier,CAM,30,65,56,73,69,74,55,62
Tommy Maistrello,ST,31,65,69,64,63,63,72,63
Luka Majcen,ST,35,65,59,70,59,63,73,65
Ali Majrashi,RB,24,65,84,77,59,77,73,62
Tomasz Makowski,CDM,25,65,70,81,66,69,69,60
Patryk Makuch,ST,25,65,77,79,56,74,84,65
Alessandro Mallamo,CM,25,65,52,79,68,71,51,62
Stone Mambo,CB,25,65,65,70,63,62,73,64
Ivo Mammini,ST,21,65,72,55,61,70,61,65
Mantilla,RB,24,65,57,74,67,52,71,58
Jhon Marchán,CAM,26,65,79,41,62,78,31,59
Leonardo Marchi,LB,27,65,79,71,57,71,60,55
Paul Marie,RB,29,65,75,71,65,75,56,65
Pablo Marín,CAM,21,65,68,34,72,54,52,57
Dilan Markanday,RM,23,65,75,48,60,80,52,59
Mathías Martínez,LM,30,65,73,64,62,75,52,52
Jan Hendrik Marx,RB,29,65,72,76,61,86,41,61
Erik Marxen,CB,33,65,52,67,60,43,79,65
John Mary,ST,31,65,58,68,62,62,81,65
Pelle Mattsson,CM,23,65,61,77,70,59,67,65
Stefan Mauk,CAM,28,65,70,76,67,67,67,64
Lucas Mauragis,LB,23,65,79,77,58,75,72,61
José Mauri,CM,28,65,54,50,69,64,33,62
Senny Mayulu,CAM,18,65,69,62,66,76,47,59
Noah Mbamba,CDM,19,65,77,65,67,67,73,56
Dylan Mbayo,RM,22,65,74,39,61,82,49,56
Pathé Mboup,LM,20,65,82,48,61,81,55,62
Jamie McCart,CB,27,65,66,76,59,63,75,62
Josh McEachran,CDM,31,65,51,62,70,51,51,65
Jordan McGhee,RB,28,65,54,74,63,51,71,63
Paul McGinn,CB,33,65,65,84,61,67,70,60
David McGoldrick,CAM,36,65,55,60,66,54,72,68
Aaron McGowan,RB,28,65,71,82,60,75,79,64
Tobías Medina,CM,20,65,61,66,70,63,41,51
Saeid Mehri,CM,26,65,68,75,67,68,67,69
Jonathan Meier,LB,24,65,74,72,61,72,63,62
Yair Mena,RM,24,65,74,60,60,75,48,55
Carlos Mendes Gomes,LM,25,65,81,79,59,83,57,60
Kevin Mensah,RB,33,65,78,72,62,73,70,64
Cristopher Mesías,CM,26,65,67,78,68,63,71,60
Falko Michel,LM,23,65,68,75,66,64,74,66
Tommaso Milanese,CM,22,65,68,73,72,76,45,60
Matko Miljevic,CAM,23,65,58,52,68,57,57,62
Juan Millán,CDM,23,65,67,75,62,64,68,68
Mickel Miller,LB,28,65,83,69,61,83,61,64
Pablo Minissale,CB,23,65,52,53,60,53,64,60
Bruno Miranda,ST,26,65,81,55,62,80,60,63
Alex Mitchell,CB,22,65,52,63,56,51,83,59
Kaito Mizuta,CAM,24,65,70,74,65,73,56,61
Ilario Monterisi,CB,22,65,57,55,56,47,71,60
Lautaro Montoya,LB,29,65,72,61,67,72,58,59
Lewis Montsma,CB,26,65,51,50,58,53,83,60
Florián Monzón,ST,23,65,69,55,57,63,72,62
Alex Moreno Paz,CB,22,65,53,66,55,53,72,64
Jorge Moreno,CB,23,65,71,75,64,73,68,61
Leandro Morgalla,CB,20,65,71,68,62,75,75,59
Albie Morgan,CM,24,65,71,78,69,70,58,62
Aaron Morley,CM,24,65,67,80,68,67,71,63
Luca Moro,ST,23,65,67,56,54,64,70,56
Darick Kobie Morris,CB,29,65,84,64,56,82,74,62
Kevin Mouanga,CB,24,65,38,65,59,37,85,58
Matías Moya,LW,26,65,73,59,65,75,47,57
Sebastian Mrowca,CDM,30,65,80,71,64,64,71,64
Jake Mulraney,LM,28,65,82,69,61,85,54,55
Maurice Multhaup,CAM,27,65,81,69,63,90,62,64
Alessandro Murgia,CM,28,65,38,52,67,45,66,67
Sebastian Musiolik,ST,28,65,86,82,58,82,90,56
Lubambo Musonda,LB,29,65,90,72,60,90,61,61
Taras Mykhavko,CB,19,65,64,61,65,65,63,65
Andrew Nabbout,RM,31,65,79,55,59,77,81,61
Dylan Nandín,ST,22,65,56,60,41,55,75,64
Mohamed Nassoh,CAM,21,65,69,66,64,70,52,57
Basilio Ndong,LB,25,65,76,67,63,82,74,60
Logan Ndenbe,LB,24,65,74,70,64,83,64,57
John Nelson,LB,26,65,86,65,60,75,62,60
András Németh,ST,21,65,75,60,54,73,79,58
Steve Ngoura,ST,19,65,65,55,63,61,59,63
Sam Nicholson,RM,29,65,81,70,59,85,56,59
Marc Nielsen,LB,23,65,67,65,62,66,60,63
Reuven Niemeijer,CAM,29,65,42,75,62,65,63,65
Georgios Nikas,CM,24,65,73,75,72,74,78,53
Claus Niyukuri,CB,24,65,82,63,58,77,85,59
David Noboa,CDM,29,65,73,71,65,71,72,54
John Olav Norheim,CB,29,65,34,70,62,32,85,64
Toto Nsiala,CB,32,65,64,71,55,60,88,61
Bruny Nsimba,ST,24,65,85,33,63,89,68,60
Samuel Ntamack,ST,23,65,78,58,59,77,64,60
Maximiliano Núñez,RW,37,65,79,61,64,80,43,58
Mardochee Nzita,LM,24,65,65,57,63,62,48,69
Corey O'Keeffe,RB,26,65,83,83,58,81,71,61
Ollie O'Neill,LM,21,65,77,70,62,81,52,61
Răzvan Oaidă,CM,26,65,75,81,67,75,67,65
Johann Obiang,LB,31,65,84,76,58,86,60,61
Obrador,LB,20,65,78,69,57,78,62,58
Edier Ocampo,RB,20,65,83,75,59,84,50,61
Nico Ochojski,RB,25,65,81,84,59,75,60,59
Akin Odimayo,RB,24,65,75,70,57,75,78,65
Nnamdi Ofoborh,CDM,24,65,74,66,64,67,72,59
Noah Ohio,ST,21,65,89,56,60,90,79,62
Sebastian Ohlsson,RB,31,65,52,73,62,71,68,64
Bryan Okoh,CB,21,65,78,53,62,65,85,48
Osarenren Okungbowa,CB,30,65,70,60,64,60,87,61
Davíð Kristján Ólafsson,LB,29,65,77,81,63,75,70,60
Isaac Olaofe,ST,24,65,91,74,54,91,73,60
Christopher Olivares,ST,25,65,69,65,62,67,62,63
Afonso Rodrigues,LM,22,65,73,57,60,72,56,58
Wenderson,CM,25,65,83,74,70,82,62,65
Tuomas Ollila,LB,24,65,80,69,62,78,51,63
Ervin Omić,CDM,21,65,66,72,65,61,73,63
Răzvan Onea,RB,26,65,82,79,58,82,63,58
Sakarias Opsahl,CM,25,65,67,78,68,69,60,60
Juan José Orellana,LB,26,65,77,75,55,76,63,49
Joel Silva,CM,21,65,74,65,68,71,65,67
Jacob Ortmark,CM,27,65,66,82,68,68,63,61
Moritz Oswald,CM,22,65,65,74,68,71,63,62
Filip Ottosson,CDM,28,65,65,76,66,63,64,66
Zié Mohamed Ouattara,RB,24,65,74,70,61,74,60,61
Kolja Oudenne,CAM,22,65,66,64,69,72,63,59
Prince Owusu,ST,27,65,74,65,54,66,86,64
Solomon Owusu,CB,28,65,80,61,63,70,74,61
Diego Oyarzún,CB,31,65,56,77,62,50,76,49
Yusuf Özdemir,LM,23,65,83,82,62,82,63,56
Bahadır Öztürk,CB,28,65,34,72,56,38,71,62
Steven Pabón,CB,23,65,68,73,59,65,68,68
Fabrizio Paghera,CM,32,65,73,83,66,78,31,65
Pablo Pagis,ST,21,65,59,69,56,63,59,63
Byron Palacios,ST,29,65,77,64,62,75,66,65
Paul Papp,CB,34,65,50,52,65,54,74,65
Luis Paradela,LW,27,65,80,76,62,82,40,60
Luis Paredes,RM,23,65,67,51,60,66,66,63
Park Jung In,ST,23,65,79,61,64,71,64,59
Jorge Pascual,ST,21,65,65,75,66,65,59,70
Callum Paterson,ST,29,65,59,76,64,63,82,65
Raul Paula,CAM,20,65,68,71,66,72,61,60
Branko Pavić,CDM,17,65,63,70,71,67,67,68
Jack Payne,CM,29,65,67,80,66,81,33,66
Nehuén Paz,CB,31,65,34,53,59,32,83,60
Tom Pearce,LB,26,65,71,64,60,66,63,61
Halil İbrahim Pehlivan,LB,31,65,70,66,60,70,71,62
Andrés Perea,CDM,23,65,69,72,67,76,66,63
Romário,CM,39,65,36,78,69,57,60,67
Juan Daniel Pérez,RB,30,65,66,74,63,67,72,62
Erick Perleche,RB,24,65,72,77,58,72,58,65
Noah Persson,LB,21,65,76,72,64,77,49,60
Joakim Persson,LM,22,65,88,63,57,86,61,56
Kamil Pestka,CB,26,65,80,80,62,73,71,53
Stefano Pettinari,ST,32,65,80,80,61,73,73,65
Lebogang Phiri,CDM,29,65,75,58,64,71,54,66
Fabian Piasecki,ST,29,65,77,81,65,75,78,57
Arthur Piedfort,CDM,19,65,63,73,64,68,65,70
Tomasz Pieńko,LM,20,65,66,72,62,70,64,61
Juan Pablo Pignani,CB,23,65,53,74,73,58,75,61
Mauricio Pineda,CB,26,65,48,72,66,52,72,59
Niccolò Pisilli,CM,19,65,49,52,73,57,44,71
André Anderson,CAM,24,65,65,58,65,66,37,61
Marco Pompetti,CM,24,65,65,68,69,66,49,59
Célio Pompeu,LM,24,65,72,60,54,79,40,62
Simone Pontisso,CM,27,65,66,68,68,63,77,65
Rareș Pop,RM,19,65,72,67,64,83,36,59
Tomás Porra,CAM,20,65,66,54,71,61,55,57
Antonio Portales,CB,28,65,61,68,63,67,76,64
Dmytro Pospelov,CB,32,65,59,65,62,57,71,65
Rico Preißinger,CDM,28,65,68,90,63,66,74,61
Tim Prica,ST,22,65,75,70,63,71,71,58
Andrew Privett,CB,24,65,64,66,65,62,70,58
Maximilian Pronichev,CAM,26,65,73,52,64,68,73,68
Damián Puebla,CAM,21,65,69,32,66,69,59,64
Gustavo Puerta,CM,21,65,65,66,66,64,56,65
Rubén Pulido,CB,24,65,59,67,62,73,69,61
Teo Quintero,CB,25,65,67,70,59,59,68,49
Jairo Quinteros,CB,23,65,64,68,58,63,69,61
Victorio Ramis,ST,30,65,71,67,63,67,68,59
Calvin Ramsay,RB,21,65,78,71,62,74,61,63
Ryan Raposo,LM,25,65,65,60,65,72,48,55
Mathias Hebo Rasmussen,CM,29,65,37,69,65,52,72,62
Christian Rasmussen,RW,21,65,82,60,60,86,67,62
Louis Reed,CDM,27,65,65,81,65,62,58,58
Eliano Reijnders,LM,23,65,69,71,64,87,34,60
Boyd Reith,RB,25,65,69,71,65,70,59,63
Rim Chang Woo,CB,32,65,74,78,62,77,74,64
Hugo Rincón,RB,21,65,75,71,57,75,65,61
Jonathan Ring,RW,32,65,75,70,66,78,70,62
Daniel Ríos,ST,29,65,51,56,59,45,75,55
Lautaro Ríos,CM,23,65,63,64,65,64,57,66
Renné Rivas,LB,21,65,69,65,66,71,72,52
Cristian Riveros,CM,41,65,30,52,70,32,63,67
Calogero Rizzuto,RB,32,65,66,81,59,80,67,63
Jordan Roberts,CAM,30,65,81,81,63,80,67,63
Clark Robertson,CB,31,65,57,59,54,52,75,63
Carlos Roca,LB,27,65,81,80,60,83,70,57
Antoniu Roca,LM,22,65,81,66,62,83,55,59
Mikael Doka,RM,24,65,73,71,61,73,55,52
Tiago Reis,ST,25,65,65,58,55,68,60,65
Ignacio Agustín Rodríguez,CM,22,65,60,72,68,69,44,66
Derlis Rodríguez,RM,26,65,73,73,61,73,62,48
Francisco Rodríguez,LB,30,65,72,82,57,73,77,63
Gregorio Rodríguez,RM,24,65,69,60,62,66,56,54
Álvaro,ST,20,65,68,55,66,67,64,62
Genaro,CDM,26,65,57,61,66,56,63,62
Godfried Roemeratoe,CDM,25,65,63,74,65,64,71,63
Franz Roggow,CDM,22,65,61,73,68,61,65,58
Nazareno Romero,LB,24,65,81,72,59,83,54,60
Matías Romero,CM,28,65,72,75,66,69,61,67
Bruno Romo,CB,35,65,41,62,55,43,87,61
Ruben Roosken,LB,24,65,77,78,57,82,58,59
Maurides,ST,30,65,47,62,66,46,85,59
Yilson Rosales,RB,23,65,75,68,54,70,59,64
Lasse Rosenboom,RB,22,65,74,61,64,59,68,67
Otto Rosengren,CM,21,65,65,86,64,71,48,62
Jean Pierre Rosso,CM,27,65,70,69,70,73,59,61
Paolo Rozzio,CB,32,65,60,54,52,61,71,65
Thomas Sabitzer,ST,23,65,75,73,62,77,69,62
Driess Saddiki,CDM,28,65,77,83,62,74,72,60
Daniel Saggiomo,CAM,26,65,69,64,66,67,59,59
Andrés Salazar,LB,21,65,73,80,63,75,60,55
Leonardo Saldaña,LB,34,65,75,62,58,76,48,62
Oscar Salomón,CB,25,65,59,68,60,50,75,58
Zine,ST,22,65,88,68,61,87,61,61
Cris Salvador,CM,29,65,61,74,67,59,79,61
Alejandro Samudio,LM,25,65,72,61,62,70,57,49
Lucas Sanabria,CM,25,65,66,67,69,69,58,65
Renzo Sanchez,RW,20,65,75,54,61,79,59,59
Luis Sánchez,CAM,23,65,70,74,61,64,66,68
Manu Sánchez,RB,28,65,67,59,65,65,58,64
Cisse Sandra,CM,20,65,68,89,65,68,71,65
Sadibou Sané,CB,20,65,69,62,46,65,75,58
Opa Sangante,CB,33,65,49,72,64,57,81,59
Thomas Santos,RW,25,65,87,78,61,84,66,62
Rafael Santos,CB,26,65,64,60,61,55,71,73
Bruno Leite,CM,29,65,68,73,67,69,67,65
Álvaro Sanz,CM,23,65,51,47,68,56,47,68
Mamadou Sarr,CB,19,65,68,60,63,54,74,62
Widen Saucedo,RB,27,65,72,61,63,74,70,63
Christian Saydee,ST,22,65,74,71,62,76,90,63
Dominik Schad,RB,27,65,74,78,60,78,59,59
Simon Scherder,CB,31,65,67,54,57,34,83,61
Derry Scherhant,LM,21,65,82,66,63,73,61,58
Marco Schikora,CDM,29,65,75,87,65,83,71,62
Patrick Schmidt,ST,31,65,56,80,46,63,80,63
Szabolcs Schön,LB,23,65,82,73,64,80,51,66
Sam Schreck,CM,25,65,61,83,67,67,46,65
Jorg Schreuders,RM,20,65,70,71,65,65,63,63
Eduardo Brock,CB,32,65,53,54,45,59,85,50
Christopher Scott,CAM,22,65,77,62,60,80,40,63
Sean Seitz,LM,22,65,74,71,58,75,52,61
Alessandro Sersanti,CM,22,65,77,75,70,76,65,63
Nicolás Sessa,CAM,28,65,77,79,65,76,42,59
Steven Sessegnon,RB,24,65,75,66,64,77,60,64
Liam Shaw,CM,23,65,66,80,68,70,70,62
Sam Sherring,CB,24,65,74,70,60,80,79,62
Jordan Shipley,LB,26,65,66,73,67,64,66,64
Nicklas Shipnoski,RM,26,65,71,72,63,81,56,63
Arne Sicker,LB,27,65,77,66,59,90,51,58
Kyrylo Sigeev,CM,20,65,63,64,71,61,59,65
Rúnar Þór Sigurgeirsson,LB,24,65,69,75,60,66,63,61
Luís Silva,LB,25,65,68,35,59,70,72,63
Teles,CDM,27,65,76,80,66,74,59,64
Fábio Nunes,RW,32,65,75,76,62,77,66,66
Samuel Silvera,LM,23,65,71,71,60,75,53,56
Sim Sang Min,LB,31,65,75,84,62,77,66,58
Gabriel Simion,CDM,26,65,76,76,63,76,73,64
Jack Simpson,CB,27,65,51,41,61,50,78,62
Ayanda Sishuba,CAM,19,65,67,44,61,76,34,61
Fredrik Sjølstad,CB,30,65,63,71,64,67,71,65
Fredrik Sjøvold,RB,21,65,66,78,64,68,53,62
Callum Slattery,CM,25,65,67,75,68,69,73,54
Levi Smans,CAM,21,65,69,65,66,71,55,57
Jonny Smith,RM,27,65,84,66,60,83,33,59
Emran Soglo,LM,19,65,73,50,65,75,48,64
Patrick Soko,RM,26,65,87,68,51,86,72,55
Patryk Sokołowski,CM,29,65,60,82,67,62,71,66
Cristhian Solano,LM,25,65,76,62,59,75,55,57
Julio Soler,LB,19,65,83,60,51,80,55,54
Joachim Soltvedt,LB,29,65,68,74,60,70,61,58
Sven Sonnenberg,CB,25,65,59,70,59,45,82,58
Ruel Sotiriou,ST,24,65,83,84,58,83,59,60
Almir Soto,CM,30,65,58,79,65,53,71,65
Moussa Soumano,ST,19,65,76,63,58,74,70,63
Jack Sparkes,LB,23,65,69,78,61,72,57,59
Sven Sprangler,CM,29,65,66,75,66,65,71,60
Adam Ståhl,LB,29,65,77,74,63,73,72,62
Florin Ștefan,LB,28,65,77,71,61,72,69,59
Halldor Stenevik,RW,24,65,76,79,63,78,64,60
Jonas Sterner,RB,22,65,82,68,65,77,58,58
Mihailo Stevanovic,CDM,22,65,72,72,71,70,74,60
Nikola Stevanović,CB,26,65,50,59,44,53,81,59
Layton Stewart,ST,22,65,71,58,57,75,56,62
Michel Stöcker,LB,25,65,64,81,59,63,59,62
Cole Stockton,ST,30,65,67,80,55,63,81,65
Ionuț Stoica,CB,36,65,52,71,55,34,84,60
Finn Stokkers,ST,28,65,60,74,54,67,77,62
Simon Strand,LB,31,65,82,81,58,79,67,58
Simon Straudi,RB,25,65,68,56,64,72,68,65
Philipp Strompf,CB,26,65,61,63,53,45,86,57
Elliot Stroud,LB,22,65,73,70,63,76,58,61
Álex Cardero,LM,21,65,71,56,66,73,42,57
Manuel Sulbarán,LM,21,65,79,58,65,74,38,58
Franck Surdez,LM,22,65,78,61,52,74,47,50
Zak Swanson,RB,23,65,71,63,65,73,64,60
Dan Sweeney,CB,30,65,53,71,60,46,80,62
Przemysław Szymiński,CB,30,65,66,72,58,70,75,59
Jesper Taaje,CB,26,65,65,72,57,61,86,59
Nkosi Tafari,CB,27,65,49,73,62,67,81,64
Harald Nilsen Tangen,CAM,23,65,73,76,63,76,66,58
Ollie Tanner,RM,22,65,73,60,64,76,55,60
Abdoul Fessal Tapsoba,ST,23,65,83,59,63,84,56,52
David Justin Taylor,RB,27,65,70,69,58,70,75,64
Terry Taylor,CDM,23,65,60,64,64,56,67,62
Connor Taylor,CB,22,65,52,71,59,63,79,60
Ryan Teague,CDM,22,65,52,70,65,64,78,64
Cedric Teguía,LM,22,65,79,75,62,81,74,60
Kay Tejan,ST,27,65,68,71,62,67,95,58
Tesfaldet Tekie,CM,27,65,76,78,65,77,43,68
Tonio Teklić,CAM,25,65,81,62,64,81,63,62
Jordan Tell,ST,27,65,52,62,67,66,68,64
Søren Tengstedt,CAM,24,65,52,62,64,77,73,64
Jano ter Horst,RB,22,65,70,70,58,69,68,64
Carlos Terán,CB,23,65,70,62,55,67,79,54
Andrea Tessiore,CAM,24,65,75,67,68,78,59,61
Pascal Testroet,ST,33,65,70,72,60,54,80,65
Jordan Thorniley,CB,27,65,57,65,63,61,73,62
Samson Okikiola Tijani,CM,22,65,68,70,67,76,68,68
Yacine Titraoui,CM,21,65,65,60,69,70,50,60
Vinícius Tobías,RB,20,65,72,66,58,70,64,64
Logi Tómasson,LB,24,65,79,78,62,81,73,60
Diego Tonetto,LM,35,65,64,53,62,67,47,59
Kristoffer Tønnessen,LB,26,65,71,74,63,74,68,61
Vicente Emanuel Torres,CDM,22,65,66,73,68,64,64,56
Andrés Torrico,RM,20,65,70,60,63,72,58,60
Saikou Touray,CM,24,65,63,71,71,68,66,61
Ibou Touray,LB,29,65,85,89,56,82,61,56
Yoann Touzghar,ST,37,65,67,58,67,56,71,63
Jacob Trenskow,RW,23,65,68,52,62,64,39,61
Kai Trewin,CB,23,65,68,85,62,64,78,64
Nectarios Triantis,CB,21,65,52,63,58,63,69,66
Simone Trimboli,CDM,22,65,57,60,71,65,60,65
Miłosz Trojak,CB,30,65,54,72,63,53,80,66
Antef Tsoungui,CB,21,65,74,54,59,71,76,59
Ryotaro Tsunoda,CB,25,65,55,56,61,64,56,66
Bill Tuiloma,CB,29,65,64,68,68,59,80,60
Oliver Turton,RB,31,65,67,70,64,67,69,62
Alexander Ruud Tveter,ST,33,65,51,66,59,49,83,61
Chrisantus Uche,CDM,21,65,68,76,65,63,80,64
Daniel Udoh,ST,28,65,81,82,58,82,81,62
Osaze Urhoghide,CB,24,65,80,67,56,71,76,65
Santeri Väänänen,CDM,22,65,73,73,65,75,59,62
Pablo Vaca,CB,22,65,75,62,65,70,58,65
Esteban Valencia,CM,25,65,70,79,68,68,67,57
Jhojan Valencia,CDM,28,65,68,69,72,70,58,60
Tito Valencia,RB,33,65,78,76,60,75,62,60
Luciano Valente,LM,20,65,65,56,67,49,63,64
Rúben Ismael,CDM,25,65,63,70,67,64,67,62
Zarek Valentin,RB,33,65,67,66,58,65,65,60
Enrico Valentini,RB,35,65,42,67,64,65,68,66
Gustavo Vallecilla,CB,25,65,57,66,50,68,81,65
Amourricho van Axel Dongen,LW,19,65,81,55,54,82,65,56
Thom van Bergen,ST,20,65,78,46,59,76,49,63
Benjamin Van Durmen,LM,27,65,64,78,68,60,72,64
Syb van Ottele,CB,22,65,64,65,58,62,75,65
Terence Vancooten,CB,26,65,70,73,58,70,77,63
Kevin Varga,LM,28,65,83,61,62,81,56,63
Marco Varnier,CB,26,65,68,61,65,59,74,55
Nikola Vasic,ST,32,65,63,58,61,56,89,62
Kyle Vassell,ST,31,65,75,68,54,75,83,59
Rocco Vata,RW,19,65,82,55,57,89,51,60
Niklas Vesterlund,RB,25,65,71,78,61,73,74,57
David Villalba,CB,33,65,66,70,58,59,71,67
Gabriel Villamíl,CM,23,65,71,65,72,71,39,50
Ionuț Vînă,CM,29,65,71,80,63,74,64,65
Rémy Vita,LB,23,65,64,65,66,73,40,63
Janus Vivar,LW,26,65,80,80,57,80,72,66
Ștefan Vlădoiu,RB,25,65,82,67,61,80,63,60
Thibault Vlietinck,RM,27,65,75,56,65,70,60,61
Albion Vrenezi,CAM,30,65,77,82,65,82,48,63
Niko Vukancic,CB,22,65,53,64,65,55,72,62
Dennis Waidner,RB,23,65,68,78,57,69,52,64
Tyler Walker,ST,27,65,76,60,59,74,61,63
Leo Walta,CM,21,65,65,67,69,73,58,62
Wang Jinxian,LM,28,65,79,75,58,84,62,66
Wang Shenchao,RB,35,65,68,86,60,73,66,57
Wang Zhen'ao,RB,25,65,76,78,51,77,40,65
Danny Ward,ST,33,65,58,72,64,67,67,64
Magnus Warming,LW,24,65,71,52,60,79,52,61
Lewis Warrington,CDM,21,65,67,73,69,65,62,57
Conor Washington,ST,32,65,74,70,60,74,70,64
Kjell Wätjen,CM,18,65,68,65,72,76,53,62
Marley Watkins,ST,33,65,77,69,63,68,66,64
David Watson,CM,19,65,64,78,64,55,56,68
Elliot Watt,CDM,24,65,67,86,66,67,56,62
Kelland Watts,CB,24,65,58,61,61,66,76,62
Marcel Wędrychowski,RM,22,65,79,59,68,79,45,60
Jonas Weik,LB,24,65,70,74,68,79,45,59
Mallik Wilks,RM,25,65,82,68,58,85,72,58
Jay Williams,CDM,23,65,66,81,63,68,81,61
Rhys Williams,CB,23,65,66,51,64,62,73,62
Carl Winchester,CM,31,65,72,88,68,74,71,58
Piotr Wlazło,CM,35,65,48,70,72,38,70,64
Maxwell Woledzi,CB,23,65,71,58,62,65,77,57
Tyler Wolff,LM,21,65,73,60,72,71,67,52
Maximilian Wolfram,ST,27,65,75,73,63,70,71,61
Kyle Wootton,ST,27,65,69,80,55,66,86,63
Marius Wörl,CDM,20,65,63,80,67,66,59,62
Joe Wright,CB,29,65,35,68,56,41,84,59
Jannes Wulff,CAM,25,65,64,80,63,75,67,67
Antal Yaakobishvili,CB,20,65,66,60,68,65,76,64
Rihito Yamamoto,CDM,22,65,65,67,68,65,56,60
Ye Chugui,LM,30,65,79,79,61,75,61,57
Yeon Je Woon,CB,30,65,70,72,62,67,75,57
Kuki Zalazar,RM,26,65,53,38,70,63,32,56
Kevin Zeroli,CM,19,65,67,67,68,69,52,62
Georgiy Zhukov,CM,29,65,74,89,65,77,69,63
Bernhard Zimmermann,ST,22,65,71,80,60,73,77,55
Diego Živulić,CDM,32,65,60,73,63,60,79,64
Kévin Zohi,ST,27,65,80,68,64,77,63,56
Adam Zreľák,ST,30,65,54,65,55,48,81,65
Dejan Zukić,CAM,23,65,70,67,67,72,57,58
Joël Zwarts,ST,25,65,75,66,54,78,80,62
Mateusz Żyro,CB,25,65,72,78,57,70,81,62
Haitam Abaida El Achhab,LM,22,64,78,45,61,83,39,51
Mohammed Abbas,CM,21,64,63,61,68,68,49,67
Hakim Abdallah,ST,26,64,76,83,61,78,85,58
Suleiman Abdullahi,ST,27,64,68,38,60,67,84,53
Samuel Abifade,LM,24,64,85,69,57,82,76,59
Asumah Abubakar,ST,27,64,83,65,58,80,63,58
Kevin Ackermann,CM,23,64,59,74,64,61,82,65
Diego Acosta,ST,21,64,65,59,39,62,40,60
Abdulfatah Adam,ST,29,64,74,60,57,79,67,53
Tayo Adaramola,LB,20,64,80,59,53,85,54,62
Jonas Adjetey,CB,20,64,69,63,64,72,70,66
Albert Adomah,RM,36,64,63,49,64,67,60,62
Sergio Adrián,CM,28,64,71,83,65,66,66,70
Adnan Aganović,CM,36,64,54,65,72,60,62,60
Dan Agyei,ST,27,64,83,76,53,79,79,58
Ali Ahmed,CM,23,64,75,67,66,75,62,60
Ange Ahoussou,CB,20,64,62,58,52,60,72,56
Jack Aitchison,CAM,24,64,82,64,63,81,42,64
Ahmed Al Ghamdi,LM,22,64,83,59,60,84,58,58
Abdullah Al Hafith,CB,31,64,32,69,63,31,78,56
Nader Al Sharari,CB,28,64,79,70,60,61,78,58
Francisco Alarcón,CB,34,64,46,68,45,42,85,54
Agustín Albarracín,LW,19,64,67,67,57,62,49,56
Tom Aldred,CB,34,64,39,79,55,32,88,61
Kerim Alıcı,RB,27,64,73,63,62,71,61,52
Noah Allen,LB,20,64,78,63,51,79,65,50
Romeo Amane,CM,21,64,79,82,66,82,61,62
Mustafa Amini,CM,31,64,48,63,67,62,71,63
Youssef Amyn,CAM,21,64,67,66,62,83,32,63
Costin Amzăr,LB,21,64,90,82,59,93,56,57
Eirik Ulland Andersen,LW,31,64,64,61,65,62,57,65
Bruce Anderson,ST,25,64,75,65,57,80,62,63
Jorge Andia,CDM,36,64,49,78,66,58,70,62
Chuks Aneke,ST,31,64,56,53,60,49,92,61
Louis Appéré,ST,25,64,80,83,62,82,83,62
Arvin Appiah,LM,23,64,90,46,54,91,38,51
Ricard Artero,CAM,21,64,65,63,66,72,57,58
Jonas Arweiler,ST,27,64,55,57,56,54,79,65
Mauricio Asenjo,ST,30,64,61,71,44,54,72,64
Josh Atencio,CDM,22,64,65,67,61,63,80,63
Jonathan Augustinsson,LB,28,64,70,69,64,68,74,54
Jorge Teixeira,CB,38,64,32,51,59,33,79,58
Mahamadou Ba,CDM,24,64,71,63,66,72,60,58
Juraj Badelj,CB,21,64,70,51,52,71,77,55
Bilal Bafdili,CAM,20,64,68,51,68,79,35,47
Owen Bailey,CDM,25,64,61,90,62,62,74,61
Agustín Baldi,CDM,22,64,53,47,70,53,73,60
Jack Baldwin,CB,31,64,61,72,59,53,75,60
Samuel Ballet,RM,23,64,77,67,59,79,80,53
Samuel Bamba,LM,20,64,77,53,64,84,44,58
Nahuel Banegas,LB,27,64,71,71,58,65,72,60
Jaydon Banel,LW,19,64,79,54,62,80,51,58
Víctor Barberá,ST,20,64,79,60,64,86,54,64
Nir Bardea,CB,28,64,56,64,58,55,78,56
Gabriel Barès,CM,24,64,60,68,69,61,67,60
Óscar Barreto,CM,31,64,73,68,68,65,52,55
Hamza Barry,CM,29,64,65,70,64,59,58,64
Ethan Bartlow,CB,24,64,60,70,54,64,74,68
Mateusz Bartolewski,LB,26,64,77,66,62,78,65,58
Marek Bartoš,CB,27,64,62,62,58,62,68,63
Anthony Barylla,CB,27,64,68,83,63,71,77,65
Gilberto,CB,20,64,62,70,65,63,73,49
Mika Baur,CAM,20,64,65,54,69,67,56,48
Tanner Beason,CB,27,64,65,70,58,54,77,59
Franco Bechtholdt,CB,31,64,54,73,67,52,69,59
Dominik Becker,CB,24,64,73,59,59,61,72,60
Niccoló Belloni,LM,30,64,72,62,64,70,59,63
Nadhir Benbouali,ST,24,64,70,57,64,55,81,58
Ben Bender,CAM,23,64,69,70,69,65,55,57
Alexandru Benga,CB,35,64,67,74,52,56,86,56
Mal Benning,LB,30,64,72,72,60,73,63,61
Mahmoud Bentayg,LB,24,64,66,67,62,58,60,63
Viktor Bergh,LB,25,64,74,69,60,76,55,60
Álex Bernal,CM,33,64,65,64,66,67,67,62
Miguel Berry,ST,26,64,71,63,58,68,73,60
Mohamed Berte,LW,22,64,79,53,61,86,60,58
Paul-Philipp Besong,ST,23,64,82,49,54,74,81,60
Kian Best,LB,19,64,67,67,67,61,61,63
Davide Bettella,CB,24,64,51,33,58,50,63,62
Rahul Bheke,RB,33,64,60,75,55,62,77,62
Clément Billemaz,LM,25,64,82,57,60,80,59,47
Kristian Bilovar,CB,23,64,71,64,52,60,74,59
Hendry Blank,CB,20,64,69,52,54,65,73,59
Malachi Boateng,CDM,22,64,65,72,65,54,68,62
Tomáš Bobček,ST,23,64,67,69,57,72,77,55
Matija Boben,CB,30,64,47,65,56,49,82,60
Mateusz Bochnak,RM,26,64,75,77,56,70,57,63
Melayro Bogarde,CDM,22,64,60,66,63,60,59,62
Lamare Bogarde,CDM,20,64,63,59,65,65,75,59
Adama Bojang,ST,20,64,65,52,56,59,61,61
Agustín Bolivar,CDM,28,64,56,54,67,67,64,65
James Bolton,CB,30,64,69,73,61,75,74,59
Luke Bolton,RB,24,64,82,80,60,84,62,60
André Boman,RB,22,64,79,75,64,80,62,62
Elliot Bonds,CDM,24,64,68,71,63,61,76,58
Yvandro Borges Sanches,LM,20,64,78,64,67,75,50,53
Enrique Borja,ST,29,64,69,54,51,67,82,59
Dennis Borkowski,ST,22,64,70,69,55,74,62,60
Yassine Bouchama,CAM,27,64,64,55,66,71,64,64
Abdelrahman Boudah,LW,25,64,72,67,61,73,65,66
Jordan Bowery,RB,33,64,88,82,57,77,80,60
Kieron Bowie,ST,21,64,75,74,58,75,83,62
Caolán Boyd-Munce,CM,24,64,62,74,65,60,59,64
William Boyle,CB,29,64,46,70,58,45,84,60
Alessio Brambilla,CDM,23,64,65,68,71,60,69,52
Oliver Braude,RB,20,64,65,82,68,68,51,57
Zachary Brault-Guillard,RM,25,64,90,71,59,85,68,53
Pedro Bravo,CM,19,64,73,74,62,70,60,68
Enrico Brignola,RM,25,64,71,54,62,83,58,58
Joshua Brillante,CDM,31,64,43,91,60,52,82,60
Ethan Bristow,LB,22,64,82,88,57,81,70,56
Bennit Bröger,CAM,18,64,62,54,66,70,37,58
Ryan Broom,CM,28,64,81,81,65,86,59,63
James Brophy,LM,30,64,89,84,58,82,66,57
Jevani Brown,ST,29,64,79,70,62,80,70,60
Jordan Brown,CDM,23,64,66,81,62,66,69,62
Lewis Brunt,CB,23,64,73,76,61,81,72,61
Omar Bugiel,ST,30,64,68,77,58,65,87,59
Teal Bunbury,ST,34,64,68,60,63,66,80,55
Finley Burns,CDM,21,64,61,66,65,55,70,64
Marco Bustos,RM,28,64,68,63,63,71,49,61
Elvis Bwomono,RB,25,64,82,82,55,81,66,56
Byeon Jun Soo,CB,22,64,80,85,53,78,82,51
Gustavo Caballero,RM,22,64,75,63,60,73,66,55
Diego Caballo,LB,30,64,72,75,61,72,58,57
Catriel Cabellos,CM,20,64,65,65,68,69,44,68
Kévin Cabral,LM,25,64,85,62,61,84,63,56
Jefferson Caicedo,LM,29,64,73,34,64,77,64,63
Álex Calatrava,RM,24,64,73,64,58,74,44,58
Calavera,CM,24,64,64,69,67,63,65,59
Diego Calcaterra,CB,23,64,51,61,54,51,76,57
Drissa Camara,RM,22,64,65,62,67,65,57,58
Cole Campbell,RM,18,64,68,52,63,78,36,57
Andy Cannon,CM,28,64,66,71,66,75,61,65
Alexis Cantero,LB,21,64,77,70,63,74,64,58
Marko Capan,CM,20,64,58,65,72,61,62,54
Capita,LW,22,64,74,64,56,76,38,63
Pedro Capó,CB,33,64,69,75,66,69,69,64
Franco Carboni,LB,21,64,61,75,60,63,67,61
Baily Cargill,CB,29,64,64,79,58,67,82,61
Jonas Carls,LB,27,64,82,79,61,83,46,62
Frederik Carlsen,CM,22,64,75,68,68,68,69,63
Wikelman Carmona,RM,21,64,78,61,60,82,59,49
Hussein Carneil,LW,21,64,69,53,68,70,51,54
Luis Casiani,RB,23,64,75,73,61,70,63,64
Tommaso Cassandro,RB,24,64,63,63,64,62,65,58
Santiago Castañeda,CM,19,64,69,61,69,72,60,66
Henrik Castegren,CB,28,64,60,53,59,51,77,60
Marco Jair Castillo,RM,27,64,78,70,62,80,66,52
Luis Armando Castro,CM,28,64,57,55,69,62,62,63
Tomás Castro Ponce,CAM,23,64,66,63,70,68,70,59
Javi Castro,CB,24,64,66,74,60,62,67,60
Bruno Jordão,CM,25,64,64,58,69,67,62,64
Daniel Celea,CB,29,64,54,69,45,53,76,61
Jurgen Çelhaka,CM,23,64,64,80,68,64,61,60
Rodrigo Chagas,RW,21,64,75,70,66,75,60,62
Luke Chambers,LB,20,64,62,65,63,69,60,63
Felipe Chamorro,CAM,23,64,67,71,70,67,60,56
Justin Che,RB,20,64,73,62,61,74,65,62
Chi Zhongguo,CM,34,64,74,86,67,69,58,61
Fabio Chiarodia,CB,19,64,67,53,59,64,68,63
Andrei Chindriș,CB,25,64,63,70,58,62,78,61
Gu Choi,CB,26,64,51,64,52,50,73,62
Ben Chrisene,LB,20,64,72,66,64,71,62,62
Peter Buch Christiansen,RW,24,64,76,66,58,80,62,63
Sander Christiansen,LB,23,64,60,62,66,66,60,61
Luciano Cingolani,RW,23,64,78,62,57,82,34,56
Moustapha Cissé,ST,21,64,74,58,57,81,58,63
Alphadjo Cissè,CAM,17,64,73,54,64,81,53,56
Tim Civeja,CM,22,64,65,72,65,66,63,62
Nicky Clark,ST,33,64,66,69,64,68,60,61
Daniel Cleary,CB,28,64,52,72,60,53,76,58
Jack Clisby,LB,32,64,56,82,60,67,70,58
Josh Coburn,ST,21,64,60,67,57,56,80,65
Ibrahima Conté,CB,28,64,37,72,57,62,91,51
Brandon Cooper,CB,24,64,57,67,55,53,75,60
Rezan Corlu,CAM,27,64,76,58,64,80,57,62
Leo Cornic,RB,23,64,78,72,60,77,55,57
Barry Cotter,RB,25,64,85,77,61,81,70,57
Jordan Courtney-Perkins,LB,21,64,75,71,59,69,80,59
Jordan Cousins,CDM,30,64,70,70,63,68,67,65
Artur Craciun,CB,26,64,60,62,57,61,70,68
Michael Craig,CDM,21,64,60,72,63,57,57,60
Jack Currie,LB,22,64,73,80,54,80,50,55
Ronan Curtis,LM,28,64,75,76,57,73,68,56
Pierre Da Silva,LM,26,64,68,64,63,72,58,66
Beto da Silva,ST,27,64,68,30,62,72,58,56
Jasper Dahlhaus,LM,22,64,74,65,61,72,57,61
Muhammed Damar,CAM,20,64,68,50,66,60,58,59
Florian Thomas Danho,ST,24,64,54,53,57,50,92,69
Nicolás Dávila,CM,28,64,64,60,67,64,55,65
Yann-Erik de Lanlay,CM,32,64,84,76,63,80,61,61
Bruno Oliveira,CB,28,64,64,62,56,60,74,61
Mathías De Ritis,LB,21,64,56,67,62,66,64,50
Francis de Vries,LB,29,64,66,74,63,62,78,57
Max Dean,ST,20,64,69,66,59,71,63,63
Harlee Dean,CB,33,64,49,60,61,49,77,61
Patrickson Delgado,CM,20,64,62,75,66,56,60,64
Cheick Diabaté,CB,22,64,72,63,58,70,83,61
Souleymane Diaby,LB,24,64,70,73,57,70,59,53
Mamadou Diakhon,RM,18,64,74,49,59,77,47,63
Ibrahim Diakité,RB,20,64,76,71,58,78,63,53
Jack Diamond,LW,24,64,86,72,56,91,55,59
Junior Diaz,CB,21,64,81,44,60,73,69,54
Leandro Díaz,LB,25,64,73,72,63,75,48,56
Finn Jesper Dicke,CDM,20,64,59,63,63,61,61,58
Florian Dietz,ST,26,64,74,61,58,72,78,63
Paul Digby,CDM,29,64,40,81,63,45,84,62
Noah Diliberto,CM,23,64,67,62,70,68,48,62
Ding Haifeng,LB,33,64,76,73,60,84,63,60
Mouhamed Diop,CM,23,64,68,67,66,70,57,66
Maximilian Dittgen,ST,29,64,72,79,60,81,70,64
Elijah Dixon-Bonner,CM,23,64,59,63,68,62,57,60
Alexis Domínguez,ST,27,64,56,64,63,65,80,63
Francesco Donati,RB,23,64,70,71,64,70,61,67
Kyliane Dong,RM,19,64,68,57,58,75,45,64
Jamie Donley,CAM,19,64,65,54,65,68,60,60
Liam Donnelly,CM,28,64,53,68,66,66,68,62
Patrick Dorgu,LB,19,64,80,63,56,75,34,61
Jeriel Dorsett,CB,22,64,74,76,55,67,80,56
Griffin Dorsey,RB,25,64,76,71,63,75,65,68
Renato Júnior,ST,22,64,64,54,58,65,80,58
Moussa Doumbouya,ST,26,64,73,71,57,76,75,58
Miloš Drinčić,CB,25,64,56,64,53,49,83,54
Moyita,CAM,32,64,71,68,64,74,57,59
Andrei Dumiter,ST,25,64,80,72,59,83,64,60
Lucian Dumitriu,CM,31,64,74,76,68,70,68,64
Jakob Maslø Dunsby,RW,24,64,78,82,61,78,55,56
Luca Dürholtz,CM,31,64,63,75,67,65,54,67
Dylan Durivaux,RB,23,64,87,83,58,83,69,51
George Earthy,CAM,20,64,67,58,66,67,44,59
Tom Eaves,ST,32,64,49,61,54,48,88,62
Michael Eberwein,CAM,28,64,76,76,64,65,79,62
Eskil Edh,RB,22,64,81,72,58,79,59,57
Rarmani Edmonds-Green,CB,25,64,66,68,60,70,74,63
Tayo Edun,LB,26,64,73,75,60,75,59,64
Curtis Edwards,CM,30,64,47,73,65,47,62,63
Tom Edwards,RB,25,64,53,67,63,57,75,61
Ryan Edwards,CB,30,64,39,65,55,50,80,60
Malamine Efekele,RM,20,64,88,50,57,83,49,57
Egiluz,CB,22,64,55,62,61,53,76,61
Kelvin Ehibhatiomhan,ST,21,64,76,54,55,73,77,60
Kevin Ehlers,CB,23,64,63,62,63,63,77,61
Thomas Eisfeld,CM,31,64,57,65,67,67,59,65
Mourad Daoudi El Ghezouani,ST,26,64,52,65,68,50,82,63
Hamza El Kaouakibi,RB,26,64,70,71,58,67,68,56
Rodney Elongo-Yombo,ST,23,64,81,72,62,77,75,65
Xian Emmers,CM,25,64,69,71,68,72,62,63
Ramón Enríquez,CM,23,64,66,73,66,66,61,63
Anton Eriksson,CB,24,64,55,63,64,53,72,65
Carlos Niño Espínola,RB,24,64,80,80,60,75,60,50
Romain Esse,RM,19,64,70,53,60,77,57,60
João Tomé,RB,21,64,67,61,61,72,67,57
Pascal Estrada,CB,22,64,57,62,60,63,73,62
Sultan Farhan,CDM,27,64,65,80,61,60,77,54
Ángel Faría,RB,41,64,61,57,61,71,59,66
Chico Lamba,CB,21,64,67,68,59,64,74,60
Priestley Farquharson,CB,27,64,62,66,49,65,90,59
Costantino Favasuli,CM,20,64,59,53,67,63,52,67
Morgan Feeney,CB,25,64,63,73,49,70,84,56
Kevin Felida,CDM,24,64,65,69,65,63,66,58
Joel Felix,CB,26,64,51,68,63,48,74,50
Nicolás Fernández,LB,22,64,58,61,63,56,77,60
Gustavo Fernández,ST,34,64,71,69,60,67,59,76
Brian Ferrares,CB,24,64,62,65,54,60,63,56
Nacho Ferri,ST,19,64,68,54,60,70,77,55
Jayden Fevrier,RW,21,64,91,82,54,90,81,60
Sebastián Figueredo,RB,23,64,75,71,58,66,59,53
Bradley Fink,ST,21,64,75,73,57,70,83,59
Lewis Fiorini,CM,22,64,64,75,65,71,52,63
Jack Fitzwater,CB,26,64,60,67,57,70,71,66
Tom Flanagan,CB,32,64,39,70,53,47,79,59
Brandon Fleming,LB,24,64,73,62,60,74,54,59
Josh Flint,CB,23,64,79,68,66,71,65,57
Francisco Flores,CB,22,64,67,84,72,66,71,59
Mariusz Fornalczyk,RM,21,64,87,66,54,90,47,48
Ian Forns,LB,20,64,83,66,62,82,57,59
Will Forrester,CB,23,64,54,68,62,59,76,61
Jake Forster-Caskey,CM,30,64,57,59,66,67,65,64
Antonio Foti,CAM,20,64,66,63,64,70,52,63
Guillaume François,RB,34,64,55,59,62,66,64,61
Ivan Franjic,CAM,27,64,68,62,66,69,58,61
Liam Fraser,CDM,26,64,62,64,64,58,78,55
Nick Freeman,CM,28,64,70,70,66,72,60,64
Lewis Freestone,CB,24,64,75,71,56,74,77,60
James Furlong,LB,22,64,64,51,64,70,53,63
Ethan Galbraith,CAM,23,64,69,73,64,75,53,63
Jon Gallagher,RB,28,64,82,79,61,74,57,62
Braian Galván,RM,23,64,76,60,62,82,56,56
Marco Gantschnig,CB,26,64,54,59,65,55,64,63
Matthew Garbett,CAM,22,64,72,72,64,74,64,61
Luke Garbutt,LB,31,64,66,65,61,68,63,61
Naim García,RM,22,64,61,59,65,59,51,50
Timur Gayret,CAM,26,64,67,63,64,71,55,67
Simon Gefvert,RB,27,64,79,76,62,76,63,61
Gelardo,CM,22,64,64,63,68,64,57,58
Georgie Gent,LB,20,64,86,71,59,84,49,59
Tyrique George,LM,18,64,80,60,60,82,50,52
Alberto Gerbo,CM,34,64,79,75,63,76,54,60
Alex Gersbach,LB,27,64,81,77,56,83,76,57
Thomas Geyer,CB,33,64,67,70,59,65,67,63
Ion Gheorghe,LM,24,64,81,76,61,87,53,54
Óscar Gil,CB,29,64,44,64,61,48,67,62
Néstor Giménez,LB,27,64,76,58,63,65,62,64
Andrea Giorgini,CB,22,64,66,69,61,49,82,56
Edvinas Girdvainis,CB,31,64,55,66,63,53,81,63
Ian Glavinovich,CB,22,64,62,63,62,65,62,51
Michael Glück,CB,21,64,61,60,59,64,73,59
Marcus Godinho,LB,27,64,75,68,58,75,69,60
Fernando Godoy,CM,34,64,64,70,71,50,63,63
Alan Godoy,ST,21,64,72,66,54,76,62,59
Udoka Godwin-Malife,CB,24,64,81,80,58,80,76,61
Alex Gogić,CB,30,64,54,76,58,36,79,59
Nicolás Goitea,CB,27,64,55,61,62,60,63,56
Luka Gojković,CAM,24,64,70,61,66,68,57,57
Julian Gölles,RB,24,64,79,56,60,68,80,60
David Tavares,CM,25,64,70,68,65,75,77,70
Erick Gonzáles,CDM,28,64,59,70,66,59,72,58
Brian González,RM,25,64,75,58,56,75,54,57
David González,CM,21,64,64,60,70,63,46,54
Diego González,CB,25,64,61,62,63,60,65,63
Nono,CM,33,64,77,72,67,81,55,66
Will Goodwin,ST,22,64,67,67,56,73,80,59
Tristan Gooijer,RB,20,64,74,59,61,72,68,59
Anthony Gordillo,LB,30,64,59,57,61,68,55,66
Liam Gordon,CB,28,64,43,73,54,43,81,59
Luis Antonio Gorocito,ST,31,64,55,66,35,55,88,47
Viktor Granath,ST,30,64,57,73,55,64,79,64
Rhyan Grant,RB,33,64,57,84,61,76,81,63
Conor Grant,LB,29,64,64,71,61,69,69,60
Christoph Greger,CB,27,64,53,65,45,54,82,60
Fabian Greilinger,LB,24,64,80,81,62,82,56,53
Daníel Leó Grétarsson,CB,28,64,69,71,61,62,71,65
Will Grigg,ST,33,64,62,65,59,65,68,65
Maximilian Großer,CB,23,64,52,71,62,50,80,62
Emin Grozdanic,CB,25,64,59,63,62,52,73,64
Zsombor Gruber,ST,20,64,66,54,54,69,58,64
Fabio Gruber,CB,22,64,64,62,61,58,73,63
Sveinn Aron Guðjohnsen,ST,26,64,42,53,61,37,81,66
Saulo Guerra,RM,32,64,68,72,63,68,55,55
Matthew Guillaumier,CDM,26,64,67,80,68,66,65,57
Thomas Gundelund,RB,22,64,72,64,61,70,60,62
Niklas Gunnarsson,CB,33,64,53,73,62,51,80,59
Thomas Gutierrez,CB,24,64,56,48,59,66,76,58
Jean Gutiérrez,CB,26,64,53,58,61,53,73,61
Leon Guwara,LB,28,64,80,61,60,80,71,60
Callum Guy,CDM,27,64,66,88,64,66,65,60
Jetmir Haliti,CB,28,64,89,69,62,90,74,62
Dan Happe,CB,25,64,54,78,51,53,90,60
Vincent Harper,LB,23,64,92,77,56,88,72,54
Shayon Harrison,ST,27,64,86,57,49,88,64,61
Alex Hartridge,CB,25,64,69,71,58,71,81,62
Daniel Harvie,LB,26,64,75,86,60,75,59,57
Ajdin Hasić,RM,22,64,77,32,59,79,42,52
Jessé Hautier,RM,20,64,60,72,63,60,50,61
Zakaria Hawsawi,LB,23,64,91,64,60,90,62,54
Aaron Hayden,CB,27,64,64,63,54,64,84,58
Melker Heier,RW,23,64,71,65,63,75,63,59
Mark Helm,CAM,22,64,70,62,63,70,56,62
Callum Hendry,ST,26,64,71,78,59,76,70,61
Ben Heneghan,CB,30,64,50,65,55,34,82,61
Heo Yul,CB,23,64,82,63,55,81,84,57
Gerónimo Heredia,RB,19,64,72,66,60,78,61,58
Ronald Hernández,RB,26,64,82,71,53,81,65,60
José Manuel Hernández,RM,28,64,71,59,61,71,60,55
Simen Hestnes,CM,28,64,72,89,64,71,61,61
Santiago Hidalgo,ST,19,64,76,34,60,78,55,62
Brendan Hines-Ike,CB,29,64,50,69,58,56,75,58
Patrick Hoban,ST,33,64,49,67,52,54,76,64
Joe Hodge,CDM,22,64,62,64,65,70,54,62
Raphael Hofer,CM,21,64,55,71,68,54,68,62
Jonas Hofmann,CM,27,64,68,71,65,67,45,67
Kasper Høgh,ST,23,64,77,52,56,76,73,60
Oscar Højlund,CM,19,64,72,69,65,76,64,65
Odin Thiago Holm,CM,21,64,75,63,70,82,56,62
Hormigo,LB,21,64,65,63,62,69,56,60
Santeri Hostikka,LW,26,64,78,71,62,75,56,62
Marco Huamán,RW,21,64,70,61,59,70,50,57
Muharem Huskovic,ST,21,64,73,47,62,73,58,57
Isaac Hutchinson,CM,24,64,71,81,65,74,65,63
Gabriel Iancu,ST,30,64,62,43,67,65,66,55
Franco Ibarra,CDM,23,64,66,71,62,68,58,63
Christopher Ibayi,ST,29,64,64,61,51,60,73,62
Sunusi Ibrahim,ST,21,64,85,58,60,88,85,48
Emirhan İlkhan,CM,20,64,64,67,67,68,35,54
Tomoki Imai,CB,33,64,53,81,61,62,82,60
Sandro Ingolitsch,RB,27,64,71,67,61,70,66,58
Jack Iredale,CB,28,64,71,71,58,74,72,61
Joe Ironside,ST,30,64,68,82,54,66,84,64
Aziel Jackson,CAM,22,64,75,36,64,79,58,53
Damian Jakubik,RB,34,64,75,73,58,77,71,58
Jeremías James,CB,23,64,51,61,56,36,74,59
Alexandre Jankewitz,CDM,22,64,67,76,66,69,72,62
Mohamed Jaouab,CB,22,64,67,57,59,45,71,54
Paweł Jaroszyński,LM,29,64,63,67,66,63,74,62
Seedy Jatta,ST,21,64,82,60,57,80,74,58
Jauregizar,CM,20,64,64,59,62,55,58,66
Keegan Jelacic,LM,22,64,71,77,64,77,65,62
Fredrik Oldrup Jensen,CDM,31,64,48,75,60,52,70,61
Kevin Jensen,LW,23,64,77,58,61,74,41,59
Anders Finjord Jenssen,CB,30,64,50,67,62,51,85,60
Jeong Woo Jae,LB,32,64,73,73,61,74,74,58
Ji Dong Won,ST,33,64,47,56,57,59,74,46
João Magno,ST,27,64,68,69,50,69,86,58
Callum Johnson,RB,27,64,71,74,59,75,71,58
Max Johnston,RB,20,64,81,70,60,80,64,54
Antonio Jonjić,ST,25,64,72,60,59,80,70,62
Viðar Ari Jónsson,RW,30,64,80,76,61,80,63,60
Filip Jørgensen,CM,22,64,73,78,66,74,59,64
Marcelo Jorquera,LB,31,64,72,70,63,74,73,58
Jorquera,LM,24,64,71,57,63,68,57,54
Kyle Joseph,ST,23,64,75,69,59,76,64,63
Elton Kabangu,ST,26,64,77,32,62,77,65,57
Sullay Kaikai,RM,29,64,84,51,57,80,57,59
Sherif Kallaku,CAM,26,64,64,49,65,75,42,63
Brent Kallman,CB,33,64,42,70,67,50,81,59
Mohammed Kamara,LW,26,64,75,62,62,77,67,60
Bernard Kamungo,RM,22,64,77,55,54,78,48,52
Kang Seong Jin,RM,21,64,79,64,46,81,61,61
Abdoulaye Kanté,CDM,19,64,59,66,67,68,59,59
Juan Cruz Kaprof,ST,29,64,74,55,62,79,70,61
Malte Karbstein,CB,26,64,67,62,59,54,77,57
Gregory Karlen,CM,29,64,66,58,68,63,66,63
Sander Erik Kartum,CM,28,64,71,76,65,76,59,60
Jadel Katongo,RB,20,64,71,69,61,69,71,62
Lars Kehl,RW,22,64,64,56,67,69,59,62
Felix Keidel,CM,21,64,66,73,70,74,57,66
Tidiane Keita,CM,27,64,66,67,67,75,63,64
Kader Keïta,CDM,23,64,66,80,65,67,69,65
Anan Khalaili,RW,20,64,77,68,57,75,64,58
Benji Kikanović,LM,24,64,87,63,59,88,71,65
Alfie Kilgour,CB,26,64,64,56,56,63,84,59
Greg Kiltie,LW,27,64,65,79,64,66,56,65
Kim Tae Han,CB,28,64,54,69,45,49,73,63
Kim Min Hyeok,CDM,32,64,49,79,69,66,73,61
Kim Jin Ya,RB,26,64,81,83,57,80,52,58
Kim Tae Hyun,RB,27,64,67,77,61,70,62,65
Kristian Kirkegaard,LM,26,64,74,65,62,76,53,60
Pål Alexander Kirkevold,ST,33,64,60,67,63,52,84,63
Thibault Klidje,ST,23,64,81,63,59,80,61,60
Antoni Klimek,LW,22,64,73,62,56,74,62,59
Ruben Kluivert,CB,23,64,74,61,59,68,66,63
Martin Kobylański,CAM,30,64,57,51,65,66,58,62
Tobias Koch,CM,23,64,68,82,68,64,73,60
Ozan Can Kökçü,CAM,26,64,59,56,74,70,39,58
Niklas Kölle,LM,24,64,78,77,60,82,69,65
Žan Kolmanič,LB,24,64,68,72,69,64,64,63
Aleksander Komor,CB,30,64,59,71,57,63,79,61
Mert Kömür,CAM,19,64,67,56,64,63,49,60
Vegard Kongsro,LB,26,64,75,74,58,79,68,58
Morten Ågnes Konradsen,CM,28,64,62,74,66,73,66,66
Koo Ja Ryong,CB,32,64,65,65,57,68,79,59
Emil Kornvig,CM,24,64,62,71,65,67,63,67
Martin Koscelnik,RB,29,64,64,70,65,69,60,53
Charalampos Kostoulas,ST,17,64,70,60,65,66,68,60
Loïc Kouagba,CB,30,64,69,70,48,67,87,50
Thérence Koudou,RB,19,64,63,62,64,67,58,63
Franko Kovačević,ST,25,64,73,69,63,73,72,53
Kreshnik Krasniqi,CM,23,64,62,77,65,62,69,64
Maximilian Krauß,LW,27,64,78,82,57,83,57,54
Luca Kronberger,LM,22,64,69,70,60,69,69,58
Theodore Ku-DiPietro,LM,22,64,73,65,58,72,58,58
Mykola Kuharevych,ST,23,64,65,67,56,51,79,57
Garang Kuol,LW,19,64,84,50,58,93,38,58
Daniel Kyerewaa,RM,23,64,79,71,60,79,55,60
Brighton Labeau,ST,28,64,69,75,60,69,74,62
Mathis Lachuer,CM,24,64,79,45,71,81,43,60
Bram Lagae,CB,20,64,68,64,59,66,67,52
Fynn Lakenmacher,ST,24,64,80,74,55,66,82,57
Tygo Land,CM,18,64,75,57,68,72,39,62
Jannis Lang,RB,22,64,72,70,47,68,78,61
Sondre Langås,CB,23,64,80,72,57,76,77,60
Dominik Lanius,CB,27,64,54,76,48,50,88,63
Antoine Larose,RM,31,64,74,60,62,69,58,57
Mads Larsen,CM,22,64,69,36,68,70,49,67
Lee Kang Hyeon,CDM,26,64,58,76,63,65,80,54
Lee Jae Won,CM,27,64,63,78,66,68,62,60
Tommy Leigh,CAM,24,64,72,83,63,69,70,63
Granit Lekaj,CB,34,64,29,79,57,34,75,52
Jonathan Leko,ST,25,64,90,69,61,90,65,61
Noha Lemina,LM,19,64,77,49,59,78,59,58
Gabriel Leyes,ST,34,64,64,66,54,68,74,51
Rubén Lezcano,CM,20,64,67,70,70,68,54,61
Li Ang,CB,30,64,52,77,60,59,84,56
Li Tixiang,CDM,35,64,70,84,67,62,69,56
Liao Junjian,CB,30,64,65,81,61,63,72,64
Rai Pablo Lima,CM,24,64,65,71,65,67,60,59
Axel Lindahl,RB,29,64,80,69,66,79,58,56
Julius Lindberg,RW,25,64,72,67,63,70,55,60
Armani Little,CM,27,64,77,81,63,79,49,61
Liu Yun,RM,29,64,79,76,62,80,59,64
Liu Junshuai,CB,29,64,67,71,57,54,82,59
Enrique Lofolomo,CB,24,64,65,60,63,73,75,61
Santiago López,RW,18,64,84,65,59,83,52,58
Fran Manzanara,CDM,28,64,65,63,64,62,65,60
Javi López,RB,38,64,49,55,67,59,66,64
López-Pinto,LM,23,64,69,68,63,65,67,56
Dani Lorenzo,CM,21,64,68,56,72,71,49,62
Victor Loturi,CDM,23,64,73,70,65,65,62,65
Mathias Løvik,LB,20,64,81,76,56,82,64,57
Boyd Lucassen,RB,26,64,62,70,60,69,64,62
Angelo Lucena,RM,21,64,71,62,69,68,42,65
Juan Ludueña,CB,21,64,56,65,52,54,76,60
Marcos Luna,RB,21,64,71,77,51,70,80,58
Gustav Lundgren,RW,29,64,67,62,66,64,76,62
Cristhian Machado,CDM,34,64,75,80,61,75,61,59
Manuel Namora,ST,26,64,67,53,58,68,63,60
Pedro Ganchas,CB,24,64,41,61,43,52,77,48
Gary Mackay-Steven,LM,34,64,74,55,61,79,56,59
Abdussalam Magashy,CAM,26,64,79,83,63,78,77,63
Josh Magennis,ST,34,64,48,69,59,49,86,63
Enes Mahmutovic,CB,27,64,53,59,51,52,78,59
Mikkel Maigaard,LM,28,64,62,77,67,57,63,61
Erik Majetschak,CB,24,64,66,71,70,65,73,66
Mateusz Mak,LW,32,64,74,60,64,75,57,62
Scott Malone,LB,33,64,70,75,61,67,69,62
Felix Mambimbi,ST,23,64,86,52,58,86,53,59
Mikaël Mandron,ST,29,64,51,77,58,60,80,63
Giacomo Manzari,ST,23,64,79,44,58,75,60,60
Julián Marchioni,CM,31,64,61,76,64,47,77,66
Luc Mares,CB,27,64,58,63,63,60,75,64
Richonell Margaret,RM,24,64,77,76,58,77,66,58
Eman Marković,LM,25,64,75,74,57,79,60,57
Ar'jany Martha,LB,21,64,73,67,66,86,38,65
Ariel Martínez,CM,30,64,61,68,72,66,67,57
Felipe,CDM,33,64,41,67,65,54,61,60
Edoardo Masciangelo,LM,28,64,80,66,62,81,65,58
Conor Masterson,CB,26,64,65,75,56,59,74,61
Jay Matete,CM,23,64,73,75,65,74,57,65
Aïman Maurer,LM,19,64,56,41,66,63,46,63
Niklas May,LM,22,64,76,69,62,72,59,66
Danny Mayor,CM,33,64,59,80,64,65,65,65
Jason McCarthy,RB,28,64,74,81,59,68,76,59
Aaron McEneff,CM,29,64,65,75,67,67,65,61
James McGarry,LB,26,64,81,83,59,83,76,58
Tommy McNamara,CM,33,64,42,52,67,50,67,59
Christopher McVey,CB,27,64,65,87,65,66,79,60
Santiago Mederos,LM,26,64,72,60,58,72,56,51
Rick Meissen,CB,22,64,51,57,55,41,82,59
Howell Mena,CB,23,64,53,56,55,56,72,60
Clau Mendes,ST,23,64,88,51,61,85,73,64
Sergio Mendoza,LB,30,64,70,69,63,73,57,58
Jorge Mendoza,CM,35,64,65,67,67,61,52,55
Patrik Mercado,CM,21,64,72,68,67,71,49,63
Benji Michel,LM,26,64,82,63,48,83,58,59
Glenn Middleton,LW,24,64,81,64,60,85,61,59
Alex Mighten,LM,22,64,71,58,63,87,49,58
Patrik Mijić,ST,25,64,66,64,54,63,70,54
William Mikelbrencis,RB,20,64,76,62,62,74,53,58
Nikola Mileusnić,RM,31,64,89,78,55,84,67,64
Sebastian Milewski,CDM,26,64,73,80,65,69,65,60
Eric Miller,RB,31,64,67,72,59,65,67,61
Jovan Milošević,ST,19,64,54,59,58,52,72,57
Sixto Mina,CB,24,64,66,49,48,69,81,64
Muzepper Mirahmetjan,CM,33,64,68,87,64,69,75,59
Andrei Miron,CB,30,64,44,64,62,49,79,62
Clinton Mola,LB,23,64,70,58,61,76,68,60
Gavin Molloy,CB,22,64,50,64,58,60,71,57
Luke Molyneux,RM,26,64,81,81,55,84,58,56
Nacho Monsalve,CB,30,64,54,62,55,54,76,57
Mikey Moore,LM,17,64,75,56,61,76,53,56
Taylor Moore,CB,27,64,59,71,65,63,72,59
Matías Moreno,CB,20,64,54,65,40,58,76,58
Ryoya Morishita,RM,27,64,69,73,60,74,56,62
Liam Morrison,CB,21,64,54,60,60,52,70,60
Ebiye Moses,ST,27,64,82,68,55,83,81,55
Nicola Mosti,CAM,26,64,62,58,68,62,51,60
Vitinho,CM,24,64,66,63,66,64,57,62
Suphanat Mueanta,RW,22,64,66,47,60,66,47,54
Paul Omo Mukairu,LW,24,64,84,61,59,84,65,58
Mun Ji Hwan,CM,30,64,54,81,66,61,77,62
Romaine Mundle,LM,21,64,73,54,60,82,56,54
Alex Murphy,CB,20,64,66,53,59,63,75,58
Simon Murray,ST,32,64,82,73,53,76,72,60
Torben Müsel,CM,25,64,68,74,66,67,69,67
Danny Musovski,ST,28,64,63,72,58,62,64,60
Niclas Nadj,CAM,23,64,64,56,66,74,58,63
Michał Nalepa,CB,31,64,34,70,56,34,89,60
Miguel Navarro,LB,25,64,75,72,57,70,60,58
Corrie Ndaba,LB,24,64,71,70,58,68,84,55
Théo Ndicka Matam,LB,24,64,73,77,59,84,60,56
Harrison Neal,CDM,22,64,46,81,62,39,66,62
Dylan Nealis,RB,26,64,73,66,56,70,68,62
Stephan Negru,CB,22,64,55,60,58,57,76,61
Lewis Neilson,CB,21,64,67,47,64,65,73,57
Aaron Nemane,RM,26,64,89,90,56,90,34,57
Elliott Nevitt,ST,27,64,73,79,56,67,85,61
Ahmad Ngouyamsa,RB,23,64,76,71,63,77,65,55
Jack Nolan,RM,23,64,64,81,60,69,71,60
Abdulaziz Noor,RM,25,64,77,56,65,78,57,57
Lasse Nordås,ST,22,64,76,60,57,75,79,58
Gustaf Norlin,LM,27,64,72,77,63,76,59,55
Cameron Norman,RB,28,64,71,89,58,69,75,55
Conor Noß,CAM,23,64,76,56,63,86,46,55
Javier Núñez,LW,27,64,75,55,61,77,59,55
Richard Nuñez,CDM,26,64,62,62,63,62,66,71
Ethan Nwaneri,CAM,17,64,65,52,64,71,51,57
Anthony O'Connor,CB,31,64,51,77,56,52,82,60
Warren O'Hora,CB,25,64,53,79,59,51,83,60
Brandon O'Neill,CM,30,64,52,83,67,61,67,62
Shane O'Neill,CB,31,64,61,59,62,41,80,60
Daniel O'Shaughnessy,CB,30,64,49,34,62,43,75,58
Abraham Odoh,LM,24,64,90,61,56,86,77,59
Ebenezer Ofori,CM,29,64,69,74,65,74,65,63
Sergio Ojeda,CB,32,64,51,64,53,41,82,61
Alaaddin Okumuş,RB,29,64,68,55,63,67,67,62
Junior Olaitan,CAM,22,64,77,75,65,81,78,47
Roberto Alves,CDM,27,64,74,83,69,76,58,63
Paweł Olkowski,RM,34,64,67,62,69,65,69,63
Marcus Olsson,LB,36,64,70,56,61,58,63,63
Elías Már Ómarsson,ST,29,64,86,75,55,84,70,58
Kristian Onsrud,CM,30,64,50,79,65,59,74,66
Louis Oppie,LB,22,64,82,82,60,70,77,60
Renzo Orihuela,CB,23,64,75,55,60,72,59,67
Danilo Orsi,ST,28,64,74,83,58,72,71,61
Martín Ortega,RB,25,64,72,75,58,68,64,58
Franco Ortellado,CB,23,64,53,54,42,60,81,58
Arnau Ortiz,LM,22,64,76,55,63,77,45,53
Deji Oshilaja,CDM,31,64,78,71,61,77,80,66
Yari Otto,CAM,25,64,67,77,63,73,59,68
Sami Ouaissa,CAM,19,64,79,55,60,77,64,64
Aziz Ouattara,CDM,23,64,69,64,66,51,72,52
Samuel Oum Gouet,CDM,26,64,51,72,64,53,78,61
Casper Øyvann,CB,24,64,67,69,62,68,75,58
Tomás Palacios,CB,21,64,55,63,39,51,74,61
Ante Palaversa,CM,24,64,53,61,66,49,70,59
Matt Palmer,CM,29,64,75,87,65,77,64,63
Murat Paluli,RB,30,64,70,67,57,72,67,61
Aleksander Paluszek,CB,23,64,51,66,56,50,74,57
Parada,LB,22,64,72,68,65,68,65,60
Park Seung Ho,RW,21,64,82,71,49,77,69,60
Park Chan Yong,CB,28,64,61,60,58,62,78,58
Park Kyu Hyun,LB,23,64,76,69,57,68,66,63
Park Se Jin,CM,20,64,65,67,69,67,47,67
Will Patching,CAM,25,64,55,67,65,64,60,59
Harry Paton,CM,26,64,73,75,69,69,54,60
Elvis Patta,RB,33,64,76,72,66,77,43,54
Yeferson Paz,RB,22,64,71,72,64,73,70,51
Myles Peart-Harris,CM,21,64,72,81,65,71,73,60
Thore Pedersen,RB,28,64,71,72,62,61,68,60
Matti Peltola,CDM,22,64,64,69,62,66,68,62
Andy Pembélé,RM,24,64,86,56,58,88,58,61
Nicholas Pennington,CM,25,64,59,78,65,53,68,61
James Penrice,LB,25,64,80,73,59,75,59,58
Agustín Pereira,RB,23,64,72,69,58,72,55,55
Hamilton Pereira,CDM,37,64,62,60,59,64,69,64
Guillermo Pereira,CAM,30,64,73,57,70,64,60,58
Bruninho,CAM,24,64,70,60,69,72,44,58
Darlan,ST,26,64,58,81,72,64,41,70
Dylan Perera,CAM,21,64,71,54,69,70,42,49
Javi Pérez,CDM,29,64,50,78,65,38,74,61
Stipe Perica,ST,29,64,51,52,57,54,75,59
Edwuin Pernía,ST,29,64,60,63,67,58,69,66
Nikola Petkovic,CDM,21,64,61,60,72,61,56,54
Oscar Pettersson,RW,24,64,81,77,62,80,59,53
Piao Shihao,RB,33,64,81,85,62,82,72,62
Selmir Pidro,LB,26,64,65,74,61,67,60,60
Lukas Pinckert,CB,24,64,63,63,60,69,72,63
Ignacio Pintos,RM,20,64,77,70,62,72,53,56
Reno Piscopo,CAM,26,64,76,61,62,82,53,61
Brian Plat,CB,24,64,86,76,60,72,83,53
Manuel Polster,LM,21,64,92,71,62,93,65,45
Dante Polvara,RM,24,64,50,75,68,64,77,67
Joaquín Pombo,CB,23,64,50,66,50,52,79,64
Matviy Ponomarenko,ST,18,64,70,59,55,68,63,64
Konrad Poprawa,CB,26,64,81,66,48,78,77,57
Francisco Pozzo,ST,21,64,64,64,56,52,62,53
Axel Prado,CB,21,64,65,66,60,63,64,55
Rafael Profini,CB,21,64,67,66,56,65,70,62
Joan Puig,LB,21,64,75,66,61,76,63,60
Diogo Queirós,CB,25,64,42,64,57,54,75,60
Juan Jesús Quiñones,CB,23,64,57,55,61,67,69,62
Ángel Quiñonez,ST,28,64,67,58,61,66,67,65
Santiago Quirós,CB,21,64,57,47,67,52,68,62
Renzo Rabino,LM,26,64,64,68,53,67,67,63
Bojan Radulović,ST,24,64,52,65,55,56,71,59
Simen Rafn,RB,32,64,76,77,61,75,58,58
Marko Raguž,ST,26,64,61,30,64,54,70,56
Jacobo,CB,19,64,64,64,64,62,67,61
Santiago Ramos Mingo,CB,22,64,41,51,70,55,64,58
Kayne Ramsay,RB,23,64,78,71,59,78,66,61
Lars Mogstad Ranger,RB,25,64,82,80,57,84,70,57
Dion Rankine,RB,21,64,87,66,60,90,35,59
Cornel Râpă,RM,34,64,73,86,67,73,65,62
Rodney Redes,RM,24,64,77,50,64,77,68,56
Jake Reeves,CM,31,64,71,80,65,70,51,63
Alberto Reina,CM,27,64,68,62,67,64,60,66
Max Reinthaler,CB,29,64,54,65,60,66,81,61
Omar Rekik,CB,22,64,68,63,64,69,70,64
Ren Hang,CB,35,64,60,68,58,58,81,59
Samuel Renel,CM,22,64,68,67,70,75,58,57
Tom Reyners,RW,24,64,71,57,62,81,39,65
Julian Rieckmann,CDM,24,64,74,73,65,54,72,63
Julian Rijkhoff,ST,19,64,70,55,64,72,57,62
Gonzalo Ríos,RM,25,64,64,62,64,68,39,62
Andrés Ríos,ST,35,64,54,77,66,61,80,61
Daniel Rivas,LB,22,64,77,74,60,75,47,49
Maxence Rivera,LM,22,64,76,54,63,79,35,60
Mauro Rodrigues,RM,23,64,72,47,64,68,50,60
Steven Rodríguez,ST,25,64,71,63,59,75,59,54
Nicklas Røjkjær,CM,26,64,69,69,65,71,63,63
Anthony Roncaglia,CB,25,64,50,69,66,40,75,58
Shaun Rooney,RB,28,64,68,80,59,67,80,59
Joseph Rosales,LB,23,64,70,72,61,69,55,63
Ricardo Rosales,RB,23,64,71,63,57,70,61,62
Linus Rosenlöcher,LB,24,64,76,65,54,75,78,60
Maciej Rosołek,ST,23,64,76,71,63,75,66,62
Sigurd Rosted,CB,30,64,39,70,57,38,82,55
Sean Roughan,CB,21,64,65,74,60,66,70,62
Storm Roux,RB,31,64,74,81,52,78,80,59
Manel Royo,LB,30,64,64,68,63,72,74,62
Josh Ruffels,LB,30,64,69,72,63,62,67,62
Emerson Ruiz,CDM,21,64,72,61,63,61,60,69
David Ruiz,CM,20,64,67,66,66,69,53,54
Isma Ruiz,CM,23,64,58,59,69,63,55,70
Jan-Luca Rumpf,CB,25,64,56,42,62,57,84,59
Jon Russell,CM,23,64,52,66,68,48,82,63
Stefano Russo,CDM,24,64,60,74,65,61,72,58
Gilles Ruyssen,CB,30,64,39,58,52,43,76,63
Halid Šabanović,RB,25,64,65,61,57,63,64,59
Jesús Sagredo,CB,30,64,66,62,61,63,67,59
Hakim Sahabo,CDM,19,64,68,59,67,65,58,64
Àlex Sala,CDM,23,64,62,64,64,64,68,62
Felipe Salomoni,LB,21,64,73,68,62,76,65,54
Chuki,CAM,20,64,60,36,65,67,35,47
Mateo Sanabria,LM,20,64,67,69,59,67,56,53
Josema,CB,28,64,63,61,61,59,73,61
Mads Sande,RW,26,64,73,81,65,73,62,62
Mohamed Sankoh,ST,20,64,89,62,58,82,65,57
Yellu Santiago,CDM,20,64,54,54,63,55,58,65
Gonçalo Sousa,RM,18,64,71,58,63,73,59,61
Facundo Saravia,LB,22,64,67,67,63,66,64,62
Murat Şatin,CAM,28,64,77,68,63,76,46,61
Charlie Savage,CDM,21,64,56,63,65,60,59,63
Dane Scarlett,ST,20,64,76,64,57,80,64,59
Rodrigo Schlegel,CB,27,64,47,65,50,50,81,49
Leon Schneider,CB,24,64,77,70,63,71,73,60
Oscar Schönfelder,RM,23,64,74,60,61,76,57,58
Fabian Schubert,ST,30,64,68,67,57,71,88,61
Pascal Schürpf,LM,35,64,61,71,67,54,81,61
Anthony Scully,LM,25,64,72,68,59,79,49,59
Edson Seidou,LB,32,64,67,87,63,65,80,50
Moritz Seiffert,LB,23,64,81,73,63,69,67,50
Amar Sejdič,CM,27,64,43,66,69,51,64,60
Nikola Sekulov,CAM,22,64,65,62,68,64,51,53
Vahid Selimović,CB,27,64,45,61,52,40,80,57
Malik Sellouki,RM,24,64,70,59,64,66,51,53
Joel Senior,RB,25,64,69,83,54,71,60,59
João Rêgo,CAM,19,64,67,56,66,64,44,62
Nelson Sepúlveda,CM,32,64,65,67,74,68,69,54
Femi Seriki,RB,22,64,87,67,56,86,62,59
Zidan Sertdemir,CM,19,64,69,64,69,67,60,62
Brandon Servania,CDM,25,64,69,73,65,67,64,62
Lorenzo Sgarbi,ST,23,64,67,55,62,49,73,50
Noah Shamoun,LM,21,64,72,72,62,79,34,56
Aimar Sher,CDM,21,64,57,78,65,72,56,64
Silvan Sidler,RB,26,64,61,73,64,67,62,60
Omar Sijarić,RM,22,64,74,64,63,80,54,56
Gard Simenstad,RM,25,64,73,82,60,75,52,58
Xavier Simons,CDM,21,64,66,69,66,68,67,58
Dan Sîrbu,RB,21,64,70,71,65,69,75,61
Javi Siverio,ST,26,64,50,55,58,60,66,60
Rasmus Sjöstedt,CB,32,64,73,75,62,71,72,63
Jack Skahan,CM,26,64,61,78,70,67,65,51
Andreas Skovgaard,CB,27,64,45,68,60,57,76,62
Naatan Skyttä,CM,22,64,68,58,71,60,46,57
Richard Smallwood,CM,33,64,52,84,64,50,69,64
Kees Smit,CM,18,64,71,64,65,67,65,65
Brad Smith,LM,30,64,80,60,65,78,63,61
Matt Smith,CM,24,64,69,73,65,71,65,62
Nathan Smith,CB,28,64,53,86,50,55,82,62
Matthew Smith,CM,23,64,59,72,66,67,54,62
Mads Søndergaard,CM,21,64,61,60,70,61,35,65
Elias Sørensen,ST,24,64,67,63,61,61,69,62
Matthew Sorinola,LB,23,64,75,65,63,75,59,60
Bent Sørmo,CB,27,64,74,70,60,72,83,58
Lucas Soto,CM,21,64,64,70,67,63,59,62
Gabriel Sotomayor,LM,25,64,72,81,52,68,58,66
Hamjatou Soukouna,CB,26,64,88,57,54,71,79,59
Vasilios Sourlis,CM,21,64,73,70,68,71,68,66
Rafael Brito,CM,22,64,64,64,66,65,71,63
Noé Sow,CB,25,64,57,60,64,51,67,58
Isak Ssewankambo,CB,28,64,77,82,64,72,84,57
Daniel Steres,LB,33,64,41,60,70,32,78,67
Filip Stevanović,LW,21,64,64,52,62,75,55,59
Mathew Stevens,ST,26,64,74,70,56,75,72,61
Peter Stroud,CDM,22,64,72,70,65,76,58,64
Sasa Strujic,LB,32,64,74,71,64,72,69,61
Sam Stubbs,CB,25,64,68,67,56,56,80,61
Filip Stuparević,ST,24,64,68,69,54,69,72,60
Ian Subiabre,LW,17,64,76,56,57,82,43,56
Israel Suero Fernández,CAM,30,64,66,73,66,64,35,55
Martin Šviderský,CDM,21,64,66,64,64,66,59,62
Ryan Sweeney,CB,27,64,58,75,54,51,85,56
Pierce Sweeney,CB,30,64,59,75,59,58,76,60
Dembo Sylla,RB,21,64,71,74,60,78,49,58
Miłosz Szczepański,CAM,26,64,80,71,63,82,51,56
Tomoki Takamine,CDM,26,64,59,72,68,60,71,61
Callum Talbot,RB,23,64,75,76,59,82,64,58
Atomu Tanaka,CAM,36,64,67,67,64,68,56,61
Adil Taoui,LM,23,64,68,50,60,70,57,54
Borys Tashchy,CAM,31,64,64,70,64,63,83,66
Lyle Taylor,ST,34,64,73,53,59,63,71,64
Allan Tchaptchet,CB,22,64,47,60,52,63,90,57
Iuri Tavares,LW,23,64,69,55,65,69,68,53
Armend Thaqi,RB,31,64,66,69,68,64,60,62
Peter Therkildsen,RB,26,64,69,83,65,65,74,61
George Thomas,CAM,27,64,75,69,64,79,57,61
Terell Thomas,CB,28,64,58,70,57,60,77,61
Titouan Thomas,CM,22,64,63,65,67,62,67,62
Jens Jakob Thomasen,CM,28,64,56,82,68,54,61,61
Ben Thompson,CM,28,64,69,73,64,68,59,66
Nathan Thompson,CB,33,64,68,76,56,69,78,62
Louis Thompson,CM,29,64,69,57,67,70,71,65
Liam Thompson,CDM,22,64,63,65,66,57,43,64
Dagur Dan Þór­halls­son,RB,24,64,70,65,62,71,52,70
James Tilley,RM,26,64,75,72,60,74,41,59
Alex Timossi Andersson,RM,23,64,87,72,60,84,45,57
Nathan Tjoe-A-On,LB,22,64,77,66,59,69,73,59
Constantin Toma,LB,37,64,58,67,63,61,60,65
Diogo Tomas,CB,27,64,62,61,52,60,81,65
Pablo Tomeo,CM,24,64,62,71,65,63,72,66
Tomas Totland,RB,25,64,81,80,55,81,60,60
Ben Hamed Touré,ST,21,64,60,58,58,59,64,60
Mohamed Touré,ST,20,64,85,33,55,85,83,59
Ryley Towler,CB,22,64,66,65,57,66,75,59
Kristijan Trapanovski,LW,25,64,69,59,62,65,64,61
Nick Tsaroulla,LB,25,64,80,79,62,83,47,60
Grigore Turda,CB,27,64,69,71,59,76,72,63
Ed Turns,CB,21,64,57,72,58,61,74,63
Henrik Udahl,ST,27,64,72,68,56,72,69,60
Oğulcan Ülgün,CDM,26,64,63,68,67,68,67,55
Dario Ulrich,RM,26,64,68,60,63,66,49,58
Dan Peter Ulvestad,CB,35,64,32,55,60,33,86,70
Tomislav Uskok,CB,33,64,61,69,57,41,86,60
Ely Valderrey,LM,38,64,72,64,65,72,71,62
Gastón Valles,ST,23,64,72,63,64,64,72,62
Éric Vandenabeele,CB,32,64,34,56,58,43,78,61
Jeisson Vargas,CAM,26,64,63,58,62,68,63,59
Obed Vargas,CM,19,64,73,64,69,76,40,64
Ricardinho,RB,30,64,68,74,61,66,73,60
Harry Vaughan,LM,20,64,76,58,61,79,35,59
Eric Veiga,LB,27,64,66,52,66,71,60,59
Josh Vela,CM,30,64,57,85,64,65,74,62
Samuel Velásquez,LB,21,64,66,67,62,65,42,66
Jhon Vélez,CM,21,64,63,62,70,62,71,67
Stefan Velkov,CB,27,64,61,67,55,54,82,64
Nishan Velupillay,LM,23,64,92,45,61,93,67,47
Fredy Vera,RM,26,64,77,79,60,82,56,51
Matthias Verreth,CAM,26,64,69,65,63,73,66,59
Gaute Vetti,CM,26,64,55,74,66,58,66,62
Alexis Villalba,CB,26,64,70,60,61,68,61,62
Miki Villar,RM,27,64,81,56,59,74,56,58
Sam Vokes,ST,34,64,36,66,61,34,91,68
Leonardo Vonić,ST,21,64,73,71,51,68,72,63
Luka Vrbančić,CM,19,64,74,69,65,67,65,60
Andrija Vukčević,LB,27,64,69,69,55,65,70,50
Luka Vušković,CB,17,64,65,65,59,56,83,61
Ben Waine,ST,23,64,81,75,54,83,75,57
Tim Waker,LB,30,64,90,71,61,91,71,58
Jamie Walker,CAM,31,64,78,64,63,79,62,59
Michał Walski,CDM,27,64,76,74,67,74,68,63
Wang Gang,RB,35,64,78,72,54,70,82,63
Grant Ward,CM,29,64,68,68,65,70,68,64
Tennai Watson,RB,27,64,75,71,60,69,56,58
Tony Watt,ST,30,64,70,76,63,72,76,55
Diego Wayar,CDM,30,64,65,76,66,55,34,62
Jensen Weir,CM,22,64,68,79,65,66,56,63
Ethan Wheatley,ST,18,64,74,62,55,70,67,57
David Wheeler,RM,33,64,77,68,61,76,69,60
Ben Whitfield,RM,28,64,81,71,57,85,39,57
Eirik Wichne,RB,27,64,79,73,63,80,66,62
Ben Wiles,CM,25,64,41,60,66,48,63,64
Brynjólfur Willumsson,ST,24,64,68,67,62,72,71,58
James Wilson,CB,35,64,48,60,56,55,85,60
Freddy Winsth,RB,34,64,69,78,58,65,66,64
Nils Winter,RB,30,64,74,80,61,72,69,55
Frederik Winther,CB,23,64,54,56,66,54,74,63
Casper Winther,CM,21,64,62,70,66,65,54,62
Owen Wolff,CDM,19,64,72,68,68,71,42,62
Bartosz Wolski,CDM,27,64,67,72,66,65,70,61
Ryan Woods,CM,30,64,62,74,68,66,57,60
Akil Wright,CB,28,64,71,79,56,67,79,60
Drey Wright,RM,29,64,79,71,60,80,64,58
Redon Xhixha,ST,26,64,64,57,51,67,64,63
Xu Xin,CDM,30,64,72,75,62,65,75,58
Roman Yakuba,CB,23,64,62,79,51,64,88,55
Yan Dinghao,CM,26,64,66,80,62,67,64,67
Yang Shuai,CB,27,64,65,73,57,57,81,58
Joshua Yaro,CB,30,64,71,73,60,82,63,65
Zeki Yavru,RB,33,64,64,73,63,66,62,64
Uğurcan Yazğılı,CB,25,64,51,61,62,57,76,55
Emmanuel Yeboah,ST,21,64,84,76,58,82,81,59
Aygün Yıldırım,RM,29,64,71,67,60,82,60,62
Saku Ylätupa,CAM,25,64,78,71,62,82,58,58
Kaina Yoshio,CAM,26,64,75,65,66,74,42,61
Jake Young,ST,23,64,81,60,52,78,74,60
Yu In Soo,RB,29,64,77,77,57,77,63,61
Yu Kang Hyun,ST,28,64,76,60,52,64,78,63
Yoram Zague,RB,18,64,70,52,64,78,56,63
Luka Zahović,CAM,28,64,74,71,65,78,49,60
David Zalzman,CM,28,64,67,67,67,67,55,62
Oliver Zandén,LB,23,64,56,76,66,71,57,54
Dominick Zator,RB,29,64,65,72,52,61,90,65
Gjivai Zechiël,CM,20,64,75,55,66,76,46,63
Karim Zedadka,LM,24,64,74,41,63,69,40,53
Lequincio Zeefuik,ST,19,64,82,66,53,78,80,60
Ajdin Zeljković,ST,26,64,74,65,63,72,65,59
Zhang Linpeng,CB,35,64,60,76,59,61,84,52
Ivan Zhelizko,CDM,23,64,60,69,60,63,75,61
Zhong Yihao,LM,28,64,78,73,57,76,79,62
Théo Zidane,CM,22,64,68,59,66,68,67,60
Robin Ziegele,CB,27,64,76,67,48,56,79,56
Tanguy Zoukrou,CB,21,64,52,58,51,46,66,63
Mateusz Żukowski,RB,22,64,77,65,64,78,74,58
Alexander Abrahamsson,CB,25,63,66,53,64,66,71,60
Noah Adedeji-Sternberg,LW,19,63,76,51,48,78,55,52
Baba Adeeko,CM,21,63,65,74,66,67,58,60
Samuel Adeniran,ST,25,63,55,60,50,60,86,50
Moïse Adilèhou,CB,28,63,68,57,57,63,78,55
William Agada,ST,24,63,74,64,53,73,64,65
Federico Aguirre,ST,22,63,59,66,60,68,71,55
Mattéo Ahlinvi,CDM,25,63,57,68,66,64,68,63
Ahn Tae Hyun,LB,31,63,82,83,55,76,61,58
Lucas Akins,ST,35,63,73,80,60,68,85,65
Ali Akman,ST,22,63,77,57,65,79,55,65
Michael Akoto,CB,26,63,69,69,63,68,72,60
Waleed Al Ahmed,CB,25,63,68,64,60,60,74,61
Turki Al Ammar,LW,24,63,73,71,62,70,60,60
Mohammed Al Fehaid,CM,34,63,45,74,63,49,70,65
Alaa Al Hajji,CM,28,63,65,73,65,67,62,58
Mukhair Al Rashidi,CB,25,63,76,72,57,76,65,64
Mohammed Al Saiari,ST,31,63,66,64,60,65,74,59
Rodrigo Alborno,LB,31,63,63,63,62,64,55,60
Alcedo,LB,23,63,68,59,37,70,60,64
Ryan Alebiosu,RB,22,63,65,72,60,70,67,57
Khusniddin Alikulov,CB,25,63,66,65,62,60,60,65
Ibrahim Aliyu,ST,22,63,72,62,60,67,61,55
Joel Allansson,CM,31,63,53,71,67,51,58,64
Pedro Álvarez,CDM,23,63,74,80,64,67,67,67
William Álvarez,ST,28,63,66,63,59,60,67,55
Hugo Álvarez,LM,21,63,65,50,68,65,52,63
Gonzalo Álvez,RM,20,63,67,51,60,70,31,58
Jonathan Amon,LW,25,63,83,46,56,85,56,53
Achille Anani,ST,29,63,82,56,57,75,83,58
Karoy Anderson,CM,19,63,73,76,64,69,67,63
Joe Anderson,CB,23,63,61,51,56,48,68,61
Tobias Anselm,ST,24,63,79,60,63,74,64,58
Marvel,CB,21,63,68,50,53,69,75,60
Irwin Antón,ST,36,63,50,63,59,56,77,66
Bill Antonio,RM,22,63,80,54,60,84,42,48
Brian Anunga,CDM,28,63,60,64,65,57,77,58
Paul Arano,LM,29,63,67,82,59,65,56,63
Musa Araz,CM,30,63,74,75,67,76,40,63
Maximilian Arfsten,RM,23,63,70,62,61,70,64,53
Onur Arı,ST,23,63,62,63,57,51,77,63
Jack Armer,LB,23,63,70,85,56,71,69,58
Luke Armstrong,ST,28,63,69,88,57,66,84,59
Ömürcan Artan,RB,25,63,68,67,60,67,58,57
Rocco Ascone,CM,21,63,66,37,69,71,46,63
Harrison Ashby,RB,22,63,75,71,55,74,59,61
Zac Ashworth,LB,22,63,69,68,60,67,62,60
Ahmed Asiri,CB,32,63,61,78,53,60,69,57
Jaider Asprilla,LM,21,63,60,55,62,59,50,65
Jonathan Aspropotamitis,CB,28,63,70,72,58,70,81,61
Ryan Astley,CB,22,63,54,52,57,45,71,57
Abdullah Ateef,CDM,32,63,31,30,70,31,55,60
Axel Atum,RM,18,63,69,55,65,71,44,56
Sondre Auklend,CM,21,63,76,73,64,76,63,57
Leon Avdullahu,CDM,20,63,55,70,70,64,62,59
Ahmed Ba Masoud,LB,28,63,77,77,61,77,62,56
Dorian Babunski,ST,28,63,47,57,55,54,72,58
Josef Brian Baccay,LB,23,63,77,77,58,79,59,57
Tobias Bach,LM,21,63,72,65,62,70,76,59
Anders Bærtelsen,CB,24,63,60,66,59,61,78,62
Nicolás Baeza,LB,27,63,76,72,60,74,68,57
Joel Bagan,LB,23,63,70,64,58,66,60,60
Elkan Baggott,CB,21,63,55,66,51,56,81,60
Florian Bähr,LB,21,63,75,71,63,81,72,59
Mateo Bajamich,ST,25,63,57,52,72,79,69,58
Esmir Bajraktarevic,CAM,19,63,71,64,60,75,57,56
Tyreeq Bakinson,CM,25,63,58,72,64,61,78,63
Monsef Bakrar,ST,23,63,60,59,44,58,64,60
Álex Balboa,CM,23,63,60,61,65,65,59,63
Ibrahima Baldé,RW,21,63,67,32,58,65,56,63
Michael Baldisimo,CDM,24,63,45,66,70,53,48,55
Andri Fannar Baldursson,CDM,22,63,47,59,66,59,68,59
David Ball,ST,34,63,52,81,63,60,73,64
Saad Balobaid,LB,24,63,79,75,40,78,62,54
Ahmed Bani,CAM,22,63,75,60,62,76,34,57
Scott Banks,RM,22,63,77,67,59,76,58,55
Ryan Barnett,RB,24,63,83,74,59,81,57,58
Cristopher Barrera,RM,26,63,75,63,66,77,55,61
Paddy Barrett,CB,31,63,36,62,57,44,81,52
Djakaría Barro,CM,22,63,70,73,70,70,70,64
Jacob Bedeau,CB,24,63,73,71,55,75,76,58
Semi Belkahia,CB,25,63,67,67,57,68,81,59
Jonathan Bell,CB,27,63,75,67,47,69,72,58
Mimeirhel Benita,RB,20,63,77,59,56,83,61,55
Charlison Benschop,ST,35,63,45,59,57,41,89,66
Josh Benson,CM,24,63,52,70,68,68,62,60
Daniel Benzar,RW,26,63,80,73,59,83,62,55
Romario Benzar,RB,32,63,67,63,59,70,58,60
Théo Berdayes,RM,22,63,64,79,62,63,65,63
Sebastian Bergier,ST,24,63,72,65,56,78,68,53
Fredrik Berglie,CB,27,63,56,58,54,53,72,62
Jacob Bergström,ST,29,63,67,67,50,61,92,58
Sebastian Berhalter,CM,23,63,68,63,69,68,62,67
Nicolò Bertola,CB,21,63,55,63,40,52,83,62
Dino Beširović,CAM,30,63,65,62,65,62,64,65
Florian Bianchini,RM,23,63,84,35,53,86,42,56
Ionuț Biceanu,CM,30,63,66,70,66,66,70,60
Egzon Binaku,LB,29,63,85,73,59,73,67,56
Nicolas Binder,ST,22,63,74,57,57,49,94,57
Alexander Bittroff,CB,35,63,65,50,64,54,70,59
Emmanuel Biumla,CB,19,63,59,63,63,52,66,58
Eric Björkander,CB,28,63,72,71,58,65,76,61
Adrian Błąd,RM,33,63,81,64,50,91,39,61
Jakov Blagaić,CAM,24,63,77,63,60,82,64,48
Frazer Blake-Tracy,CB,29,63,61,70,59,64,73,60
Dawid Błanik,LM,27,63,79,77,60,78,56,56
Tom Boere,ST,31,63,67,66,58,64,77,58
Omar Bogle,ST,31,63,63,72,58,65,85,59
Mathis Bolly,LM,33,63,88,49,60,90,74,56
Noah Botić,ST,22,63,68,60,51,65,68,60
Ousseni Bouda,LM,24,63,72,54,54,74,61,46
Nassim Boujellab,CAM,25,63,63,59,64,71,48,57
Nawaf Boushal,RB,24,63,81,79,50,78,68,53
Ramiro Brazionis,CB,22,63,56,60,46,55,70,59
Niko Bretschneider,LB,25,63,71,73,57,79,57,58
Marius Broholm,RW,19,63,69,60,63,72,41,57
Eamonn Brophy,ST,28,63,78,71,58,74,67,57
Arvid Brorsson,CM,25,63,57,75,64,53,80,65
Roman Buess,ST,31,63,73,75,62,77,73,61
Darragh Burns,RW,22,63,77,68,57,73,42,54
Bobby Burns,LB,24,63,64,70,59,72,65,58
Jack Burroughs,RB,23,63,72,62,59,71,72,60
Liam Burt,LM,25,63,76,59,64,73,46,53
Justin Butler,LM,23,63,89,67,59,79,80,59
Khalid Butti,CDM,33,63,60,61,67,62,50,59
Nicolás Cabral,CB,24,63,69,66,50,65,66,49
Sebastián Cabrera,LB,26,63,68,67,60,71,56,58
Julio Cabrera,LB,21,63,72,65,59,74,49,62
Ross Callachan,CAM,31,63,53,74,64,60,69,62
Daniel Camacho,CM,25,63,66,57,67,69,58,58
Thibault Campanini,RB,26,63,63,69,63,60,67,57
Chem Campbell,CAM,21,63,79,57,61,81,53,55
Dean Campbell,CDM,23,63,69,82,66,69,61,62
Callum Camps,CM,28,63,66,74,64,69,66,62
Dario Čanađija,CM,30,63,61,65,65,62,64,65
Erick Canales,RB,23,63,70,70,60,70,55,64
Niall Canavan,CB,33,63,37,75,49,34,82,64
Alan Cantero,CAM,26,63,58,53,65,56,74,61
Christian Cappis,CM,25,63,69,72,67,66,63,66
Edison Carcelén,CB,31,63,64,65,67,68,84,52
Cristian Carracedo,LM,28,63,73,65,67,69,64,50
Maher Carrizo,ST,18,63,81,55,48,77,65,54
Francesco Cassata,CM,27,63,33,59,68,64,56,64
Antonio Castillo,LB,25,63,66,75,40,70,72,58
Denil Castillo,CDM,20,63,60,68,65,64,73,64
Federico Castro,LW,31,63,66,70,54,68,82,57
Jesper Ceesay,CM,22,63,62,68,68,61,68,66
Piotr Ceglarz,CAM,32,63,62,78,64,66,73,55
Mikkel Ceïde,CB,23,63,67,69,60,64,75,59
Mervan Çelik,LW,34,63,73,52,61,72,67,60
Diego Céspedes,CB,25,63,64,66,59,58,72,59
Tarek Chahed,RB,28,63,74,66,58,73,61,58
Alfie Chang,CDM,22,63,62,61,65,66,59,60
Lucas Chávez,RW,21,63,84,65,60,77,60,57
Chen Binbin,LM,26,63,82,71,58,85,66,55
Cheon Seong Hoon,ST,23,63,55,59,53,55,76,64
James Chester,CB,35,63,47,58,58,47,69,62
Tio Cipot,CM,21,63,58,63,66,70,42,63
Lamine Cissé,LM,21,63,74,58,58,78,43,54
James Clarke,CAM,23,63,69,74,59,76,58,58
Max Cleworth,CB,22,63,65,68,54,64,74,58
Ethan Coleman,CDM,24,63,66,84,65,67,73,57
Nnamdi Collins,CB,20,63,85,53,58,80,78,58
Brandon Comley,CDM,28,63,65,76,62,63,71,61
Chris Conn-Clarke,CAM,22,63,72,66,61,75,53,62
Kamil Conteh,CDM,21,63,70,82,63,74,68,57
Kobe Cools,CB,27,63,59,58,57,54,67,55
Romoney Crichlow,CB,25,63,63,71,52,64,72,59
Ryan Croasdale,CDM,29,63,62,85,62,67,45,59
Alexis Cuello,LM,24,63,90,65,56,83,42,58
Santiago Cuiza,RB,19,63,77,65,65,74,57,52
Robbie Cundy,CB,27,63,56,60,54,53,77,61
Szymon Czyż,CM,23,63,71,66,67,65,70,59
Mateusz Czyżycki,LM,26,63,70,77,62,72,46,64
Louis D'Arrigo,CDM,22,63,73,70,66,68,62,60
Diogo Silva,CB,29,63,52,34,48,52,74,55
Petter Dahl,LW,20,63,86,50,52,89,49,58
Marian Danciu,RM,22,63,70,79,63,79,33,57
Donervon Daniels,CB,30,63,61,72,53,53,82,62
Jayden Danns,ST,18,63,70,55,57,68,64,59
Ronan Darcy,CAM,23,63,73,81,65,69,57,58
Quentin Daubin,CM,29,63,58,80,69,46,81,55
Victor Dávalos,RB,33,63,70,64,60,68,58,58
Promise David,ST,23,63,65,58,50,55,77,46
Tom Davies,CB,32,63,49,70,52,52,74,58
Filipe de Carvalho,LM,20,63,69,37,57,75,34,62
Kaj de Rooij,RM,23,63,63,53,64,69,60,58
Vesel Demaku,CM,24,63,54,64,65,57,57,65
Anthony Descotte,ST,21,63,77,58,60,79,64,62
Thorben Deters,RM,29,63,69,72,65,67,50,59
Terry Devlin,CM,20,63,70,75,65,64,66,63
Ibrahim Diabate,ST,24,63,79,66,60,71,80,58
Lamine Diaby Fadiga,ST,23,63,67,62,60,64,77,59
Samba Diallo,LM,21,63,69,59,60,72,58,63
Ousmane Diao,CB,20,63,70,62,63,68,67,57
Moussa Diarra,CB,21,63,72,64,60,72,72,57
Mahamadou Diarra,ST,20,63,69,55,54,67,53,58
Kandet Diawara,RM,24,63,77,62,55,79,49,61
Julius Dirksen,LB,21,63,72,54,61,67,63,56
Armando Dobra,LM,23,63,81,71,57,82,34,57
Alin Dobrosavlevici,CB,29,63,53,61,51,51,75,60
Owen Dodgson,LB,21,63,70,70,60,66,65,59
Aaron Donnelly,CB,21,63,63,70,61,67,58,62
Mario Dorgeles,CM,20,63,75,60,67,79,45,59
Maïdine Douane,LM,22,63,64,53,63,65,48,59
Fodé Doucouré,RB,23,63,75,63,59,77,51,56
Alex Douglas,CB,23,63,60,61,64,64,73,64
Tim Drexler,CB,19,63,78,60,50,69,66,60
Duan Liuyu,CAM,26,63,75,71,65,81,61,56
Saxon Earley,LB,21,63,76,66,62,79,54,58
Gwion Edwards,RM,31,63,81,55,59,82,41,60
Max Ehmer,CB,32,63,50,71,56,50,85,62
Joachim Eickmayer,CDM,31,63,66,70,65,68,63,62
Julian Eitschberger,RB,20,63,68,59,61,69,58,60
Emmanuel Ekong,ST,22,63,73,65,53,75,59,57
Ayman El Wafi,CB,20,63,55,66,63,54,70,62
Abu Bekir Ömer El Zein,CM,21,63,63,73,65,72,58,62
Zachary Elbouzedi,RM,26,63,89,56,56,90,57,53
Umeh Emmanuel,LW,20,63,80,62,55,81,55,53
Dylan Escobar,RB,23,63,79,70,59,74,68,51
Bert Esselink,CB,25,63,59,72,61,57,79,54
Mauro Estol,CM,29,63,56,65,68,60,64,54
Jonah Fabisch,CM,23,63,64,74,63,65,56,60
Philip Fahrner,RB,21,63,69,55,66,68,60,58
Oskar Fallenius,RW,22,63,82,64,57,82,47,50
Alexis Fariña,CAM,19,63,66,60,67,65,34,54
Mikayil Faye,CB,20,63,73,66,58,75,77,63
Adrian Fein,CDM,25,63,47,39,66,55,74,63
Will Ferry,LB,24,63,68,74,61,79,48,61
Sam Finley,CM,32,63,53,75,65,55,61,64
John Patrick,CAM,20,63,70,34,62,74,73,64
Steven Fletcher,ST,37,63,34,53,58,41,74,63
Freddy Flórez,CDM,31,63,56,67,62,69,76,57
Riccardo Fogliata,CM,20,63,70,59,73,68,37,75
Anthony Fontana,CAM,24,63,66,65,65,62,57,58
Sander Moen Foss,CB,25,63,41,62,52,62,75,60
Ben Fox,CM,26,63,75,88,63,78,70,65
Kobe Franklin,RB,21,63,69,63,61,68,39,62
Marlon Frey,CM,28,63,54,75,67,65,70,65
Moritz Fritz,CB,31,63,43,68,59,52,85,61
Alexander Fuchs,CB,27,63,54,70,67,64,75,69
Aidi Fulangxisi,LB,33,63,69,82,58,67,76,56
Loránd Fülöp,LW,27,63,68,71,66,69,65,60
Matías Galarza,CM,22,63,67,50,70,59,46,60
Thierry Gale,LW,22,63,74,61,59,78,27,51
Einar Galilea,CB,30,63,56,63,50,57,72,58
Dejan Galjen,ST,22,63,67,60,57,72,82,51
Scott Galloway,RB,29,63,75,72,59,80,74,58
Hugo Gambor,CB,21,63,67,49,64,63,70,61
Yimy Gamero,CDM,22,63,57,64,65,59,61,59
Mario García,LB,20,63,66,64,58,66,51,59
Álex Morata,CB,18,63,57,63,64,63,57,57
Ignacio Gariglio,CB,26,63,55,63,61,54,66,57
Chase Gasper,LB,28,63,67,68,63,66,69,55
Alec Georgen,RB,25,63,72,49,59,69,59,50
Łukasz Gerstenstein,RM,19,63,77,61,61,72,63,58
Mark Gevorgyan,RB,19,63,81,64,57,79,36,55
James Gibbons,RB,26,63,68,75,57,70,58,59
Alex Gilbert,LM,22,63,66,62,60,67,56,61
Jake Girdwood-Reich,CB,20,63,57,80,65,64,71,56
Kevin Goden,RM,25,63,90,72,60,84,69,58
Gerrit Gohlke,CB,25,63,66,56,56,54,82,54
Rafael Fernandes,CB,22,63,45,56,60,55,66,56
Román Gómez,RB,20,63,70,59,60,73,62,60
Jonathan Germán Gómez,LB,21,63,73,63,53,70,47,56
Yoni Gomis,CB,18,63,53,58,57,63,66,62
Ramiro González,CB,33,63,32,52,58,33,81,57
Omar Gonzalez,CB,35,63,36,61,55,30,84,58
Enso González,LW,19,63,77,49,63,85,33,53
Matías González,CB,21,63,64,65,50,63,69,56
Ethyan,ST,22,63,71,51,63,57,70,57
Lewis Gordon,LB,23,63,80,76,60,82,46,51
Minos Gouras,LM,26,63,70,72,57,86,49,59
Fernand Goure,ST,22,63,66,52,61,58,86,59
Lee Grace,CB,31,63,48,69,61,38,72,60
Kosta Grozos,CM,24,63,67,80,66,69,67,61
Sinan Gümüş,RM,30,63,66,36,67,64,64,55
Julian Günther-Schmidt,CAM,30,63,71,73,58,66,77,66
Viktor Gustafson,CDM,29,63,61,75,62,53,77,62
Jesper Gustavsson,CDM,29,63,63,80,62,50,75,59
Frederik Gytkjær,ST,31,63,60,67,62,66,69,65
Irfan Hadžić,ST,31,63,66,64,46,59,78,58
Antoine Hainaut,RB,22,63,63,46,65,68,54,56
Wojciech Hajda,CAM,24,63,64,71,65,62,75,63
Phil Halbauer,LW,26,63,82,56,59,74,63,57
Belal Halbouni,CB,24,63,63,62,57,58,81,57
Ben Halloran,LM,32,63,80,70,59,75,73,62
Anas Hamzaoui,LB,28,63,70,59,58,72,48,59
Han Kyo Won,RM,34,63,74,61,59,75,62,57
Brandon Hanlan,ST,27,63,85,68,58,82,80,59
Mika Hanraths,CB,25,63,63,60,54,57,78,56
Phil Harres,ST,22,63,73,57,56,72,84,50
Ellis Harrison,ST,30,63,79,70,58,78,80,60
Ibe Hautekiet,CB,22,63,68,53,58,62,75,49
Elias Havel,LW,21,63,73,60,61,69,66,58
Sanousi Hawsawi,RB,26,63,89,90,54,88,71,53
He Guan,CB,31,63,72,66,63,69,74,62
Jaheim Headley,LB,22,63,83,72,59,89,64,53
Aune Selland Heggebø,ST,23,63,67,70,58,67,72,56
Regan Hendry,CM,26,63,73,84,65,68,58,61
Felipe Hernandez,CM,26,63,71,69,69,66,54,64
Nahuel Herrera,CB,19,63,53,56,40,57,76,47
Elliott Hewitt,CB,30,63,71,81,58,71,72,61
Scott High,CM,23,63,71,71,66,72,64,62
Felix Higl,ST,27,63,73,69,64,54,80,55
Brad Hills,CB,20,63,65,71,54,66,79,57
Lukas Hinterseer,ST,33,63,30,35,61,30,83,67
Andreas Eines Hopmark,CB,33,63,34,69,58,34,87,64
Tomáš Huk,CB,29,63,61,48,62,55,70,63
Cameron Humphreys,CDM,20,63,64,69,65,65,61,62
Rob Hunt,RB,29,63,73,80,56,72,54,55
Elias Huth,ST,27,63,78,81,60,77,74,60
Alex Iacovitti,CB,27,63,68,74,57,67,82,53
Lukas Ibertsberger,LB,21,63,72,62,64,67,51,58
Buhari Ibrahim,CB,22,63,70,61,60,74,79,49
Uche Ikpeazu,ST,29,63,59,64,54,49,93,60
Mitja Ilenič,RB,19,63,81,64,57,78,55,65
Florin Ilie,CB,32,63,67,73,56,54,79,61
Kristall Máni Ingason,CAM,22,63,74,61,64,73,42,58
Alain Ipiélé,LW,27,63,73,61,61,73,56,60
Zidane Iqbal,CM,21,63,68,60,64,68,54,65
Rubén Iranzo,CB,21,63,52,59,63,54,65,54
Alexandru Ișfan,RM,24,63,75,74,60,74,68,53
Mohammed Jahfali,CB,33,63,53,60,60,67,71,50
Maudo Lamine Jarjué,CB,26,63,68,65,61,61,88,54
Will Jarvis,LM,21,63,74,61,59,73,51,48
Dany Jean,LM,21,63,78,61,58,82,50,60
Malcolm Jeng,CB,19,63,72,69,62,65,64,62
Jekob Abiezer Jeno,CDM,24,63,60,57,67,50,68,51
Jeong Dong Ho,LB,34,63,70,67,57,69,64,60
Herman Johansson,RB,26,63,71,72,61,70,78,60
Ryan Johansson,RM,23,63,65,64,66,58,57,63
Kelvin John,RM,21,63,80,56,45,78,56,52
Dan Jones,CB,29,63,64,68,58,65,73,58
Thomas Jørgensen,CM,18,63,66,67,64,64,55,63
Miloš Jovičić,CB,29,63,58,64,52,59,82,57
Fernando Juárez,CM,26,63,63,67,70,55,58,63
Sam Junqua,LB,27,63,61,66,54,52,66,57
Elias Kachunga,CAM,32,63,72,53,64,72,67,63
Dimitrije Kamenović,LB,24,63,73,60,63,71,63,56
Patrick Kammerbauer,CM,27,63,64,73,64,73,64,63
Daniel Kanu,ST,19,63,79,70,56,71,66,70
Augustus Kargbo,ST,25,63,83,67,62,79,48,63
Thomas Kastanaras,ST,21,63,65,55,57,62,73,59
Bálint Katona,CAM,22,63,79,54,68,73,50,64
Bryang Kayo,CM,22,63,68,70,67,65,74,60
Emilio Kehrer,ST,22,63,69,67,54,75,51,59
Johnny Kenny,ST,21,63,84,60,58,79,70,59
Sebastian Kerk,CAM,30,63,54,50,65,53,59,51
Alan Kerouedan,RW,24,63,69,75,66,72,53,55
Awadh Khamis,LB,36,63,57,78,64,65,61,61
Saidou Khan,CDM,28,63,70,79,65,60,72,56
Kim Jong Woo,CM,30,63,72,83,64,72,58,59
Kim Jun Yub,RB,36,63,69,59,62,74,72,58
Kim Seung Dae,ST,33,63,78,65,62,78,59,62
Kim Ju Kong,CM,28,63,77,76,65,71,60,67
Kim Tae Hwan,RB,24,63,67,81,57,68,71,63
Joel King,LB,23,63,67,81,61,72,74,58
Ryan Kitto,LB,30,63,80,85,57,76,72,57
Jeppe Kjær,CAM,20,63,77,64,61,77,46,56
Bartłomiej Kłudka,RB,22,63,82,67,59,78,65,55
Tobias Knost,RB,24,63,71,76,58,76,61,53
Kyle Knoyle,RB,27,63,82,85,56,82,65,57
Olaf Kobacki,LM,23,63,75,66,62,77,65,47
Raphael Kofler,CDM,19,63,64,65,63,47,80,56
Ali Koiki,LB,25,63,89,77,50,88,81,62
Thomas Kok,CB,26,63,67,65,67,58,65,62
Apostolos Konstantopoulos,CB,22,63,68,60,63,51,72,60
Filip Koperski,RB,20,63,69,63,62,65,57,61
Meriton Korenica,RW,27,63,73,71,64,72,48,56
Michalis Kosidis,ST,22,63,72,63,55,70,76,45
Tihomir Kostadinov,CAM,28,63,69,64,65,64,55,57
Rachid Kouda,CM,22,63,85,76,66,81,70,68
Johnny Koutroumbis,RB,26,63,73,77,58,74,78,58
Ilias Koutsoupias,CM,23,63,65,76,68,65,70,57
Antoni Kozubal,CM,20,63,63,90,65,75,68,56
Kamil Kruk,CB,24,63,61,69,53,55,75,63
David Kruse,CM,22,63,55,70,65,62,58,63
Sergiy Krykun,LM,27,63,85,70,59,83,72,58
Krzysztof Kubica,CDM,24,63,63,68,62,53,72,60
William Kurtović,CM,28,63,53,75,63,42,87,62
Giorgi Kvernadze,LW,21,63,75,36,61,72,61,55
Youness Lachhab,CDM,25,63,60,57,67,59,70,61
Qasem Lajami,CB,28,63,68,71,47,69,75,58
Michael Lallemand,ST,31,63,74,70,56,72,62,59
Mathis Lambourde,RM,18,63,78,54,58,79,63,55
Ricki Lamie,CB,31,63,38,71,56,47,77,54
Jack Lankester,CAM,24,63,75,61,63,76,61,60
Gaëtan Laura,ST,29,63,87,71,56,80,76,61
Sam Lavelle,CB,27,63,54,71,52,55,79,59
Joshua Laws,CB,26,63,55,65,62,63,74,57
Ryan Leak,CB,26,63,39,69,55,44,81,59
Alan Ledesma,CB,26,63,61,60,54,60,64,60
Lee Sang Min,CDM,25,63,59,68,63,58,67,57
Lee Chan Dong,CM,31,63,53,78,64,60,79,63
Lee Eu Ddeum,LB,35,63,71,75,56,65,68,58
Lee You Hyeon,RB,27,63,72,76,58,70,69,59
Lee Sang Ki,RB,28,63,74,83,58,82,73,58
Lee Jung Taek,CB,26,63,86,75,47,84,77,62
Lee Young Jun,ST,21,63,71,70,52,55,81,60
Stav Lemkin,CB,21,63,70,55,52,60,76,64
Maicol León,CM,21,63,65,74,66,65,61,62
Dean Lewington,CB,40,63,32,78,60,33,76,65
Li Songyi,CB,31,63,42,69,65,53,82,55
Lin Liangming,LW,27,63,79,59,66,84,70,48
Lucas Lissens,CB,23,63,68,54,61,63,68,54
Marcin Listkowski,CM,26,63,79,80,64,81,59,63
Liu Wei,CB,31,63,52,65,42,50,71,62
Lex-Tyger Lobinger,ST,25,63,82,59,60,67,80,60
Klaidi Lolos,CAM,23,63,68,74,62,70,69,62
Irvyn Lomami,RB,20,63,77,61,60,77,61,56
Ariel López,CDM,29,63,52,71,64,48,72,60
Erik López,ST,22,63,65,67,58,62,66,60
Luo Senwen,CM,31,63,65,72,64,66,77,60
Ismet Lushaku,CM,23,63,67,79,67,69,58,60
Ridwane M'Barki,LM,30,63,66,39,63,61,45,55
Aimé Mabika,CB,26,63,75,64,53,59,83,55
Alex MacDonald,RM,34,63,70,70,59,71,72,60
Roman Macek,CM,27,63,65,58,68,61,64,60
Tim Maciejewski,RM,23,63,75,70,62,79,58,64
Paddy Madden,ST,34,63,51,73,61,55,71,66
Niilo Mäenpää,CM,26,63,76,73,66,68,65,68
Laurence Maguire,CB,27,63,63,71,56,60,74,55
Magunazelaia,CAM,23,63,73,58,63,77,54,55
Ibrahim Mahnashi,CDM,24,63,70,70,61,69,76,63
Moïse Mahop,LB,24,63,66,64,58,67,78,58
Gabriel Maioli,RW,21,63,70,57,64,73,54,58
Jordan Majchrzak,ST,19,63,52,51,57,60,65,66
Piotr Malarczyk,CB,33,63,43,62,50,36,81,60
Josué Limberth Mamani,CDM,24,63,68,54,65,63,43,62
Rahil Məmmədov,CB,28,63,55,66,45,55,77,57
Liam Mandeville,RM,27,63,70,74,61,74,64,59
Jovan Manev,CB,23,63,78,61,51,75,76,50
Elias Manoel,ST,22,63,87,75,52,90,76,53
Jérémy Manzorro,CAM,32,63,58,64,65,79,58,61
Rai Marchán,CDM,31,63,55,74,66,58,44,52
Gustavo Marins,CB,22,63,66,65,57,62,74,60
Lucas Maronnier,LB,24,63,67,69,62,71,43,58
Jack Marriott,ST,30,63,74,68,56,78,64,62
Fredy Martínez,LB,23,63,72,66,55,72,40,60
Jayson Martínez,RM,23,63,71,56,64,69,49,59
Marcos Martinich,LB,28,63,76,64,64,73,60,50
Yegor Matsenko,LB,22,63,74,68,51,71,70,58
Faïz Mattoir,LM,24,63,70,49,63,71,48,54
Konrad Matuszewski,LM,22,63,75,74,62,77,63,59
Moses Mawa,ST,28,63,82,65,55,82,82,60
Ethan Mbappé,CM,17,63,58,48,70,64,48,59
Malick Mbaye,RM,20,63,81,59,54,83,57,46
Conor McCarthy,CB,26,63,55,67,55,56,80,58
Sam McClelland,CB,22,63,47,62,50,37,83,62
James McConnell,CM,20,63,65,65,70,63,62,61
Patrick McEleney,CAM,31,63,55,33,63,50,56,61
Cameron McGeehan,CM,29,63,67,82,64,67,70,62
Conor McGrandles,CM,28,63,66,80,64,64,72,61
Cameron McJannet,CB,26,63,53,66,57,53,70,56
Harry McKirdy,RM,27,63,90,54,57,90,35,59
Stephen McLaughlin,LB,34,63,73,72,58,75,59,58
Shane McLoughlin,RB,27,63,77,71,60,74,57,59
Conor McMenamin,RW,29,63,73,47,60,80,51,56
Paolo Medina,RB,25,63,75,66,59,74,62,57
Marcus Johansen Mehnert,RW,26,63,77,73,57,78,69,59
Filippo Melegoni,CAM,25,63,47,65,70,39,62,68
Elias Hoff Melkersen,ST,21,63,74,75,56,73,62,59
Jon Mellish,CB,26,63,73,91,63,68,75,58
Camilo Mena,RW,21,63,79,62,59,79,40,44
Adilson Mendes,LM,27,63,75,60,63,77,48,43
Mateo Mendoza,CB,19,63,58,69,55,61,65,49
Rodri Mendoza,CM,19,63,60,54,65,59,57,63
Paul Mensah,RW,24,63,85,43,54,80,51,49
Juan José Mera,CB,22,63,63,55,42,61,78,61
George Merloi,RM,24,63,77,65,60,76,55,52
Ivan Mesík,CB,23,63,61,67,66,62,82,58
Blondon Meyapya,CB,23,63,73,62,50,62,75,61
Cristian Mihai,CDM,19,63,66,80,69,63,60,57
Daniel Mikić,CB,32,63,81,67,54,80,67,62
Facundo Milán,ST,23,63,64,64,50,67,58,61
Noel Milleskog,RM,22,63,84,74,55,81,47,54
Matías Mir,RM,21,63,75,67,60,66,60,51
Iyad Mohamed,CDM,23,63,56,61,65,54,70,58
Naeem Mohammed,ST,27,63,82,63,55,83,75,59
Thaddäus-Monju Momuluh,RM,22,63,83,47,62,76,55,52
Manuel Mónaco,RM,22,63,64,69,70,66,54,54
Lisandro Montenegro,CM,21,63,65,68,66,69,70,65
Adam Montgomery,LB,22,63,74,67,63,76,56,60
Jasper Moon,CB,23,63,62,58,54,57,72,61
Moon Min Seo,LM,20,63,65,62,65,62,40,63
Martin Moormann,LB,23,63,60,68,55,63,77,65
Leandro Morante,CB,27,63,61,65,60,50,85,60
James Morris,LB,22,63,61,63,54,65,65,60
Bryn Morris,CDM,28,63,66,86,61,68,66,57
Michael Morrison,CB,36,63,35,52,50,33,80,61
Louis Moult,ST,32,63,36,48,62,35,80,63
Tom Moustier,CM,22,63,65,62,67,63,65,65
Louis Mouton,CM,22,63,65,68,68,67,63,67
Loris Mouyokolo,CB,23,63,55,51,51,60,89,53
Christos Mouzakitis,CM,17,63,65,50,68,69,52,62
Marek Mróz,CAM,25,63,74,72,68,75,64,53
François Mughe,RM,20,63,87,62,56,88,49,57
Liridon Mulaj,LM,25,63,69,66,64,70,44,65
Toby Mullarkey,RB,27,63,74,84,55,63,77,58
Iker Muñoz,CM,21,63,64,63,66,54,53,63
Joseph N'Duquidi,CDM,19,63,69,63,63,67,64,59
Bilal Nadir,CM,20,63,54,68,68,62,53,62
Abdenego Nankishi,LM,22,63,80,63,59,87,60,62
Johannes Naschberger,CM,24,63,75,75,66,81,44,60
Mark Natta,CB,21,63,77,84,59,74,79,62
Ben Nelson,CB,20,63,69,62,53,64,76,59
Lucas Ness,CB,22,63,64,68,54,66,78,59
Tomasz Neugebauer,CDM,21,63,65,75,62,67,68,60
Scott Neville,CB,35,63,58,67,58,51,76,61
Lasse Nilsen,LB,29,63,81,78,57,81,70,53
Snorre Strand Nilsen,RB,27,63,67,76,55,62,74,58
Ilmari Niskanen,RB,26,63,74,67,62,76,65,59
Rob Nizet,LB,22,63,79,70,60,84,49,60
Moussa Njie,LW,28,63,87,64,56,85,60,58
Bilal Njie,LM,26,63,86,64,53,88,57,56
Steffen Nkansah,CB,28,63,71,73,57,70,71,58
Béni Nkololo,RM,27,63,80,57,58,80,67,58
Luizão,CDM,26,63,70,71,63,67,71,53
Lee O'Connor,RB,24,63,69,78,60,72,65,60
Thomas O'Connor,CB,25,63,68,74,62,64,70,61
Stephen O'Donnell,RB,32,63,59,69,60,61,65,61
Connor O'Riordan,CB,20,63,55,67,57,55,80,56
Magnar Ødegaard,CB,31,63,40,57,55,50,80,61
Clarke Oduor,RW,25,63,76,59,61,81,56,59
Odel Offiah,CB,21,63,59,51,58,66,67,59
Luke Offord,CB,24,63,64,72,55,66,73,59
Andreas Oggesen,CM,30,63,73,69,66,75,55,64
Shadrach Ogie,CB,23,63,77,72,54,73,75,55
Funso Ojo,CM,33,63,53,72,65,63,67,61
Jubril Okedina,CB,23,63,74,72,55,70,74,59
Andrea Oliveri,RM,21,63,72,41,66,76,41,60
Oliver Olsen,RB,24,63,70,64,64,66,72,53
Halvor Rødølen Opsahl,CB,21,63,57,55,58,54,75,59
Alexandru Oroian,LB,23,63,83,67,62,81,60,59
Rasmus Örqvist,CAM,25,63,67,84,64,70,81,62
Eneko Ortiz,LB,21,63,70,68,58,77,59,60
Bogdan Oteliță,RB,22,63,84,66,55,81,48,50
Fabricio Oviedo,ST,20,63,53,66,52,53,67,63
Yasin Özcan,LB,18,63,67,69,57,63,64,58
Can Özkan,RB,24,63,69,74,61,77,79,57
David Ozoh,CDM,19,63,65,60,64,64,75,62
Pacheco,CAM,22,63,60,64,65,60,61,60
Adrion Pajaziti,CDM,21,63,62,67,63,66,61,58
Ollie Palmer,ST,32,63,42,56,60,46,91,61
Federico Paradela,CM,23,63,69,68,64,67,59,60
Abel Paredes,LB,27,63,57,71,56,62,77,59
Alex Pattison,CM,27,63,81,82,64,82,67,62
Cristian Paz,CB,29,63,53,50,41,53,79,58
Peng Xinli,CDM,33,63,74,76,62,78,64,63
Kevin Pereira,LM,20,63,71,42,63,69,49,44
Carlos Pérez,CB,29,63,47,62,56,47,74,52
Eric Pérez,LW,23,63,75,44,59,74,57,55
Simeon Petrov,CB,24,63,53,56,57,53,71,63
Tom Pett,CM,32,63,50,82,64,55,47,63
David Philipp,ST,24,63,81,64,63,75,57,63
Matteo Piacentini,CB,25,63,64,65,45,59,72,62
Maksymilian Pingot,CB,21,63,59,66,56,66,77,57
Ricardo Matos,ST,24,63,70,69,57,72,60,61
Matthew Platt,CB,26,63,59,71,51,55,82,58
Denis-Will Poha,CM,27,63,60,72,67,71,60,64
Liam Polworth,CM,29,63,63,66,67,63,61,59
Paris Polykarpou,CDM,24,63,63,72,64,64,59,59
Walter Ponce,ST,26,63,67,58,54,64,67,48
Alexandar Popović,CB,22,63,70,67,57,64,79,61
Marcos Portillo,CM,24,63,71,60,65,73,43,62
Jack Powell,CM,30,63,65,83,63,59,61,59
Wouter Prins,LB,20,63,73,53,58,77,48,57
Miguel Puche,ST,23,63,74,64,64,72,62,62
Maximiliano Puig,CDM,23,63,71,53,69,52,58,58
Edgar Pujol,CB,20,63,61,57,63,56,62,62
Joedrick Pupe,CB,27,63,46,51,48,63,73,45
Ben Purrington,CB,28,63,68,65,62,72,72,63
Leandro Putaro,LM,27,63,73,62,60,77,65,61
Ethan Pye,CB,21,63,67,65,55,64,74,59
Niklas Pyyhtiä,CM,20,63,37,52,70,53,65,57
Ahmed Qasem,CAM,21,63,68,57,64,72,60,58
Joshua Quarshie,CB,20,63,55,61,55,55,83,53
Stephen Quinn,CM,38,63,53,69,65,49,59,65
Nelson Quiñónes,LM,22,63,79,45,58,84,47,54
Lucas Quintana,CB,19,63,71,67,48,70,71,63
Junior Quitirna,CAM,24,63,74,65,61,72,34,61
Eduard Radaslavescu,CM,20,63,73,67,67,75,62,60
Haris Radetinac,RW,38,63,58,75,65,49,70,66
Toon Raemaekers,CB,24,63,41,45,62,47,72,57
Sebastián Ramírez,RW,24,63,79,69,57,75,62,56
Grant-Leon Ranos,ST,21,63,60,57,57,65,64,57
Arthur Read,CDM,24,63,66,87,65,68,61,60
Joe Redmond,CB,24,63,54,67,60,55,78,59
Maykel Reyes,RM,21,63,70,61,65,68,61,58
Nico Rieble,LB,29,63,72,67,55,70,74,60
Erik Ring,LM,22,63,81,70,59,79,73,57
Juan Pablo Rioja,CB,36,63,55,65,61,41,83,63
Matthis Riou,CB,23,63,55,67,64,46,74,59
Óscar Rivas,CB,24,63,60,62,60,54,72,60
Thiago,LM,27,63,76,60,64,77,56,58
Damián,CM,21,63,69,72,68,64,55,60
Benjamín Rojas,RB,23,63,68,68,58,72,61,51
Fernando Román,CB,23,63,55,63,60,58,73,60
Henry Rorig,RB,24,63,78,68,63,78,62,55
Danny Rose,ST,30,63,73,75,58,80,60,63
Colin Rösler,CB,24,63,63,69,57,67,72,60
Leândro,RM,35,63,55,47,64,55,57,63
Tim Rossmann,LW,20,63,88,55,61,80,56,58
Sebastián Ruíz Díaz,LM,20,63,70,68,62,67,60,56
Juan Saborido,RB,26,63,65,80,57,66,60,55
Omar Sadik,ST,20,63,73,58,62,63,64,59
Rijad Sadiku,CB,24,63,55,54,59,62,79,55
Kieran Sadlier,LM,30,63,75,67,55,78,65,59
Ryan Sailor,CB,26,63,63,62,46,62,78,55
Salazar,ST,21,63,53,53,63,51,50,54
Martin Samuelsen,ST,27,63,72,55,61,70,58,61
Lucas Sanabria,CDM,20,63,58,62,63,55,57,62
Florent Sanchez,CM,21,63,65,57,71,64,59,58
Isaías,CDM,37,63,34,81,62,40,64,59
Diego Sánchez,CB,21,63,70,72,65,74,65,62
Will Sands,LM,24,63,73,74,61,72,60,56
Ibou Sané,ST,19,63,75,55,57,70,58,57
Tom Sang,RB,25,63,60,64,60,61,64,60
Jabes Saralegui,CM,21,63,69,67,66,70,58,63
Antoni Sarcevic,CM,32,63,49,69,65,44,73,63
Lukas Scepanik,LM,30,63,70,69,59,75,63,56
Sem Scheperman,CDM,22,63,47,79,63,66,76,62
Frederik Schmahl,CAM,21,63,67,67,64,74,60,63
Alexander Schmidt,ST,26,63,53,63,52,51,88,64
Lewis Schouten,CDM,20,63,72,59,66,65,69,57
Lion Schuster,CDM,24,63,69,47,65,67,65,61
Julian Schwermann,CDM,25,63,71,86,59,69,79,65
Tim Sechelmann,CB,25,63,56,66,55,62,84,58
Steve Seddon,LB,26,63,70,77,59,71,56,60
Erlend Segberg,CDM,27,63,45,80,64,43,71,62
Astrit Selmani,ST,27,63,67,71,60,66,78,56
Lion Semić,RB,21,63,79,60,60,87,65,54
Marvin Senger,CB,24,63,75,63,54,66,84,57
Luis Sequeira,CAM,21,63,62,52,65,71,63,56
Jakub Serafin,CDM,28,63,64,75,67,65,56,59
Alin Șeroni,CB,37,63,30,34,48,33,82,57
Javi Serrano,CDM,21,63,65,65,62,74,63,60
Ismaïl Seydi,LW,23,63,87,51,57,89,57,53
Kacper Sezonienko,ST,21,63,76,64,60,79,70,63
Jan Shcherbakovski,CAM,23,63,70,71,62,78,47,55
Juljan Shehu,CDM,26,63,56,59,64,58,63,56
Yeljan Shinar,RB,25,63,75,72,55,77,69,47
Walid Shour,CDM,28,63,68,68,61,64,70,62
Craig Sibbald,CM,29,63,79,80,63,77,45,62
Adama Sidibeh,ST,26,63,86,60,51,90,70,60
Kiki Silva,RW,26,63,72,53,58,72,51,53
Jan-Carlo Simić,CB,19,63,71,52,60,64,62,64
Tyreece Simpson,ST,22,63,87,68,60,81,84,64
Scott Sinclair,LM,35,63,71,64,62,69,62,60
Bipin Singh,LM,29,63,80,82,52,87,53,56
Michal Sipľak,LM,28,63,71,72,63,69,74,59
Jacques Siwe,ST,23,63,63,58,54,66,58,56
Vetle Skjærvik,CB,23,63,71,61,67,70,71,59
Stefan Škrbo,LM,23,63,76,68,58,72,51,52
Dennis Slamar,CB,30,63,74,56,60,69,79,60
Alistair Smith,CM,25,63,78,78,63,74,71,60
Kane Smith,RB,28,63,77,72,52,78,60,59
Amadeus Sögaard,CB,26,63,62,66,59,55,73,59
Momodou Lamin Sonko,LW,19,63,78,59,50,83,57,56
Hugo Sotelo,CM,20,63,65,55,60,66,57,72
Sebastian Soto,ST,24,63,69,44,52,64,66,53
Djibril Soumaré,CDM,21,63,54,54,65,56,68,63
Macauley Southam-Hales,RB,28,63,87,62,60,90,57,56
Kian Spence,CM,23,63,70,88,65,68,58,59
Casper Staring,CDM,23,63,63,64,65,68,70,62
Julian Stark,CM,23,63,62,65,68,64,67,63
Simon Stehle,ST,22,63,90,60,61,92,66,63
Fin Stevens,RB,21,63,61,66,62,63,62,62
Ben Stevenson,CM,27,63,64,74,65,66,62,59
Ryan Stirk,CDM,23,63,68,82,62,74,65,60
Jayden Stockley,ST,30,63,52,76,56,53,86,63
Oliver Strunz,RM,24,63,73,69,57,66,79,62
Quinn Sullivan,ST,20,63,76,57,68,76,58,63
Sam Sutton,LB,22,63,77,71,62,76,65,58
Jayden Sweeney,LB,22,63,72,61,60,74,63,62
Kryspin Szcześniak,CB,23,63,73,72,52,71,70,60
Serafin Szota,CB,25,63,77,82,55,78,78,57
Enrique Taborga,LB,22,63,72,73,58,70,60,57
Emanuel Taffertshofer,CDM,29,63,51,72,61,47,65,61
Madih Talal,CAM,27,63,53,74,72,51,63,59
Chemsdine Talbi,RM,19,63,74,36,62,85,46,43
Gregorio Tanco,CB,24,63,56,63,56,62,68,59
Fábio Tavares,ST,23,63,87,66,59,81,56,59
Dale Taylor,ST,20,63,71,62,58,75,58,64
Richard Taylor,CB,23,63,63,54,52,59,72,61
Matty Taylor,ST,34,63,64,63,59,68,58,67
Berkan Taz,CAM,25,63,68,62,62,77,61,61
Franklin Tebo Uchenna,CB,24,63,78,73,58,71,89,58
Charlie Telfer,CAM,29,63,75,70,65,74,56,59
Doug Tharme,CB,25,63,59,64,45,54,81,61
Christian Theoharous,LM,24,63,79,62,54,83,29,54
Mamadou Thiam,ST,29,63,79,75,59,77,70,60
Natanaël Thio,LW,25,63,72,58,57,72,57,45
Curtis Thompson,CM,31,63,65,73,61,68,71,63
Tommy Thompson,RB,29,63,64,73,63,69,50,62
Dominic Thompson,LB,24,63,74,75,55,74,66,57
George Thomson,RM,32,63,69,85,60,70,59,61
Simon Tibbling,LM,30,63,60,65,65,59,59,61
Curtis Tilt,CB,33,63,54,66,55,53,80,61
Joona Toivio,CB,36,63,50,62,57,44,78,57
Joe Tomlinson,LB,24,63,75,83,58,78,46,57
Al Hassan Touré,RM,24,63,86,63,58,84,77,52
Mariano Troilo,CB,21,63,51,58,56,40,84,59
Troncho,RM,21,63,72,54,63,67,56,58
Kabongo Tshimanga,ST,27,63,79,63,55,79,83,58
Ryan Tunnicliffe,CDM,31,63,54,55,64,46,77,60
Jordan Turnbull,CB,29,63,50,74,51,51,82,60
Lukas Tursch,CDM,28,63,62,65,62,51,74,58
Ema Twumasi,RB,27,63,77,65,57,72,68,60
Eric Uhlmann,CB,21,63,71,61,66,71,67,58
Laurin Ulrich,CM,19,63,66,62,67,73,64,63
Jošt Urbančič,LB,23,63,70,77,57,72,65,60
Lenny Vallier,LB,25,63,73,73,64,75,64,50
Roshon van Eijma,CB,26,63,73,58,45,75,68,63
Liam van Gelderen,RB,23,63,68,51,54,72,66,64
Lucas Varaldo,ST,22,63,64,62,53,64,70,53
Franco Vega,CM,23,63,64,58,71,68,59,60
Robin Velasco,LM,22,63,71,48,65,73,43,50
Juan Vera,CB,25,63,62,60,59,61,72,53
Diego Vera,LB,34,63,60,55,62,69,56,62
Jozhua Vertrouwd,LB,20,63,72,60,57,74,69,61
Iván Vidaurre,LB,37,63,62,65,66,56,73,58
Jair Tavares,LM,23,63,89,59,57,91,34,59
Carlo Villanueva,CAM,25,63,68,54,63,68,63,57
Matty Virtue,CM,27,63,66,70,65,67,60,64
Bohdan Viunnyk,ST,22,63,75,66,68,71,72,55
Emiliano Viveros,RM,21,63,71,66,66,68,48,64
Eric Voufack,RB,22,63,75,63,64,73,64,55
Patrick Vroegh,CM,24,63,51,67,66,64,59,63
Ivan Vujica,LB,27,63,62,80,56,62,74,58
Oliver Wähling,CAM,25,63,66,54,67,71,65,60
Silvan Wallner,CB,22,63,70,69,59,70,68,59
Wang Ziming,ST,28,63,83,66,55,79,82,56
Wang Tong,RB,31,63,77,68,63,79,66,57
Martin Wasinski,CB,20,63,68,59,62,60,62,61
Max Watson,CB,28,63,66,57,59,61,71,61
Max Watters,ST,25,63,74,67,57,77,67,62
Stephen Wearne,CAM,23,63,76,69,63,77,63,57
Victor Wernersson,LB,29,63,69,74,61,69,62,56
Marco Weymans,LB,27,63,79,70,62,75,70,58
Jordan White,ST,32,63,33,61,59,39,82,60
Joe White,CM,21,63,65,60,71,66,63,56
Dennis Widgren,LB,30,63,66,72,61,67,67,60
Jannes Wieckhoff,RB,24,63,80,72,62,73,62,60
Rasmus Wiedesheim-Paul,ST,25,63,76,68,58,75,69,55
Rasmus Wikström,CB,23,63,60,54,61,66,65,63
George Williams,RB,31,63,68,72,59,70,75,60
David Williams,ST,36,63,70,55,55,78,71,66
Jonny Williams,LM,30,63,63,71,62,63,34,62
Ryan Williams,ST,30,63,78,88,60,81,52,60
Jordan Willis,CB,30,63,71,64,55,70,77,62
Dustin Willms,ST,25,63,90,79,59,87,61,62
James Wilson,ST,28,63,71,72,56,68,73,57
Manuel Wintzheimer,ST,25,63,54,70,63,71,70,63
Tomasz Wójtowicz,LM,20,63,71,81,66,69,59,66
Krzysztof Wołkowicz,LM,30,63,78,75,63,77,65,56
Will Wright,CB,27,63,72,79,60,65,75,62
Tyreik Wright,LW,22,63,85,63,57,83,43,56
D'Margio Wright-Phillips,LW,22,63,83,56,53,84,33,55
Wu Xinghan,RB,31,63,78,71,63,78,67,61
Yang Mingyang,CM,29,63,70,75,72,75,50,65
Yang Zexiang,RB,29,63,76,74,55,74,73,55
Lamar Yarbrough,CB,28,63,64,68,58,60,86,56
Anıl Yaşar,CB,22,63,61,68,67,58,66,54
Mert Yılmaz,RB,25,63,84,69,53,82,56,60
Recep Burak Yılmaz,CB,28,63,64,59,55,60,65,63
Ali Youssef,LW,24,63,73,67,61,76,66,50
Míchel Zabaco,CB,35,63,37,58,58,34,71,62
Rafik Zekhnini,LM,26,63,87,53,59,86,33,56
Zhao Honglue,LB,34,63,69,63,61,63,61,60
Zheng Kaimu,CB,32,63,67,80,60,62,80,62
Kelvin Abrefa,RB,20,62,76,66,55,75,57,59
Acerete,ST,22,62,63,59,48,61,52,55
Emile Acquah,ST,24,62,72,66,49,66,82,57
Dennis Adeniran,CM,25,62,73,67,65,67,72,63
Lukas Ahrend,CDM,24,62,63,59,64,64,60,63
Rassambek Akhmatov,CDM,28,62,62,66,64,68,64,60
Tim Akinola,CDM,23,62,68,69,62,74,69,59
Akinsola Akinyemi,CB,31,62,63,55,57,65,81,60
Saleh Al Abbas,ST,30,62,76,65,55,78,63,60
Ali Al Asmari,CDM,27,62,66,65,66,67,68,61
Khaled Al Blooshi,CAM,25,62,67,62,65,66,45,57
Abdullah Al Fahad,CB,30,62,70,77,60,76,71,61
Khalid Al Ghannam,LM,23,62,70,61,55,73,39,52
Saeed Al Hamsal,RB,28,62,82,73,51,85,58,56
Bassam Al Hurayji,RB,24,62,68,71,62,65,71,57
Hamad Al Jayzani,RB,31,62,74,85,57,77,62,53
Fahad Al Jumayah,RB,29,62,74,74,63,74,51,56
Abdulelah Al Khaibari,LB,28,62,72,59,60,74,53,58
Ayman Al Khulaif,LW,27,62,84,59,55,86,31,51
Hamad Al Mansour,LB,31,62,69,59,61,69,71,59
Saad Al Mousa,CB,21,62,63,65,62,62,78,57
Fahad Al Rashidi,RM,27,62,86,59,54,88,62,52
Ziyad Al Sahafi,CB,30,62,44,63,56,43,79,56
Hussain Al Shuwaysh,CB,35,62,33,78,55,32,83,57
Yazan Al-Arab,CB,28,62,59,58,44,56,78,54
Néstor Albiach,ST,32,62,57,61,63,70,65,59
Paolo Alcocer,CDM,24,62,64,54,61,67,69,53
Hussein Ali,RB,22,62,71,69,58,75,57,55
Millenic Alli,ST,24,62,82,64,52,85,70,59
Matías Almeida,ST,19,62,66,63,63,72,50,57
Iker Almena,RM,20,62,72,55,59,75,48,57
Wildo Alonso,LB,34,62,59,66,60,60,61,66
Vitor Meer,LB,20,62,71,65,60,74,54,60
Lucas Ambrogio,LM,25,62,61,46,60,71,60,58
Simon Amin,CM,26,62,64,66,65,70,67,60
Jacob Andersen,RB,20,62,78,60,60,77,66,58
Tom Anderson,CB,31,62,34,66,54,34,84,60
Max Anderson,CM,23,62,78,82,66,75,59,57
Prince Aning,LB,20,62,82,71,61,84,39,57
Tobias Anker,CB,23,62,71,70,60,71,80,57
Eugene Ansah,ST,29,62,76,61,61,82,59,63
Niclas Anspach,CAM,24,62,70,69,68,69,67,56
Stredair Appuah,LM,20,62,67,33,59,66,47,53
Ylies Aradj,LB,19,62,60,61,62,65,54,60
Jakub Arak,ST,29,62,74,64,63,71,73,62
Guilherme Soares,CB,23,62,52,42,53,55,72,58
Alessandro Arena,RM,24,62,78,65,60,80,46,50
Juan Arias,CB,20,62,54,56,56,60,68,62
Juan David Arizala,RM,18,62,83,73,54,81,47,58
Fynn Arkenberg,RB,28,62,61,62,56,55,72,59
Jaurès Assoumou,ST,21,62,65,54,56,72,47,61
Philip Aukland,CB,25,62,57,60,58,55,71,62
Alejandro Azócar,LM,23,62,73,56,64,70,63,50
Sanoussy Ba,RB,20,62,74,56,61,75,52,54
Kwadwo Baah,RW,21,62,77,51,54,86,61,56
Boris Babić,ST,26,62,82,56,52,80,70,60
Fin Back,RB,21,62,70,70,61,64,61,58
Algassime Bah,ST,21,62,87,65,55,85,68,50
Bak Jae Yong,ST,24,62,70,68,45,65,82,57
Courtney Baker-Richardson,ST,28,62,73,72,51,65,80,59
Ulrich Bapoh,CAM,25,62,72,58,61,73,75,66
Matías Barboza,CB,22,62,71,65,53,63,75,59
Joselpho Barnes,ST,22,62,70,58,55,64,60,58
Daniel Bassi,LW,19,62,82,68,56,84,31,52
Zorhan Bassong,LB,25,62,71,62,58,78,63,50
Benedikt Bauer,LB,21,62,72,68,61,75,59,59
Brian Jepthe Bayeye,RM,24,62,75,77,60,78,67,55
Tom Beadling,CB,28,62,60,74,61,52,80,60
Ayman Benarous,CAM,21,62,68,51,64,76,42,57
Sofus Berger,CAM,21,62,72,55,65,73,47,56
Michele Besaggio,CM,22,62,65,59,63,74,63,60
Owen Bevan,CB,20,62,57,48,53,64,71,59
William Bianda,CB,24,62,53,52,53,49,77,55
Jan Biegański,CDM,21,62,62,75,60,59,72,60
Harrison Biggins,CM,28,62,54,80,62,54,64,59
Jóannes Bjartalíð,ST,28,62,70,61,57,69,69,58
Tim Björkström,CB,33,62,61,68,62,52,72,64
Axel Björnström,LB,29,62,73,87,58,73,61,57
Adrian Blake,LM,19,62,79,50,54,80,39,60
Shane Blaney,CB,25,62,53,70,57,46,77,59
Vladislav Blănuță,ST,22,62,68,67,49,64,73,52
Tom Bloxham,RM,20,62,80,67,56,74,75,55
Hiram Boateng,CM,28,62,69,67,66,67,79,60
Ben Bobzien,RW,21,62,60,48,60,66,44,58
Luca Bolay,LB,22,62,70,66,61,72,47,54
Zach Booth,RW,20,62,74,64,63,71,60,61
Antonio Bordușanu,RW,20,62,76,59,60,78,43,54
Raphael Borges Rodrigues,LM,21,62,85,71,50,82,70,58
Subhasish Bose,CB,29,62,68,82,51,68,76,48
Mehdi Boukamir,CB,20,62,66,50,57,56,70,53
Ismaïl Bouneb,CAM,18,62,65,57,63,67,48,59
Elyas Bouzaiene,RB,27,62,75,71,59,73,58,55
Harry Boyes,LB,22,62,75,68,58,65,49,56
Roko Brajković,RM,19,62,77,62,56,81,61,52
José Briceño,ST,22,62,58,70,61,64,59,56
Mario Briceño,RW,28,62,80,42,55,73,64,52
Maximiliano Brito,ST,33,62,52,70,62,49,81,55
Nathan Buayi-Kiala,CM,20,62,64,57,67,62,57,62
Trent Buhagiar,ST,26,62,93,75,52,94,60,64
Aleksander Buksa,ST,21,62,48,76,54,71,67,66
Antonee Burke-Gilroy,LB,26,62,80,73,58,77,53,60
Ronald Bustos,RB,20,62,75,74,61,72,67,50
Neill Byrne,CB,31,62,43,70,49,48,76,59
Valdemar Byskov,LM,19,62,67,51,65,74,33,46
Abraham Cabrera,CB,33,62,52,55,54,55,72,55
Jake Cain,CM,23,62,64,64,64,65,56,60
Joe Caletti,CDM,26,62,53,76,66,69,38,62
André Calisir,CB,34,62,49,63,62,41,72,55
Carlos Calzadilla,RW,22,62,76,71,55,78,64,60
Mamadi Camará,CAM,20,62,72,57,63,75,33,52
Amady Camara,ST,19,62,74,67,61,73,65,59
Christian Camarillo,CB,21,62,66,57,45,64,74,62
Axel Camblan,LW,21,62,73,46,65,79,34,56
Kyle Cameron,CB,27,62,53,75,53,55,74,59
Tyreece Campbell,LW,21,62,83,69,55,79,45,57
Matías Campos,ST,31,62,44,51,53,51,73,56
Tim Campulka,CB,25,62,52,63,53,51,67,60
Marco Camus,LM,22,62,70,64,61,67,41,48
Phillip Cancar,CB,23,62,68,78,59,64,82,59
Ezequiel Cannavó,RB,22,62,66,77,64,68,62,58
Erick Cano,LW,25,62,73,84,57,77,71,59
Juan Cardozo,CM,20,62,65,61,63,55,70,62
Tobias Carlsson,CB,29,62,52,62,52,50,75,58
Tom Carroll,CM,32,62,55,41,66,55,50,64
Niklas Castelle,ST,22,62,68,52,60,77,58,55
Noa Cervantes,RM,21,62,67,63,66,69,40,57
Erdem Çetinkaya,RW,23,62,71,70,59,73,53,51
Ellis Chapman,CAM,23,62,66,70,65,67,68,58
Noah Chilvers,CM,23,62,78,90,62,81,57,56
Cho Hyun Taek,LB,23,62,74,71,52,70,59,58
Mateusz Cholewiak,LM,34,62,83,77,61,82,68,60
Frederik Christensen,LM,22,62,67,66,61,71,62,58
Yunus Emre Çift,CB,21,62,63,64,45,58,68,63
Baldovino Cimino,RB,20,62,78,54,58,79,60,59
Andrei Ciobanu,CAM,26,62,67,56,63,70,53,55
Thomas Claes,CM,20,62,67,60,70,59,61,48
Bobby Clark,CM,19,62,65,58,66,71,54,63
Max Clark,LB,28,62,71,72,58,70,68,58
Mitch Clark,RB,25,62,73,81,55,71,59,59
Ollie Clarke,CM,32,62,67,75,63,62,74,62
Gabriel Cléùr,RB,26,62,53,80,55,70,60,59
Ben Close,CM,28,62,69,76,64,68,63,59
Ionuţ Coadă,CDM,26,62,60,69,63,62,65,58
Ryan Colclough,LM,29,62,72,65,59,73,61,51
Marius Coman,ST,28,62,64,62,54,64,68,55
Mattia Compagnon,ST,22,62,65,56,66,72,41,61
Mark Connolly,CB,32,62,39,68,59,39,74,57
James Connolly,CB,22,62,55,66,59,60,75,56
Dion Conroy,CB,28,62,54,72,59,57,79,59
Lucas Copado,ST,20,62,56,51,61,65,45,63
Dean Cornelius,CDM,23,62,70,72,63,77,61,63
Sam Cosgrove,ST,27,62,56,73,58,50,81,62
Liam Coyle,CDM,24,62,62,71,61,60,62,58
Tristan Crama,CB,22,62,55,61,59,63,68,60
Charlie Crew,CDM,18,62,64,59,68,63,58,61
Joan Cruz,CAM,21,62,66,30,62,65,45,51
Víctor Cuellar,CM,23,62,67,67,65,63,60,61
Francesco D'Alessio,CM,20,62,65,59,69,61,48,60
Cipriano,CB,21,62,61,65,51,56,83,61
Silva,CDM,29,62,69,59,67,69,63,59
Adam Daghim,ST,18,62,82,55,56,79,65,60
Christian Dalle Mura,CB,22,62,50,62,55,62,63,58
Matty Daly,CAM,23,62,63,81,62,67,51,60
Dawda,RM,21,62,72,55,64,72,60,51
Emmanuel Danso,CDM,23,62,73,66,65,73,47,58
Riku Danzaki,RM,24,62,77,56,57,83,57,54
Gabriel David,CM,21,62,71,66,65,73,57,65
Archie Davies,RB,25,62,72,83,58,72,57,52
Ronaldo De Jesús,CB,23,62,55,65,55,48,77,61
Geovane Jesus,RB,23,62,81,63,45,80,58,52
Tika de Jonge,LM,21,62,68,52,65,67,41,47
Tibe De Vlieger,CAM,18,62,69,35,69,65,48,42
Ryan Delaney,CB,28,62,43,67,52,53,84,57
Jacopo Desogus,CAM,21,62,72,56,58,80,46,54
Adam Devine,RB,21,62,66,72,59,63,57,59
Dawson Devoy,CM,22,62,61,73,62,65,60,58
Lautaro Di Lollo,CB,19,62,64,64,42,57,78,49
Fabio Di Michele Sanchez,LB,21,62,76,62,58,74,68,61
Alan Di Pippa,CDM,24,62,64,63,68,61,56,57
Cheick Mamadou Diabaté,CB,20,62,68,55,51,68,66,65
Carlos Díaz,CB,23,62,55,66,60,55,61,60
Timothée Dieng,CM,32,62,54,75,62,49,82,65
Daan Dierckx,CB,21,62,65,52,58,39,68,57
Oumar Diouf,ST,21,62,72,53,58,74,58,61
James Donachie,CB,31,62,50,68,64,44,85,53
Marian Drăghiceanu,CAM,25,62,70,62,62,68,43,59
Freddie Draper,ST,20,62,60,62,57,66,83,60
Jed Drew,LM,21,62,90,74,52,91,63,60
Diego Duarte,ST,22,62,72,66,58,73,62,52
Edgaras Dubickas,ST,26,62,67,47,54,71,71,57
Olivier Dumont,CM,22,62,64,52,67,61,57,58
Marco Ehmann,CB,24,62,77,63,51,80,72,57
Omar El Sawy,CAM,20,62,80,63,62,80,40,55
Callan Elliot,RB,25,62,73,67,57,80,64,60
Marius Elvius,RB,22,62,78,74,56,80,68,58
Ole Enersen,LW,22,62,89,75,60,86,55,52
Martin Ens,CB,22,62,66,67,64,61,65,61
Lee Erwin,ST,30,62,67,69,56,67,72,58
Josué Escartin,CB,21,62,65,52,56,59,66,58
Marco Esteban,CB,18,62,65,57,62,66,64,60
Connor Evans,CM,27,62,75,72,63,72,60,61
Junior Eyamba,ST,23,62,63,66,60,60,72,50
Imoh Ezekiel,ST,30,62,59,51,59,55,62,62
Mo Faal,ST,21,62,74,69,51,71,76,57
Jean Falconí,RB,28,62,65,61,57,65,60,64
Muath Faqihi,LB,22,62,75,72,53,75,71,57
Christian Marques,CB,21,62,54,50,56,49,64,58
Nehemiah Fernandez,CB,19,62,64,55,58,52,70,61
Joaquín Fernández,LM,21,62,75,54,62,70,52,47
Diego Ferraresso,LB,32,62,60,65,61,66,70,60
Marcelo Ferreira,ST,31,62,55,61,64,47,66,49
Nuno Matos,CB,19,62,55,63,25,57,62,49
Nick Fichtinger,CM,20,62,57,64,68,66,58,68
Marcelo Filla,RB,26,62,70,66,62,73,54,53
Franchesco Flores,CAM,23,62,67,58,63,68,39,55
Matty Foulds,LB,26,62,69,80,58,69,70,51
Melkamu Frauendorf,RM,20,62,85,60,54,85,45,56
Orrin McKinze Gaines,RM,26,62,89,62,56,90,61,48
Sean Gannon,RB,33,62,62,69,59,55,68,60
Ismael García,CB,22,62,61,62,39,58,67,52
Gary Gardner,CM,32,62,49,59,63,48,71,64
Sékou Gassama,CAM,23,62,70,46,65,75,48,56
Filimon Gerezgiher,RM,24,62,80,53,59,77,65,56
Andrei Gheorghiță,LM,22,62,74,57,57,70,62,55
Liam Gibson,CB,27,62,67,73,56,69,68,62
Alex Gilliead,CM,28,62,74,91,63,71,67,61
Zak Gilsenan,LM,21,62,69,52,62,75,41,54
Romeo Giovannini,CAM,22,62,77,58,63,73,55,55
Stefano Girelli,CM,23,62,65,64,67,61,33,68
Anthony Glennon,LB,24,62,74,76,60,76,70,56
Alan Gómez,ST,22,62,61,64,56,65,59,59
Christian Gomis,ST,24,62,73,48,54,73,60,56
Tidiam Gomis,LM,18,62,77,50,57,73,52,46
Taras Gomulka,CDM,22,62,66,70,64,63,61,61
Ben Goodliffe,CB,25,62,54,79,50,53,83,60
Kaide Gordon,RW,19,62,67,52,58,76,43,58
Kellan Gordon,RB,26,62,82,68,54,77,64,57
Felix Göttlicher,CB,22,62,69,69,55,50,77,52
Gori,CM,22,62,73,63,64,74,59,60
Kieran Green,CDM,27,62,61,82,58,64,66,62
Aaron Greene,ST,34,62,75,68,57,78,68,53
Dragoș Grigore,CB,38,62,33,34,60,39,71,57
Jamie Grimes,CB,33,62,51,67,55,53,78,61
Liam Grimshaw,CM,29,62,67,77,64,68,72,62
Gu Cao,CB,38,62,35,35,50,35,66,60
Deniz Gül,ST,20,62,65,58,57,64,71,59
Serhat-Semih Güler,ST,27,62,83,58,52,79,63,60
Guo Hao,CDM,31,62,73,79,59,58,67,63
Musa Gurbanli,ST,22,62,69,66,42,69,71,56
Yahav Gurfinkel,LB,26,62,67,80,47,75,50,58
Juan Gutiérrez,CB,24,62,61,65,50,62,73,58
Santiago Guzmán,LM,20,62,68,57,65,64,62,50
Stephen Annor Gyamfi,ST,21,62,77,55,60,75,58,51
Mohamed Hafid,CAM,19,62,69,41,64,69,57,55
Romario Hajrulla,ST,25,62,69,72,60,68,66,57
Ronan Hale,ST,26,62,72,63,57,73,59,61
Connor Hall,CB,31,62,45,74,52,50,83,60
Tyrese Hall,CDM,19,62,69,61,65,70,59,57
Denzel Hall,RB,23,62,72,62,48,79,64,60
Brian Hämäläinen,CB,35,62,55,65,64,63,73,62
Micah Hamilton,LW,20,62,73,51,59,78,53,51
Fredrik Hammar,CM,23,62,64,72,63,68,68,66
Saïd Hamulić,ST,23,62,75,57,60,76,72,61
Isak Hansen-Aarøen,CAM,20,62,65,60,65,77,48,59
Riley Harbottle,CB,23,62,66,69,55,69,79,58
Conrad Harder,ST,19,62,74,53,55,73,61,61
Kian Harratt,ST,22,62,74,61,49,77,72,62
Abdullah Hassoun,RB,27,62,73,75,56,75,66,54
Herman Haugen,RB,24,62,71,80,50,74,74,53
Josh Hawkes,LM,25,62,69,71,59,74,56,54
Florian Heister,RB,27,62,83,65,59,82,63,57
Mustafa Erhan Hekimoğlu,ST,17,62,64,50,61,65,62,47
Andreas Helmersen,ST,26,62,72,67,52,67,81,56
Ewan Henderson,CAM,24,62,57,63,65,60,45,58
Axel Henriksson,CM,22,62,63,47,68,57,63,66
Rushian Hepburn-Murphy,ST,26,62,90,47,54,91,37,57
Bode Hidalgo,RB,22,62,74,66,52,80,65,64
Jack Hingert,RB,33,62,58,76,59,71,62,60
Myles Hippolyte,LB,29,62,82,73,61,82,73,58
Seán Hoare,CB,30,62,37,65,56,36,73,63
Armin Hodžić,CDM,24,62,64,66,65,63,73,60
Yoav Hofmeister,CDM,23,62,61,75,65,65,70,63
Gavan Holohan,CM,32,62,67,85,62,70,58,62
Kevin Holt,CB,31,62,53,76,57,65,71,58
Felix Holzhacker,LB,22,62,51,64,62,69,59,57
Josué Homawoo,CB,26,62,74,54,51,68,87,54
Will Hondermarck,CM,23,62,80,68,66,76,67,64
Hong Si Hoo,RW,23,62,81,58,60,85,64,50
Luca Hoole,RB,22,62,71,71,60,74,68,55
Mattis Hoppe,RB,21,62,69,74,60,73,50,59
Eric Hottmann,ST,24,62,74,64,58,53,77,55
Cameron Howieson,CM,29,62,70,71,60,71,66,60
Andrea Hristov,CB,25,62,66,67,52,61,79,62
Hu Ruibao,CB,27,62,71,66,54,72,73,60
Denver Hume,LB,26,62,79,67,55,80,53,53
Dragoș Iancu,LM,21,62,72,69,63,73,60,58
Melih Ibrahimoglu,CM,24,62,69,66,63,72,52,56
Arijon Ibrahimović,LW,18,62,54,45,59,64,48,52
Burak İnce,RM,20,62,76,52,64,74,57,58
César Inga,LB,22,62,62,60,62,63,57,62
Dane Ingham,RB,25,62,91,84,55,80,83,57
Jesper Isaksen,CM,24,62,68,77,64,71,61,59
Taofeek Ismaheel,LW,24,62,82,57,54,81,43,46
Cătălin Itu,CM,24,62,67,75,64,65,71,60
Ben Jackson,LB,23,62,72,71,59,73,57,55
Michael Jacobs,LM,32,62,59,49,61,65,52,61
Jérémy Jacquet,CB,19,62,68,57,59,59,72,53
Diallang Jaiyesimi,LM,26,62,91,40,58,91,65,56
Dean James,LB,24,62,78,66,58,76,56,54
Jang Seong Won,RB,27,62,74,75,56,75,71,62
Alassana Jatta,ST,25,62,53,55,54,53,78,59
Matt Jay,CAM,28,62,78,77,62,80,34,57
Dominic Jefferies,CM,22,62,74,75,61,71,68,60
Connor Jennings,ST,32,62,55,81,60,65,61,64
Sandesh Jhingan,CB,31,62,53,73,55,52,80,45
Hector Jimenez,RB,35,62,55,62,62,59,61,61
Juan David Jiménez,CDM,30,62,54,68,65,63,59,64
Nestor Jiménez,ST,21,62,59,54,61,73,52,64
Jin Seong Uk,ST,30,62,69,61,59,66,75,59
Alexandru Jipa,LM,23,62,81,75,60,79,61,57
Jo Sung Joon,RW,33,62,81,65,56,82,58,55
Alexander Johansson,ST,28,62,71,77,60,71,73,58
Ryan Johnson,CB,27,62,71,67,50,66,76,59
Levonte Johnson,LM,25,62,71,63,55,75,71,59
James Jones,CM,28,62,67,72,63,68,67,62
Preston Judd,ST,25,62,68,63,44,63,77,53
Jung Dong Yoon,RB,30,62,69,72,59,70,67,59
Marc Jurado,RB,20,62,73,57,63,75,53,60
Matthew Jurman,CB,34,62,33,65,55,34,86,57
Miłosz Kałahur,LB,25,62,72,70,58,79,50,54
Abdoulaye Kamara,CM,19,62,68,64,68,66,68,64
Florian Kamberi,ST,29,62,68,59,58,64,69,59
Georgios Kanellopoulos,CM,24,62,69,67,68,68,57,62
Kang Yoon Gu,RM,22,62,72,59,63,64,60,61
Kang Sang Yoon,CM,20,62,72,72,63,71,48,67
Julian Kania,ST,22,62,66,54,56,63,70,58
Oscar Forsmo Kapskarmo,ST,24,62,67,61,58,58,78,62
Markus Seehusen Karlsbakk,LM,24,62,71,69,59,73,56,55
Daniel Karlsbakk,ST,21,62,80,65,55,76,71,58
Lirim Kastrati,RB,25,62,66,66,57,67,62,59
Dennis Kaygin,CAM,20,62,70,59,62,73,56,55
Joshua Kayode,ST,24,62,78,50,57,67,81,57
Ciarán Kelly,CB,26,62,59,63,51,51,83,58
Georgie Kelly,ST,27,62,64,71,57,54,77,61
Jeremy Kelly,LM,26,62,73,68,57,77,62,59
Omari Kellyman,CAM,18,62,65,56,65,63,56,60
Kristoffer Khazeni,CM,29,62,77,69,66,82,69,52
Kim Han Gil,RM,29,62,78,79,52,81,62,54
Kim Ji Soo,CB,19,62,58,55,52,43,79,50
Kim Min Jun,RW,24,62,80,69,61,78,67,49
Kim Jun Ho,CDM,21,62,64,56,64,61,56,62
Kim Jung Min,CM,24,62,54,64,63,59,67,62
Kim Kang San,CB,25,62,67,69,46,66,74,53
Kim Chan,ST,24,62,75,62,42,76,73,53
Liam Kinsella,CM,28,62,61,90,62,72,61,62
Lukas Klemenz,CB,28,62,59,61,49,54,85,53
Ko Myeong Seok,CB,28,62,71,70,58,70,81,52
Arif Kocaman,CB,21,62,57,66,58,56,59,62
Lennart Koerdt,CAM,19,62,55,54,68,61,50,59
Ali Yavuz Kol,ST,23,62,76,64,59,74,62,56
Niklas Kolbe,CB,27,62,64,69,54,57,76,58
Josue Kongolo,CB,18,62,70,47,51,66,73,58
Kortajarena,CM,24,62,66,60,70,54,61,54
Pritam Kotal,CB,31,62,71,90,52,62,73,47
Kylian Kouassi,ST,21,62,77,59,51,72,74,57
Billy Koumetio,CB,21,62,62,54,51,54,81,54
Mustafa Kourouma,CB,21,62,77,54,54,73,68,62
Elijah Krahn,CDM,21,62,52,53,67,63,62,57
Jan Kronig,CB,24,62,67,67,53,68,73,59
Oscar Krusnell,LB,25,62,80,66,59,76,58,58
Max Kucheriavyi,CM,22,62,69,68,64,75,30,61
Roy Kuijpers,RM,24,62,74,63,58,77,47,53
Willy Kumado,RB,21,62,82,67,56,81,48,59
Filip Kusić,CB,28,62,76,59,53,65,74,58
Märten Kuusk,CB,28,62,61,67,60,63,72,66
Simen Kvia-Egeskog,CM,21,62,72,72,63,73,66,59
Amine Lachkar,CDM,21,62,61,57,68,59,62,55
Michael Lang,RB,26,62,54,65,65,65,61,60
Ziyad Larkeche,LB,21,62,79,55,58,78,54,59
Tobias Lauritsen,CM,20,62,70,62,65,74,57,62
Henry Lawrence,RB,22,62,78,68,56,72,59,56
Lee Seung Mo,CDM,26,62,72,74,63,68,81,59
Jamie Lennon,CDM,26,62,50,81,62,53,73,58
Joe Lewis,CB,24,62,61,68,52,61,82,58
Aaron Lewis,CM,26,62,65,81,62,65,62,63
Liao Chengjian,RB,30,62,68,72,53,68,72,58
Lorenzo Libutti,RB,26,62,56,65,56,63,55,55
Christian Lichtenberger,CAM,28,62,54,50,69,63,49,62
Marcus Lindberg,ST,24,62,67,53,52,64,68,63
Harvey Lintott,RB,21,62,81,80,50,77,79,58
Raphaël Lipinski,LB,22,62,67,70,60,65,55,58
Sondre Liseth,CAM,26,62,62,68,61,61,72,63
Liu Yiming,CB,29,62,67,73,64,63,79,55
Liu Tao,CB,39,62,33,33,53,33,75,53
Marc Llinares,LB,25,62,70,64,58,73,62,59
Franco Lobos,LW,25,62,71,64,62,69,69,57
Chris Long,LM,29,62,75,63,56,77,65,62
Lucas Fabrizio Lopez,RM,26,62,70,56,65,66,57,59
Yordi López,CM,22,62,55,62,65,63,43,60
Noel,ST,21,62,66,47,61,63,46,64
Nathan Lowe,ST,18,62,57,56,54,54,69,57
Esteban Lozano,ST,21,62,56,65,55,58,77,56
Lü Wenjun,LB,35,62,76,77,61,68,76,58
Beryly Lubala,ST,26,62,81,62,58,84,67,57
Lorenzo Lucchesi,CB,21,62,57,64,58,56,70,58
Anton Logi Ludviksson,CDM,21,62,60,63,66,60,66,61
Andreas Ludwig,CM,34,62,66,80,63,70,59,63
Yannik Lührs,CB,21,62,65,57,51,62,78,53
Taylor Luvambo,RB,25,62,80,42,60,89,67,48
Calum MacDonald,LB,26,62,72,73,56,74,65,54
Renzo Machado,ST,18,62,68,57,53,67,69,59
Lukas MacNaughton,CB,29,62,68,65,53,50,73,63
Eros Maddy,RM,23,62,82,52,51,87,50,60
Tyler Magloire,CB,25,62,90,64,50,90,80,56
Júlíus Magnússon,CDM,26,62,66,61,64,65,67,60
John Mahon,CB,24,62,53,70,52,54,80,50
Curtis Main,ST,32,62,72,64,52,66,82,58
Aldo Maiz,CM,24,62,68,55,70,69,49,59
Aaron Malouda,CAM,18,62,76,34,61,71,50,54
Navin Malysh,RB,21,62,74,73,49,76,57,61
Christopher Mamengi,CB,23,62,72,56,52,67,76,60
Alassan,LM,22,62,85,58,59,86,48,49
Hector Manrique,CAM,18,62,86,50,64,80,45,53
Agustín Manzur,CM,23,62,66,71,66,68,54,60
George Maris,CM,28,62,69,70,62,67,65,62
Benjamin Markuš,CDM,23,62,65,67,62,62,65,56
John Marquis,ST,32,62,51,76,56,52,81,58
Max Mata,ST,24,62,74,68,53,70,73,52
Kuryu Matsuki,CM,21,62,65,72,66,68,72,60
Noam Mayoka-Tika,CM,20,62,60,53,67,56,66,60
Luke Mbete,CB,20,62,73,67,62,67,73,58
Conor McAleny,LW,32,62,80,70,56,80,46,58
Alfie McCalmont,CM,24,62,63,74,63,68,58,61
Rod McDonald,CB,32,62,48,72,53,51,80,61
George McEachran,CM,24,62,53,73,65,69,37,59
Dylan McGeouch,CM,31,62,61,66,64,51,69,58
JJ McKiernan,CAM,22,62,77,68,62,73,63,58
Callum McManaman,RM,33,62,69,53,63,63,60,56
Paul McMullan,RM,28,62,75,76,53,77,34,51
Charlie McNeill,ST,21,62,69,63,58,71,63,60
Daylam Meddah,CB,21,62,72,49,67,64,74,55
Marlon Medranda,LB,25,62,69,74,60,73,68,51
Richard Meier,ST,20,62,64,65,59,63,83,61
Jacob Mendy,LB,27,62,90,76,54,88,70,53
José Menor,ST,22,62,72,53,61,76,45,61
Kai Meriluoto,ST,21,62,70,62,56,76,57,62
Leny Meyer,LB,20,62,59,64,60,63,53,61
Andreas Mihaiu,RM,26,62,72,62,61,76,60,54
George Miller,ST,26,62,84,69,55,81,65,59
Stanley Mills,RM,20,62,68,55,57,71,54,57
Min Sang Gi,CB,33,62,68,59,60,65,80,53
Mariano Miño,RM,30,62,60,34,71,61,30,56
Kevin Miranda,CB,21,62,54,51,46,52,69,56
Akash Mishra,LB,22,62,72,90,55,77,70,47
Mo Jae Hyeon,RM,27,62,80,59,58,74,63,55
Baran Mogultay,LB,20,62,74,64,59,69,54,60
Yannik Möker,CDM,25,62,71,81,61,76,67,56
Stian Molde,LB,27,62,68,62,59,67,63,56
Estivel Moreira,CM,25,62,71,76,68,74,44,55
Cláudio Silva,CB,24,62,52,46,56,47,73,57
Marco Moreno,CB,23,62,65,64,58,50,76,56
Kieron Morris,LM,30,62,67,75,60,68,66,60
Jack Moylan,ST,23,62,72,68,59,75,57,62
Samuel Mráz,ST,27,62,73,67,57,70,58,65
Nordin Musampa,LB,22,62,73,60,63,67,64,53
Jakub Myszor,CAM,22,62,85,61,58,86,46,54
Pierre Nadjombe,RB,21,62,71,60,55,73,62,51
Shuma Nagamatsu,CAM,29,62,72,55,65,70,41,55
Amine Naïfi,ST,24,62,80,60,62,80,50,57
Arkadiusz Najemski,CB,28,62,59,75,42,57,78,64
Elliot Newby,LB,28,62,75,85,58,80,56,59
Oumar Ngom,CM,20,62,61,63,67,59,68,60
Aurélien Nguiamba,CM,25,62,68,74,67,63,68,63
Tom Nichols,ST,31,62,74,84,62,78,62,63
Will Nightingale,CB,29,62,53,64,54,54,74,55
Axel Norén,CB,25,62,53,61,55,54,77,59
Dominik Nothnagel,CB,29,62,69,64,59,68,68,60
Charly Nouck,LW,20,62,88,62,42,86,44,58
Patrick Nwadike,CB,26,62,51,60,60,57,85,59
Silas Nwankwo,ST,20,62,82,64,55,83,80,55
Moses Nyeman,CDM,20,62,68,75,67,72,33,57
Gary O'Neill,CM,29,62,50,74,65,52,67,61
Adam O'Reilly,CDM,23,62,64,73,63,65,63,68
Kevin O'Toole,LB,25,62,65,70,60,70,64,61
Rhys Oates,ST,29,62,85,64,53,81,78,62
Ayo Obileye,CB,30,62,67,71,55,71,82,55
Wilmer Odefalk,CM,19,62,67,67,64,68,53,59
Obilor Denzel Okeke,LW,22,62,78,63,57,77,60,56
Armstrong Oko-Flex,LM,22,62,79,59,55,76,59,52
Alberto Costa,RB,20,62,66,44,58,68,62,63
César Olmedo,RB,21,62,76,64,59,73,61,53
Elias Olsson,CB,21,62,69,70,55,66,70,63
Toyosi Olusanya,ST,26,62,85,39,57,81,47,61
Promise Omochere,ST,23,62,76,73,58,72,80,60
Justin Omoregie,CDM,20,62,71,54,65,66,62,60
Wyatt Omsberg,CB,28,62,42,63,53,36,75,60
Octavio Ontivero,LB,18,62,71,63,58,69,48,52
Sondre Ørjasæter,LM,20,62,79,61,55,75,53,54
Darius Oroian,RB,21,62,75,58,56,84,60,56
Anyelo Ortíz,CB,22,62,67,63,60,67,55,57
Marcos Ovejero,ST,37,62,75,36,63,77,48,54
Riccardo Pagano,CAM,19,62,56,35,70,53,35,62
Pierangelo Pagnano,CM,23,62,70,52,67,70,53,60
Nicolás Palavecino,LM,21,62,61,52,65,66,66,47
Jorge Palomino,CDM,29,62,50,64,60,59,66,63
Jan Paluska,CB,19,62,67,61,56,65,72,57
Joaquín Panichelli,ST,21,62,55,59,50,53,68,58
Ștefan Pănoiu,CAM,21,62,71,62,64,70,58,58
Isaac Pappoe,CM,20,62,67,66,65,68,63,62
Park Seong Hun,CB,21,62,58,64,57,63,67,55
Park Tae Joon,CM,25,62,72,87,62,71,65,63
Răzvan Pașcalău,CB,20,62,62,64,56,59,76,57
Maksim Paskotši,CB,21,62,57,62,63,63,68,58
Răzvan Patriche,CB,38,62,40,58,69,43,75,56
Omari Patrick,LM,28,62,83,72,55,84,71,58
Dominik Pelivan,CDM,28,62,65,83,62,59,73,61
Mateo Pellegrino,ST,22,62,55,54,59,52,81,58
Sebastián Pereira,CB,25,62,41,57,41,37,88,51
Brayann Pereira,RB,21,62,79,56,55,74,36,58
Ovidiu Perianu,CDM,22,62,72,69,62,73,68,63
Sonny Perkins,ST,20,62,70,61,58,64,68,59
Taylor Perry,CM,23,62,68,70,64,69,57,60
Joel Persson,ST,21,62,64,58,51,42,83,59
Luca Petrasso,LB,24,62,77,68,57,72,66,56
Charles Petro,RB,23,62,81,73,61,81,65,56
Gabriele Piccinini,CDM,23,62,65,63,70,66,67,59
Dylan Pierias,RM,24,62,87,65,57,89,67,51
Aaron Pierre,CB,31,62,51,50,51,55,90,59
Joe Pigott,ST,30,62,59,67,57,67,77,61
Luke Plange,ST,21,62,69,56,52,67,58,59
Dylan Portilla,CM,20,62,67,70,68,65,68,56
Tobías Portillo,LM,19,62,70,60,64,74,55,44
Aaron Pressley,ST,22,62,72,67,52,68,84,57
Joe Pritchard,CAM,28,62,71,69,61,74,58,59
Bjarne Pudel,CB,23,62,62,63,62,52,75,61
Simone Rabbi,ST,22,62,61,51,61,64,58,60
Mateusz Radecki,CAM,31,62,64,72,64,62,67,62
Adam Radwański,CAM,26,62,72,81,62,71,57,58
Sidney Raebiger,CM,19,62,65,50,69,71,34,57
Luca Raimund,CAM,19,62,69,54,65,69,56,61
Mikkel Rakneberg,LB,22,62,73,59,58,71,59,52
Lalengmawia Ralte,CM,23,62,54,86,64,67,72,57
Alexander Ranacher,RB,25,62,80,78,61,75,58,52
Alex Rangel,CB,22,62,62,66,54,60,71,54
Farrend Rawson,CB,28,62,49,72,49,50,81,54
George Ray,CB,30,62,47,69,45,51,81,64
Andre Raymond,LB,23,62,75,65,56,71,65,57
Givairo Read,RM,18,62,82,66,58,80,58,54
João Pedro,LB,21,62,58,66,60,59,70,50
Oskar Repka,CDM,25,62,56,64,59,54,78,63
Paulo Retre,CDM,31,62,36,79,63,45,67,57
Sebastian Revan,LB,21,62,54,62,56,65,48,61
Ioan-Călin Revenco,RB,24,62,64,69,60,65,54,58
Rodrigo Macedo,ST,21,62,59,63,55,62,70,62
Gorka,LB,20,62,69,63,57,68,65,62
Milan Robberechts,RM,20,62,70,57,64,69,57,59
Cristiano,RW,23,62,71,61,58,77,49,60
Luke Robinson,LB,22,62,75,70,55,70,67,58
Yomar Rocha,RB,21,62,72,60,66,75,55,59
Nathan Rodes,CDM,26,62,52,55,65,57,60,58
Harvey Rodgers,CB,27,62,67,77,55,65,74,58
Pontus Rödin,CB,24,62,63,61,61,58,63,59
Grzegorz Rogala,LB,28,62,64,70,59,63,67,59
Logan Rogerson,RW,26,62,81,65,55,80,59,55
Joel Román,RM,34,62,69,59,60,70,42,55
Imad Rondić,ST,25,62,65,65,50,60,77,59
Jake Rooney,CB,21,62,64,70,62,60,72,54
Martin Ove Roseth,CB,26,62,72,62,58,65,69,60
Jordan Rossiter,CDM,27,62,49,63,61,51,70,55
Neluț Roșu,CM,31,62,64,72,64,72,56,60
Aaron Rowe,RM,24,62,83,70,60,86,66,52
Sebastian Rudol,CB,29,62,63,75,58,68,67,62
Armando Ruiz Díaz,RB,31,62,69,66,58,66,62,58
Jacen Russell-Rowe,ST,22,62,70,58,58,72,72,55
Ryan Rydel,LB,23,62,80,74,56,82,64,56
Ramien Safi,LW,24,62,77,66,58,77,52,60
Yousef Salech,ST,22,62,69,66,47,63,84,58
Nathan-Dylan Saliba,CM,20,62,58,65,69,68,58,64
Dikeni Salifou,CDM,21,62,54,55,66,54,68,63
Max Sanders,CM,25,62,63,72,64,68,62,59
Lucas Sanseviero,RW,24,62,84,70,37,83,48,53
Jonatas Santos,RM,22,62,84,58,56,79,65,56
Tobias Schättin,LB,27,62,62,69,58,65,69,54
Max Scholze,RB,19,62,62,59,50,67,54,56
Mika Schroers,LM,22,62,66,54,64,66,47,49
Aaron-Sky Schwarz,LW,20,62,72,57,63,70,72,51
Matías Segovia,RM,21,62,66,54,61,64,38,50
Vicko Ševelj,CB,23,62,63,61,54,59,68,60
Joaquin Seys,LB,19,62,77,63,51,80,46,59
Khiry Shelton,ST,31,62,74,68,64,72,88,57
Shun Shibata,CAM,27,62,68,60,66,70,59,53
Connor Shields,ST,27,62,74,71,59,68,56,62
Shola Shoretire,CAM,20,62,73,59,58,72,51,59
Stiven Shpendi,ST,21,62,56,48,50,67,60,60
Matías Silva,CM,19,62,55,77,68,57,44,66
Aidan Simmons,RB,21,62,71,76,59,81,31,59
Christopher Simon,CDM,24,62,71,77,60,68,68,60
Oskar Sivertsen,LW,20,62,79,50,60,83,35,50
Robert Slevin,CB,26,62,75,64,53,77,73,54
Jaden Slory,RW,19,62,84,52,52,83,43,49
Andy Smith,CB,23,62,62,69,56,66,74,58
Harry Smith,ST,29,62,52,65,55,50,90,60
Liam Smith,RB,28,62,72,78,56,73,66,55
Tommy Smith,CB,34,62,37,44,57,42,77,60
Hubert Sobol,ST,24,62,69,62,54,70,67,56
Noah Söderberg,CM,23,62,62,74,64,69,63,60
Łukasz Sołowiej,CB,35,62,33,61,48,34,83,49
Sondre Sørløkk,CM,27,62,81,78,63,79,76,55
Matías Sosa,RM,23,62,69,48,56,68,62,59
Jaushua Sotirio,RM,28,62,90,78,50,91,77,58
Tyrese Spicer,LW,23,62,71,34,59,68,50,45
Tony Springett,RM,21,62,80,59,57,80,56,65
Stefan Stefanovici,LB,22,62,72,69,57,72,58,60
Luca Stephenson,RB,20,62,71,73,57,75,62,56
Konrad Stępień,CDM,31,62,60,72,62,63,76,60
Jamie Sterry,RB,28,62,70,73,55,73,66,58
Manuel Stiefler,CB,36,62,55,75,68,71,73,66
Paweł Stolarski,RB,28,62,69,76,57,71,65,55
Tobias Storm,RB,20,62,71,60,60,73,55,59
Diego Stramaccioni,CB,23,62,61,62,47,57,69,63
Robert Street,ST,22,62,68,67,59,66,75,61
Nikola Štulić,ST,23,62,66,47,60,40,74,56
Marcelo Suárez,CB,22,62,62,65,62,55,72,60
Martín Suárez,CM,20,62,68,69,59,62,50,67
Aleksandar Šušnjar,CB,29,62,61,67,58,55,82,57
Will Swan,ST,23,62,75,66,55,76,63,58
Fodé Sylla,CDM,18,62,62,55,65,51,70,55
Youssuf Sylla,ST,21,62,71,58,54,66,88,56
Clayton Taylor,LM,20,62,83,69,50,83,63,61
Semir Telalovic,ST,24,62,59,63,54,55,73,60
Dom Telford,ST,27,62,77,75,56,77,54,62
Emre Tezgel,ST,18,62,71,51,55,64,56,59
Anirudh Thapa,CM,26,62,57,76,64,68,64,61
Timmy Thiele,ST,33,62,66,55,58,65,75,60
Conor Thomas,CDM,30,62,65,85,58,57,70,59
Kolbeinn Thórdarson,CM,24,62,66,76,68,67,66,55
Nökkvi Þórisson,LM,25,62,76,50,58,61,70,52
Alexandru Țigănașu,LB,34,62,70,80,59,63,73,56
Demir Ege Tıknaz,CDM,20,62,69,64,72,63,61,57
Dawid Tkacz,LW,19,62,71,60,63,73,58,53
Todor Todoroski,RB,25,62,72,66,58,74,55,57
Jonathan Tomkinson,CB,22,62,75,60,50,68,79,59
Franco Tongya,RW,22,62,73,68,69,69,64,62
Thilo Töpken,ST,25,62,72,63,55,68,85,59
Sebastian Tounekti,LM,22,62,74,58,58,76,55,55
Shilow Tracey,RM,26,62,90,51,56,82,60,56
Răzvan Trif,LB,26,62,73,63,60,72,62,58
Jack Tucker,CB,24,62,57,76,56,70,82,58
Alexandru Tudorie,ST,28,62,63,62,57,55,77,60
Rayhaan Tulloch,LM,23,62,75,54,58,82,58,54
Lukas Ullrich,LB,20,62,66,65,61,68,64,57
Franco Umeh-Chibueze,RW,19,62,75,54,57,78,57,55
Emrecan Uzunhan,CB,23,62,61,62,53,67,78,56
Sebastián Valdéz,CB,28,62,52,53,41,51,69,47
Gonzalo Valdivia,LB,23,62,64,51,59,63,74,57
Jack Vale,ST,23,62,72,62,58,73,61,60
Jort van der Sande,ST,28,62,64,58,61,59,60,61
Cristhian Vargas,RW,29,62,63,40,48,66,48,65
Alenis Vargas,RW,20,62,90,59,60,86,66,52
Theo Vassell,CB,27,62,71,72,55,73,75,58
Yannis Verdier,LW,21,62,57,68,65,68,66,63
Valentino Vermeulen,RB,23,62,74,70,61,72,65,59
Pau Víctor,ST,22,62,75,62,64,77,67,60
Julio Vila,CB,28,62,63,64,46,66,71,54
Dioni,ST,34,62,61,56,47,54,78,56
Agustín Villalobos,CM,21,62,67,58,68,71,57,60
Jaime Villamil,LB,31,62,72,75,62,74,56,49
Felix Vá,RW,26,62,90,71,55,88,54,54
Romeo Vucic,ST,21,62,65,56,52,62,73,55
Jacob Wakeling,ST,22,62,80,66,55,81,60,59
Tim Walbrecht,CB,22,62,55,54,60,55,72,56
Lukas Wallner,CB,21,62,70,50,59,66,75,52
Wang Qiuming,CM,31,62,84,79,62,75,64,59
Wang Haijian,CM,24,62,73,63,62,70,59,69
Tyrell Warren,RB,25,62,65,80,53,71,64,50
Taylor Washington,LB,31,62,70,54,55,70,62,62
Marcin Wasielewski,RB,30,62,74,64,55,78,73,57
Niklas Jensen Wassberg,LW,20,62,67,70,64,69,44,60
Ryan Watson,CM,31,62,66,80,62,60,73,61
Dylan Watts,CM,27,62,53,64,64,54,62,58
Caleb Watts,RM,22,62,57,64,61,68,55,62
Akil Watts,RB,24,62,70,63,58,73,71,58
Byron Webster,CB,37,62,43,58,52,34,82,60
Marius Wegmann,CB,26,62,60,55,58,61,67,56
Moritz Wels,CAM,19,62,68,53,62,69,61,56
Zain Westbrooke,CM,27,62,64,75,62,66,68,59
Ben Westermeier,CM,21,62,68,73,70,67,68,60
Shaun Whalley,RM,37,62,67,63,58,69,54,62
Harvey White,CDM,22,62,64,64,63,67,47,61
Yanic Wildschut,LM,32,62,74,54,60,77,80,56
MJ Williams,CDM,28,62,51,69,61,49,73,59
Levin Winkler,CM,21,62,62,53,68,63,60,62
Norbert Wojtuszek,RM,22,62,72,62,61,79,58,58
Richard Wood,CB,39,62,32,36,53,28,81,63
Luuk Wouters,LB,25,62,46,62,62,53,79,60
Jacob Wright,CDM,18,62,63,64,68,65,51,58
Xie Wenneng,RM,23,62,72,57,57,75,52,60
Xu Haoyang,CM,25,62,76,71,65,75,55,65
Yang Yun,CB,35,62,53,66,55,58,75,57
Yang Kuo,RB,31,62,77,75,59,72,68,57
Yao Junsheng,RM,28,62,70,70,58,72,59,55
Terry Yegbe,CB,23,62,65,59,59,63,85,55
Moussa Yeo,CM,20,62,67,58,65,72,28,58
Luke Young,CM,31,62,49,84,63,54,58,59
Yu Dabao,CB,36,62,49,42,58,37,83,56
Yu Hanchao,LM,37,62,73,61,59,69,64,55
Yu Yang,CB,35,62,63,69,60,45,77,54
Yue Tze nam,RB,26,62,75,81,41,74,43,61
Eriq Zavaleta,CB,32,62,45,63,61,48,78,55
Davor Zdravkovski,CDM,26,62,64,71,62,64,58,64
Zhang Jiaqi,CDM,32,62,53,82,54,57,86,58
Zhang Xiaobin,CM,30,62,54,76,63,61,78,63
Zheng Dalun,RM,30,62,78,77,63,80,43,56
Christoffer Aasbak,LB,31,61,48,67,61,56,71,60
Abduhamit Abdugheni,RB,26,61,76,72,50,78,75,55
Sahal Abdul Samad,CM,27,61,52,57,61,55,61,64
Jalal Abdullai,ST,19,61,79,52,56,72,70,51
Mohamed Achi,CM,22,61,64,61,66,67,43,53
Mo Adams,CDM,27,61,65,58,62,54,61,56
Emmanuel Adegboyega,CB,20,61,57,68,47,64,76,54
Dan Adu-Adjei,ST,19,61,77,56,55,76,50,57
Christ Afalna,CAM,26,61,67,61,61,69,60,63
Oscar Aga,ST,23,61,69,54,50,73,62,58
Alexander Ahl Holmström,ST,25,61,78,67,52,61,84,56
Abdelhamid Ait Boudlal,CB,18,61,73,57,58,61,72,56
Mohammed Al Baqawi,CB,29,61,73,83,58,70,66,60
Hussain Al Eissa,LM,23,61,83,67,53,83,56,54
Abdullah Al Hamdan,ST,25,61,73,63,64,68,71,54
Ziyad Al Johani,CM,22,61,64,61,67,63,56,62
Nouh Al Mousa,CDM,33,61,47,66,62,35,64,55
Fahad Al Muwallad,LM,30,61,86,57,54,82,62,56
Eid Al Muwallad,CDM,22,61,66,66,61,65,62,58
Salem Al Najdi,LB,21,61,66,60,50,66,60,58
Mohammed Al Qahtani,RM,22,61,77,59,56,80,46,54
Abdulrahman Al Safri,CDM,31,61,55,75,62,55,62,55
Abdullah Al Salem,ST,31,61,56,62,62,60,78,57
Khaled Al Samiri,CM,27,61,49,72,63,65,54,57
Abdullah Al Shamekh,LB,31,61,71,62,55,73,72,52
Mohammed Al Shuwayrikh,CB,26,61,60,60,55,62,74,59
Hussain Al Zabdani,RB,29,61,70,66,53,72,65,58
Ibrahim Al Zubaidi,LB,34,61,66,64,60,66,65,53
Mohamed Al-Taay,CDM,24,61,71,65,61,75,69,53
Edgar Alcañiz,CM,19,61,63,59,68,61,43,56
Agustín Alcaraz,CDM,26,61,64,70,65,60,58,58
Ayoub Aleesami,CB,28,61,70,60,50,65,82,60
Taylor Allen,CB,24,61,77,71,52,78,72,57
Fernando Álvarez,CB,21,61,67,67,63,68,72,54
Will Alves,CAM,19,61,64,53,64,69,51,57
Ricardo Alves,CAM,22,61,68,63,61,72,34,58
Nelson Amadin,RM,23,61,76,42,58,72,57,50
Lukáš Ambros,CAM,20,61,67,45,60,69,43,59
Samuel Amo-Ameyaw,LW,18,61,77,58,55,79,32,56
Pádraig Amond,ST,36,61,38,62,56,34,73,54
Adriano,ST,22,61,80,62,64,78,51,57
Harry Anderson,RM,27,61,81,74,57,83,71,56
Ayman Aourir,CAM,19,61,67,47,60,64,33,55
Thomas Aquilina,RM,23,61,78,75,56,84,60,58
Telmo Arcanjo,CAM,23,61,69,33,63,68,61,60
Mateo Argüello,RB,22,61,68,62,42,66,63,55
Nahuel Arias,RB,19,61,70,66,57,72,45,56
Emilio Aristizábal,ST,19,61,72,60,49,72,70,52
Maleace Asamoah,RM,21,61,83,62,49,85,57,53
Patric Åslund,CM,22,61,67,58,65,72,63,60
Loick Ayina,CB,21,61,82,65,60,84,72,50
Marcus Baggesen,LB,21,61,75,67,59,74,60,57
Bai Yang,CB,26,61,61,53,44,53,76,55
Ignacio Bailone,ST,30,61,54,62,58,55,80,64
Elias Bakatukanda,CB,20,61,64,46,39,63,68,57
Anas Bakhat,CAM,24,61,71,58,64,69,70,59
James Balagizi,CM,20,61,77,67,63,74,71,60
Aden Baldwin,CB,27,61,68,70,55,67,71,58
Noahkai Banks,CB,17,61,63,64,56,59,72,59
Ollie Banks,CM,31,61,52,74,61,54,82,60
Tammer Bany,ST,20,61,70,59,56,67,60,54
Moussa Baradji,CM,23,61,67,63,68,67,59,59
Cristian Bărbuț,RM,29,61,83,58,58,85,44,55
Tom Barlow,ST,29,61,78,73,53,75,75,60
Abubakr Barry,CM,24,61,70,70,69,62,72,62
Baselga,ST,25,61,67,60,59,65,57,60
Elias Baum,RB,18,61,69,59,61,66,57,58
Frederic Baum,CDM,24,61,72,63,59,69,69,59
Luis Becerra,CB,26,61,71,53,58,71,70,60
Eghosa Bello,ST,20,61,66,61,50,64,73,50
Nehuen Benedetti,CM,19,61,74,57,63,65,64,59
Victory Beniangba,ST,21,61,60,53,55,60,68,60
Scot Bennett,CDM,33,61,40,71,55,34,70,59
Rhys Bennett,CB,20,61,59,58,57,58,70,58
Robbie Benson,CAM,32,61,52,51,67,42,59,60
Joel Bichsel,CB,22,61,55,54,56,53,75,54
Noah Bischof,ST,21,61,75,63,57,81,56,65
Clement Bischoff,LB,18,61,70,58,60,67,59,59
Parfait Bizoza,CM,25,61,68,75,64,62,74,64
Carl Björk,ST,24,61,78,66,59,77,67,57
Ernest Boahene,RB,24,61,77,64,53,73,58,56
Thomas Boakye,RM,31,61,83,73,56,80,62,52
Donny Bogicevic,CAM,22,61,63,56,63,63,67,60
Hugo Bolin,CAM,21,61,74,74,57,78,42,45
Joshua Bolma,LM,22,61,71,52,55,80,32,51
Giovanni Bonfanti,CB,21,61,39,51,57,38,58,61
Gennaro Borrelli,ST,24,61,51,35,50,38,81,54
Ivann Botella,CAM,25,61,59,61,62,68,65,59
Théo Bouchlarhem,LM,23,61,67,54,59,70,45,57
Ryan Bowman,ST,32,61,61,78,58,54,80,60
Ronan Boyce,RB,23,61,65,71,55,65,65,56
Rosen Bozhinov,CB,19,61,68,54,58,56,69,58
Tom Bradbury,CB,26,61,60,66,52,58,80,56
Jascha Brandt,CAM,21,61,78,59,66,75,50,61
Mario Bratu,RW,22,61,80,61,61,81,38,54
Sammy Braybrooke,CDM,20,61,62,55,64,61,55,60
Kian Breckin,CM,20,61,68,66,66,67,58,56
Anthony Breslin,LB,27,61,72,85,56,71,69,52
Yannick Bright,CDM,23,61,70,63,68,71,48,55
Killian Brouder,CB,26,61,51,70,45,53,74,54
Charlie Brown,RM,24,61,81,62,57,82,61,56
Jaden Brown,LB,25,61,80,63,57,78,62,53
James Brown,RB,26,61,70,72,56,74,69,58
Keith Buckley,CDM,32,61,41,76,57,45,62,56
Garry Buckley,CB,31,61,34,34,58,37,77,56
Rares Burnete,ST,20,61,57,50,49,52,59,54
Warren Burrell,CB,34,61,68,82,54,67,72,60
Mason Burstow,ST,21,61,75,53,55,71,77,58
Daniel Butterworth,CAM,25,61,82,60,58,85,57,61
Cabello,LB,20,61,65,60,59,66,55,61
Enzo Damián Cabrera,CDM,19,61,66,69,66,67,60,53
Joel Calicho,LW,29,61,75,71,62,69,68,55
Haroune Camara,ST,26,61,80,68,54,86,81,57
Innes Cameron,ST,24,61,55,65,59,50,78,58
Cao Yongjing,RM,27,61,83,79,53,80,74,58
Adrian Caragea,LW,19,61,67,62,61,65,60,54
Sergio Carrasco,ST,19,61,65,72,52,58,79,51
Lewis Cass,CB,24,61,67,60,57,64,73,57
Català,CB,20,61,65,63,62,62,59,61
Ekin Celebi,LB,24,61,66,68,54,65,67,54
Uba Charles,CDM,21,61,85,64,60,83,73,59
Michael Cheek,ST,33,61,56,70,55,60,74,60
Chen Zhechao,LB,29,61,67,74,58,71,61,53
Christopher Cheng,LB,22,61,82,71,57,86,48,56
Luigi Cherubini,LM,20,61,60,42,64,55,37,49
Liam Chipperfield,CM,20,61,70,52,68,70,55,57
Gustav Christensen,ST,20,61,76,62,59,70,51,54
Moussa Cissé,LB,21,61,67,58,60,70,37,57
Ibrahima Cissé,CB,23,61,65,51,55,56,80,56
Trevor Clarke,LM,26,61,79,62,56,80,61,51
Harry Clifton,CM,26,61,70,90,61,75,64,61
Dorin Codrea,CDM,27,61,64,67,60,61,69,60
Grégory Coelho,RB,25,61,72,71,56,71,71,53
Alonso Coello,CM,24,61,64,46,67,58,68,63
Liston Colaço,LM,25,61,80,68,53,83,55,49
Dennis Collander,RW,22,61,72,55,63,72,65,63
Vicente Conelli,ST,21,61,76,67,48,74,60,58
Ryan Cooney,RB,24,61,71,80,52,73,69,56
Jack Cooper-Love,ST,22,61,65,55,59,63,57,55
Martim Marques,LB,20,61,66,55,61,71,32,51
Dara Costelloe,RM,21,61,72,61,55,76,68,55
Sonny Cox,ST,19,61,75,69,52,76,68,59
Mark Coyle,CM,27,61,54,82,63,64,75,59
Álvaro Cuello,CAM,30,61,66,62,67,55,65,55
Cui Lin,LB,26,61,64,68,46,72,66,63
Sam Curtis,RB,18,61,66,74,56,68,59,54
Eric da Silva Moreira,RM,18,61,73,58,60,78,61,50
Pontus Dahbo,CM,18,61,74,77,67,78,59,45
Dai Weijun,CM,25,61,72,69,62,72,60,61
Andy Dallas,ST,25,61,79,67,53,83,60,55
Kévin Danois,CM,20,61,57,38,67,52,52,58
Jordan Davies,CM,26,61,73,74,62,74,50,59
De Erjiaduo,ST,27,61,69,62,68,71,73,57
Ryan De Havilland,CDM,23,61,53,67,64,62,73,54
Jonathan Dean,LB,27,61,67,71,62,61,56,58
Jesse Debrah,CB,24,61,70,69,41,65,78,57
Milton Delgado,CDM,19,61,65,65,64,63,48,62
Isaías Delpupo,CAM,21,61,63,45,65,72,58,46
Cengiz Demir,CB,23,61,62,61,55,54,70,51
Aidan Denholm,CM,20,61,67,77,67,64,44,45
Kristian Dennis,ST,34,61,54,71,58,51,73,63
Aldin Dervisevic,CB,22,61,55,59,63,51,84,52
Moussa Diakité,CDM,20,61,67,66,62,55,71,63
Moussa Diallo,RB,27,61,66,65,58,67,64,54
Wiktor Długosz,RM,24,61,79,67,61,82,58,53
Kristijan Dobras,CAM,31,61,70,65,61,74,58,46
Ben Doherty,LB,27,61,79,56,53,79,58,63
Cheick Doumbia,LB,19,61,66,55,59,72,46,60
Dawid Drachal,RM,19,61,83,68,59,81,53,55
Babis Drakas,RW,21,61,76,55,58,79,43,54
Igor Drapiński,LB,20,61,62,64,60,60,71,53
Aaron Drinan,ST,26,61,76,70,59,76,64,57
Cristian Dumitru,LW,22,61,73,68,54,77,46,58
Jack Earing,CM,25,61,68,64,63,68,64,60
Blessing Edet,CM,19,61,71,67,68,70,60,67
Ryan Edmondson,ST,23,61,60,53,50,53,84,54
Owura Edwards,LM,23,61,84,61,55,85,51,51
Mandela Egbo,CB,27,61,77,62,58,82,72,58
Vetle Walle Egeli,LB,20,61,64,66,58,57,57,60
Tobias Eisenhuth,CDM,22,61,57,63,65,57,75,53
Jostein Ekeland,LW,27,61,65,65,60,72,65,60
Aniss El Hriti,LB,35,61,60,59,56,66,69,57
Aidomo Emakhu,ST,20,61,76,62,58,75,62,58
Noam Emeran,LM,21,61,75,57,59,79,52,54
Nizamdin Ependi,RB,33,61,66,69,54,70,65,52
Carlos Espí,ST,19,61,61,60,58,63,64,60
Luca Everink,RB,23,61,72,63,55,73,72,55
Francisco Facello,RB,21,61,73,66,55,68,61,56
Josh Falkingham,CDM,34,61,51,80,59,52,45,60
Pascal Fallmann,RB,20,61,70,63,55,72,50,55
Brandon Fernandes,LM,29,61,73,65,60,75,51,50
Rafa Santos,CM,27,61,64,64,65,63,64,62
Iván Flores,CB,21,61,63,54,57,65,70,59
Jordan Flores,CDM,28,61,52,64,63,55,59,60
Anthony Forde,RB,30,61,68,67,61,70,61,58
Kai Fotheringham,RW,21,61,63,57,57,70,45,59
Cristian Franco,ST,25,61,51,61,57,55,76,52
Tyrese Francois,CM,24,61,62,66,67,72,50,64
Adams Friday,LM,21,61,82,67,55,80,53,57
Eugene Frimpong,CM,21,61,72,71,68,74,58,58
Noel Futkeu,ST,21,61,64,55,59,55,57,59
José Gallegos,LW,22,61,71,52,56,82,42,58
Ignacio Galván,LB,22,61,69,59,57,72,68,57
Santi García,CAM,23,61,66,57,67,67,65,62
Ged Garner,ST,25,61,70,67,56,70,75,61
Angelo Gattermayer,RM,22,61,76,62,59,74,64,55
Emrehan Gedikli,ST,21,61,63,41,58,59,63,52
Joaquín Gho,RM,21,61,63,34,57,66,61,52
Oscar Giménez,ST,34,61,55,55,65,67,74,60
Natan Girma,ST,22,61,63,58,66,64,75,66
Dennis Gjengaar,RM,20,61,83,69,54,85,64,53
Paul Glatzel,ST,23,61,65,51,58,69,55,59
Juan Pablo Goicochea,ST,19,61,56,61,57,67,74,61
Mariano Gómez,CB,25,61,54,62,43,54,79,51
José Gómez,RB,24,61,64,67,42,65,62,54
Nicksoen Gomis,CB,22,61,59,58,51,60,63,61
Ángel González,RM,19,61,68,70,63,75,57,60
Matías González,RM,22,61,65,34,66,68,35,59
Daniel Gore,CM,19,61,69,62,65,75,45,63
Robbie Gotts,CM,24,61,76,69,62,77,58,60
Ross Graham,CB,23,61,46,62,56,49,57,60
Gustav Granath,CB,27,61,67,59,62,64,79,58
Xavi Grande,RB,19,61,60,59,62,64,43,57
Conor Grant,LW,23,61,75,66,64,78,52,58
Alex Greive,ST,25,61,79,69,58,77,59,60
Alexander Groiß,CB,26,61,53,61,56,53,82,58
Loup Diwan Gueho,CB,20,61,63,43,59,47,71,55
Joaquín Gutiérrez,RB,22,61,72,65,48,75,42,58
Bruno Gutiérrez,RB,22,61,67,72,56,69,67,54
Han Pengfei,CB,31,61,51,82,58,36,85,60
Sondre Fosnæss Hanssen,CB,23,61,51,58,57,52,76,58
George Harmon,LB,23,61,69,64,56,67,57,61
Ismail Harnafi,ST,22,61,74,69,62,71,55,66
Tobias Hasse,RB,28,61,65,61,59,70,47,60
Agustin Hausch,ST,21,61,79,53,58,81,42,62
Cian Hayes,LM,21,61,80,68,49,80,35,56
Frederik Heiselberg,ST,21,61,66,64,59,61,77,55
Kane Hemmings,ST,32,61,65,73,59,67,73,60
Leandro Hernández,LW,19,61,72,55,54,69,32,57
Anders Hiim,LB,22,61,75,71,57,75,56,57
Harrison Holgate,CB,24,61,57,62,51,64,76,57
Erik Holt,CB,28,61,46,57,49,49,77,59
Hong Joon Ho,CB,30,61,58,66,56,67,79,55
Daryl Horgan,CAM,32,61,80,58,60,81,55,57
Håkon Helland Hoseth,RB,25,61,73,74,60,71,67,57
Florian Hoxha,LB,23,61,66,62,58,69,57,53
Hu Jinghang,RM,27,61,77,70,58,78,74,59
Joe Hugill,ST,20,61,74,59,55,58,70,61
Jack Hunt,RB,33,61,58,57,58,63,66,62
Ellis Iandolo,LB,27,61,73,72,59,71,73,57
Bradley Ibrahim,CDM,19,61,67,57,65,62,67,57
Zeno Ibsen Rossi,CB,23,61,65,62,52,53,81,52
Cristian Ignat,CB,21,61,80,65,47,68,77,58
Yvan Ikia Dimi,LM,19,61,76,38,51,78,41,52
Pedro Gomes,CB,21,61,57,64,55,63,78,54
Jacob Italiano,LM,23,61,71,55,60,79,42,50
Antoni Ivanov,CM,29,61,67,65,64,63,61,58
Bartosz Jaroszek,CB,30,61,60,63,34,59,77,65
Jeong Chi In,LM,27,61,77,60,48,76,76,60
Jin Yangyang,CB,31,61,40,61,45,52,87,50
Mamadou Jobe,CB,21,61,64,49,52,68,73,56
Henrik Kjelsrud Johansen,ST,31,61,48,72,53,57,81,57
Danny Johnson,ST,31,61,53,50,54,56,64,64
Joe Johnson,LB,18,61,66,60,57,69,58,54
Callum Jones,CM,23,61,62,62,63,64,62,59
Patrick Jones,LM,21,61,88,50,51,89,48,48
Mathias Jørgensen,ST,23,61,83,63,54,80,59,54
Luka Jurak,CM,19,61,67,74,64,69,60,60
Dion Kacuri,CM,20,61,72,48,68,66,72,61
Adam Kaied,RM,22,61,80,55,60,78,50,52
Nils Kaiser,RB,22,61,63,71,63,67,60,62
Johsbosco Kalu,ST,26,61,58,34,57,50,77,58
Justin-Noël Kalumba,LB,19,61,58,52,65,69,44,64
Wojciech Kamiński,CB,23,61,61,64,56,56,75,56
Bobby Kamwa,ST,24,61,84,66,57,81,66,57
Majed Kanabah,CM,31,61,58,65,65,63,60,59
Filip Karbowy,CAM,27,61,60,63,68,59,62,53
Johan Karlsson,RB,23,61,62,76,60,69,58,58
Brandon Kavanagh,RM,23,61,62,61,59,58,34,54
Takumu Kawamura,CM,25,61,54,56,60,63,60,58
Ke Zhao,LB,35,61,53,71,62,47,67,63
Aidan Keena,ST,25,61,70,69,58,69,68,58
Andu Kelati,LW,22,61,72,52,57,71,49,44
Lukas Kelly-Heald,LB,19,61,65,70,53,54,73,51
Charlie Kelman,ST,22,61,80,71,53,82,56,58
Deandre Kerr,ST,21,61,78,68,61,78,79,51
Kim Yi Seok,CM,32,61,73,80,66,69,46,59
Kim Jae Woo,CB,26,61,72,71,47,74,83,60
Kim Hyun Woo,CB,25,61,67,68,49,65,68,56
Kim Woo Suk,CB,28,61,48,54,49,40,71,58
Eli King,CDM,21,61,61,66,62,59,68,58
Lewis Koumas,LW,18,61,72,58,51,76,53,56
Mateusz Kowalczyk,CM,20,61,72,71,66,70,57,57
Caleb Kporha,RB,18,61,67,53,60,71,60,56
Laurit Krasniqi,LB,23,61,68,61,52,69,59,56
Ben Krauhaus,RM,19,61,74,68,59,76,52,55
Stian Kristiansen,CB,25,61,51,62,60,48,74,60
Rafał Król,CAM,35,61,59,59,63,58,74,48
Julian Kügel,ST,27,61,67,63,60,66,80,59
Emir Kuhinja,ST,22,61,80,64,57,70,61,57
Nishu Kumar,LB,26,61,79,69,62,77,61,52
Alou Kuol,ST,23,61,74,69,47,81,73,63
Sigurd Kvile,CB,24,61,68,60,56,66,77,57
Kweon Han Jin,CB,36,61,34,45,55,35,77,54
Samir Lagsir,LM,21,61,80,52,58,83,59,52
Charlie Lakin,CM,25,61,70,49,63,69,63,61
George Lapslie,CAM,27,61,62,71,63,65,61,60
Victor Larsson,CB,24,61,67,78,55,67,69,58
Nico Lawrence,CB,21,61,64,58,60,62,73,57
Darragh Leahy,CB,26,61,65,75,55,66,68,57
Lee Ji Sol,CB,25,61,62,74,57,62,76,52
Lee Sang min,RM,20,61,80,70,42,80,51,64
David Lelle,CB,21,61,53,52,46,55,65,57
Leonço,ST,31,61,61,56,46,64,76,56
Adam Lewis,LB,24,61,67,69,55,73,52,57
Li Yang,CB,27,61,52,71,49,59,80,58
Li Shenglong,ST,32,61,76,66,58,84,71,60
Jonas Lietaert,CB,20,61,55,50,60,58,56,61
Jonas Lindberg,ST,35,61,57,71,63,55,61,63
Elliott List,ST,27,61,89,73,55,90,54,58
Ryan Loft,ST,27,61,59,70,57,56,82,56
Rosaire Longelo,LB,24,61,82,61,55,83,60,55
Kacper Lopata,CB,23,61,59,63,45,53,76,56
Ali Loune,CDM,22,61,59,54,66,56,72,57
Kamil Lukoszek,LM,22,61,73,66,56,73,50,61
Loïc Lüthi,CB,20,61,58,66,56,56,68,56
Cammy MacPherson,CM,25,61,67,69,62,70,60,60
Théo Magnin,RB,21,61,62,67,54,64,41,61
Connor Malley,CM,24,61,62,72,64,56,63,58
Andrei Mărginean,CM,23,61,58,45,65,60,70,65
Darragh Markey,CAM,27,61,69,90,61,69,34,64
Jahkeele Marshall-Rutty,RB,20,61,79,60,59,84,32,59
Mateusz Marzec,RM,30,61,75,48,60,77,43,53
Pau Mascaró,ST,19,61,78,66,52,68,64,61
Boipelo Mashigo,LM,21,61,80,71,61,76,35,49
Ulrik Mathisen,RW,25,61,70,57,64,73,53,60
Noah Mawene,CM,19,61,68,61,64,62,58,60
James Maxwell,LB,22,61,71,71,52,72,62,58
Leandro Maygua,CAM,32,61,66,74,65,64,35,57
Adam Mayor,LM,20,61,77,73,52,75,49,54
Derek Mazou-Sacko,CM,19,61,64,72,67,68,58,58
Conor McCormack,CDM,34,61,45,70,60,52,58,56
Luke McCormick,CM,25,61,70,71,64,74,62,58
Shane McEleney,CB,33,61,32,56,61,31,81,53
Robbie McKenzie,RB,25,61,68,78,55,66,72,56
Rory McKenzie,LM,30,61,72,72,58,77,59,55
Jack McMillan,RB,26,61,66,65,55,68,69,58
Josh McPake,LM,23,61,84,47,56,77,51,59
Michael Mellon,ST,20,61,70,65,57,73,69,60
Bissenty Mendy,CB,33,61,61,60,57,66,70,61
Metehan Mert,CB,25,61,57,68,42,57,63,54
Bastien Meupiyou,CB,18,61,56,56,45,61,68,48
Felix Meyer,LB,22,61,73,63,59,71,73,61
Tim Meyer,CM,20,61,69,70,62,74,61,60
Peter Michael,ST,26,61,73,61,50,66,81,53
Tony Miettinen,CB,21,61,58,61,63,62,63,58
Luca Mihai,CM,20,61,68,69,65,73,64,60
Václav Míka,CB,24,61,58,62,51,62,79,57
Mateja Milovanović,CB,20,61,65,59,53,65,69,54
Min Gyeong Hyeon,LB,22,61,76,76,49,73,68,60
Jay Mingi,CM,23,61,72,65,63,72,68,60
Danilo Mitrović,CB,23,61,58,70,55,68,54,59
Nikolaj Moller,ST,22,61,58,58,48,54,67,51
Enmanuel Moreno,ST,24,61,70,52,58,74,50,56
Víctor Moreno,RM,18,61,62,49,58,64,45,55
Nathan Moriah-Welsh,CM,22,61,67,75,64,71,53,61
Malik Mothersille,ST,20,61,74,63,57,71,60,60
Piotr Mroziński,RB,32,61,64,72,65,53,74,63
Jack Muldoon,ST,35,61,72,83,55,76,61,61
Danny Mullen,ST,29,61,71,50,51,69,62,57
Jordan Murray,ST,28,61,58,69,56,63,73,48
Francisco Mwepu,ST,24,61,78,54,48,80,56,53
Suheyel Najar,RM,28,61,85,57,56,77,64,58
Ramy Najjarine,LM,24,61,79,30,62,72,54,53
Hampus Näsström,CDM,29,61,45,71,62,46,82,56
Jefferson Nazareno,CB,25,61,64,67,59,61,68,45
Petru Neagu,LW,25,61,67,54,62,68,62,55
Aleksander D. Nilsson,CM,22,61,65,71,64,68,55,59
Momodou Lion Njie,CB,22,61,65,62,50,61,91,57
Yonis Njoh,ST,20,61,63,59,58,64,57,57
Dan Nlundulu,ST,25,61,72,67,52,64,82,62
Vinícius Nogueira,LB,22,61,71,78,58,72,69,60
Luke Norris,ST,31,61,55,69,58,54,81,60
Amin Nouri,RB,34,61,56,65,59,50,68,60
Clinton Nsiala,CB,20,61,65,59,54,58,74,60
Tsiki Ntsabeleng,CM,26,61,75,59,67,69,60,55
Trey Nyoni,CM,17,61,66,55,65,68,49,57
Gatlin O'Donkor,ST,19,61,73,60,58,72,75,55
Tashan Oakley-Boothe,CM,24,61,69,60,68,67,56,54
Richard Odada,CDM,23,61,59,59,61,55,71,60
Niklas Ødegård,CAM,20,61,77,79,60,73,86,58
David Odogu,CB,18,61,55,60,54,62,70,51
Emeka Oduah,RW,22,61,82,60,56,79,71,56
Maximilian Oesterhelweg,CAM,34,61,68,73,60,74,57,59
David Okagbue,CB,20,61,75,69,46,68,73,58
Kennedy Okpala,ST,19,61,83,56,53,75,68,56
Michael Olakigbe,LM,20,61,74,63,53,76,64,56
Bernardo,LM,20,61,76,52,55,86,41,58
Vadaine Oliver,ST,32,61,61,63,55,54,89,54
Joseph Olowu,CB,24,61,79,70,53,66,74,58
Brandur H. Olsen,CM,28,61,47,69,64,54,60,55
Ramazan Orazov,CM,26,61,65,65,65,67,47,63
Moses Otuali,ST,22,61,90,60,57,84,63,58
Salah-Eddine Oulad M'Hand,CM,21,61,60,48,63,66,54,59
Maxi Oyedele,CDM,19,61,74,66,61,72,68,59
Adrián Pacheco,CAM,19,61,65,59,65,67,57,55
Devin Padelford,CB,21,61,55,59,59,57,62,64
Mithat Pala,CDM,24,61,74,81,62,77,46,58
Pablo Palacio,RM,24,61,75,65,55,77,56,51
Matías Palavecino,CAM,26,61,61,63,63,67,62,55
Noah Pallas,LB,23,61,73,65,60,75,51,61
Pamies,CB,21,61,64,66,60,66,64,57
Andrei Pandele,CDM,21,61,73,73,61,74,64,58
Ionuț Panțîru,LB,28,61,71,57,62,73,63,55
Ruari Paton,ST,24,61,72,83,41,74,66,58
Jasper Pattenden,RB,22,61,82,63,58,80,58,58
Phoenix Patterson,LM,24,61,83,36,65,80,45,56
Fredrik Carson Pedersen,RB,21,61,69,66,60,70,56,54
Dženan Pejčinović,ST,19,61,54,53,58,62,63,60
Fran Pereira,CDM,22,61,66,69,69,67,62,57
Joaquín Pereyra,LB,19,61,71,57,60,70,58,58
Leonardo Pérez,CB,21,61,67,60,53,61,75,64
Jeremías Pérez Tica,ST,21,61,58,54,53,61,61,55
Paya Pichkah,CM,24,61,63,65,66,60,67,57
Marcel Pięczek,LM,23,61,64,65,57,66,68,55
Edoardo Pieragnolo,LB,21,61,71,67,43,64,59,60
Kevin Piscopo,CAM,26,61,73,64,56,72,68,60
Bobby Pointon,RW,20,61,75,54,57,77,47,57
Markus Poom,CM,25,61,66,74,64,65,63,62
Darragh Power,RB,23,61,70,70,53,72,54,54
Darren Pratley,CDM,39,61,42,45,63,44,65,58
Adrian Przyborek,RM,17,61,73,57,61,70,62,60
Mehdi Puch,CDM,20,61,72,56,64,74,56,56
Florin Purece,CM,32,61,66,62,66,61,58,62
Joshua Putze,CDM,29,61,54,64,60,53,66,57
Andreas Pyndt,CM,23,61,73,70,64,80,68,60
Mohammed Qasem,LB,29,61,74,72,54,73,71,52
Abdullah Radif,ST,21,61,86,66,53,77,72,60
Tiago Machado,ST,20,61,67,53,54,68,72,61
Denilzon Ramallo,CM,26,61,65,72,64,71,67,55
Connor Randall,CM,28,61,58,60,65,67,70,58
Rao Weihui,LB,35,61,67,70,57,70,60,54
Joshua Rawlins,RB,20,61,71,74,57,73,66,56
Tomás Rayer,RM,22,61,72,66,53,78,46,51
Jeremía Recoba,CAM,20,61,64,66,59,62,55,55
Leon Reichardt,CB,20,61,54,65,56,63,59,63
Peter Reinhardsen,RB,25,61,69,68,58,67,68,56
Jesper Reitan-Sunde,RW,18,61,82,60,55,84,40,46
Pau Resta,CB,23,61,60,67,60,55,66,50
Callum Reynolds,CB,34,61,47,61,47,42,77,58
Will Richmond,LM,24,61,69,54,51,72,61,45
Lucas Ricoy,ST,21,61,52,54,62,53,64,56
Chris Rigg,CM,17,61,58,68,64,64,53,59
Alessio Rizza,LB,21,61,72,63,55,64,49,57
Scott Robertson,CM,23,61,70,68,64,66,59,55
Ethan Robson,CM,27,61,62,51,64,65,63,59
Raúl Rocabado,CAM,20,61,75,61,70,64,65,56
Clément Rodrigues,ST,23,61,65,58,57,63,59,59
Agustín Rodríguez,CAM,20,61,63,54,66,73,34,56
Franco Agustín Romero,CDM,24,61,60,71,67,66,52,57
Jakob Napoleon Romsaas,ST,20,61,78,58,60,75,68,50
Dayle Rooney,LM,26,61,69,62,57,70,59,58
Lucas Röser,ST,30,61,71,60,60,68,71,57
Michael Ruhs,ST,22,61,78,54,54,73,72,58
Felix Ruschke,LB,21,61,72,65,52,70,70,60
Tate Russell,RB,25,61,78,71,56,82,60,56
Ignacio Russo,ST,23,61,65,56,52,69,61,57
Facundo Russo,RM,24,61,67,62,62,74,44,52
Pablo Sáenz,ST,23,61,67,53,57,72,52,54
Taha Şahin,RB,23,61,68,57,59,71,46,56
Enes Sali,LW,18,61,80,54,56,82,33,46
Alex Samuel,ST,28,61,83,79,55,81,65,56
Jack Sanders,CB,25,61,41,67,53,50,87,47
Sidi Sané,ST,21,61,70,52,59,67,64,59
Sais Santibáñez,LB,20,61,64,66,58,62,58,55
Joe Sbarra,CAM,25,61,65,74,62,71,58,62
Benjamín Schamine,CM,20,61,57,43,66,54,58,61
Danny Schmidt,CAM,21,61,61,59,65,62,68,51
Tate Schmitt,LB,27,61,71,68,55,65,70,62
Oscar Schwartau,CAM,18,61,71,65,59,76,62,62
James Scott,ST,24,61,66,42,48,62,81,53
Alexis Segovia,RM,20,61,75,60,53,78,43,46
Cory Sene,CB,23,61,53,51,49,39,83,59
Jack Senior,LB,27,61,74,74,55,78,67,56
Junior Senneville,RB,33,61,52,51,63,61,46,61
Daniel Șerbănică,LB,28,61,68,68,60,63,66,61
André Seruca,CDM,23,61,54,65,59,52,78,57
Laorent Shabani,LW,25,61,80,73,58,81,56,55
Florent Shehu,RM,22,61,69,49,61,69,59,46
Shen Zigui,LM,23,61,78,65,48,78,58,60
Artur Siemaszko,RM,27,61,75,70,57,71,74,60
Ísak Andri Sigurgeirsson,LW,21,61,74,68,58,71,47,56
Robert Silaghi,CAM,22,61,72,74,63,74,61,61
Rodrigo Duarte,RW,18,61,70,55,60,76,43,56
Facundo Silvestre,CM,23,61,60,69,67,60,64,53
Moonga Simba,RW,24,61,81,52,54,81,69,50
Manvir Singh,RM,28,61,84,69,50,70,78,59
Chinglensana Singh,CB,27,61,69,70,57,67,77,51
Laurs Skjellerup,ST,22,61,68,55,57,70,71,59
Tyler Smith,ST,25,61,78,65,56,77,60,59
Kacper Smoliński,CM,23,61,64,63,63,64,56,54
Song Long,LB,35,61,64,70,63,70,72,54
Song Si Woo,ST,31,61,73,38,59,75,59,60
Jude Soonsup-Bell,ST,20,61,72,51,54,78,65,58
Tore André Sørås,CM,26,61,62,68,62,68,73,60
Maxime Soulas,CB,25,61,66,55,59,56,73,57
Jason Sraha,CB,21,61,66,62,46,61,75,60
Luka Stankovski,CM,22,61,63,55,67,65,67,51
Mateusz Stępień,RM,22,61,77,56,60,80,58,50
Lennart Stoll,RM,28,61,70,74,63,66,69,61
Tony Strata,LB,20,61,64,63,59,66,52,59
Yasir Subaşı,LB,28,61,70,67,44,70,65,58
Sun Jie,CB,32,61,33,72,59,46,78,48
Mahamadou Susoho,CDM,19,61,62,50,63,63,56,58
Levi Sutton,CDM,27,61,78,72,59,79,65,57
Jonathan Svedberg,CM,25,61,66,62,68,67,60,62
Remi-André Svindland,RW,26,61,61,78,61,67,56,60
Lamine Sy,RB,22,61,75,68,57,80,48,49
Levente Szabó,ST,25,61,65,62,55,54,80,60
Tunahan Taşçı,LM,22,61,77,65,55,75,47,56
Max Taylor,CB,24,61,55,66,54,52,83,50
Martín Tejón,CAM,20,61,63,61,68,57,49,47
Jonas Therkelsen,CM,21,61,76,68,64,74,63,60
Jordan Thomas,RM,23,61,82,68,56,80,53,57
Kosi Thompson,RB,21,61,81,64,60,81,65,49
Ross Tierney,CAM,23,61,74,77,63,73,54,59
Scott Tiffoney,ST,26,61,80,68,55,84,42,61
Antonio Tikvić,CB,20,61,36,53,52,33,80,57
Callum Timmins,CM,25,61,68,74,63,68,75,62
Lorent Tolaj,ST,22,61,76,68,52,67,75,58
Mohammed Tolba,RB,20,61,61,54,65,53,63,54
Hubert Tomalski,LM,31,61,53,67,62,52,82,50
Tong Lei,RB,26,61,70,73,55,76,64,57
Richard Torales,ST,23,61,57,50,46,58,72,58
Cristian Toro,CB,23,61,62,66,49,66,75,60
Gonzalo Torres,ST,24,61,65,46,51,61,66,57
David Toshevski,ST,23,61,57,56,49,58,68,63
Samson Tovide,ST,20,61,81,75,52,84,79,57
Mai Traore,ST,24,61,74,63,57,78,67,56
Daniel Trejo,LM,26,61,64,56,61,68,49,55
Ryan Trevitt,CM,21,61,58,64,64,66,62,54
Rooney Troya,CDM,18,61,68,70,66,67,62,61
Niko Tsakiris,CAM,19,61,67,40,65,69,59,41
Viktor Tsukanov,CM,18,61,64,64,62,63,50,63
Fofin Turay,LM,20,61,80,52,58,78,65,48
Luke Turner,CB,22,61,52,71,57,55,75,56
Christoph Urdl,RW,25,61,68,65,60,67,62,47
Tariq Uwakwe,LB,24,61,72,81,55,72,59,55
Javier Uzeda,CAM,22,61,80,65,60,81,55,56
Tim van de Loo,CDM,21,61,67,64,65,65,59,61
Sebastián Vargas,LM,22,61,71,61,61,73,50,50
Ronald Vega,CB,24,61,63,61,36,62,70,62
Antonio Vergara,CAM,21,61,54,58,64,43,50,53
Charles Vernam,LM,27,61,82,62,55,84,50,55
Vladan Vidaković,CDM,25,61,70,65,64,70,74,59
Rodrigo Villalba,RM,18,61,77,62,66,74,61,52
Sergio Villamíl,CM,29,61,62,72,67,61,59,59
Malcolm Viltard,CDM,21,61,65,63,60,59,62,60
Rasmus Vinderslev,CDM,27,61,53,84,61,53,70,60
Sascha Voelcke,LB,22,61,70,57,58,68,61,59
Robert Voloder,CB,23,61,71,59,53,63,69,54
Bobby Wales,ST,19,61,79,52,58,75,65,61
Brad Walker,CM,28,61,66,69,62,64,75,61
Reuell Walters,RB,19,61,66,60,34,63,58,60
August Wängberg,RB,30,61,59,79,53,61,73,58
Ben Warland,CB,28,61,42,67,56,33,79,56
Charlie Webster,CAM,20,61,65,50,62,70,52,57
Tom White,CDM,27,61,63,68,61,64,61,58
Lasse Wilhelm,CB,21,61,63,37,56,55,65,59
Josh Williams,RB,21,61,82,58,56,74,60,57
Max Williamsen,CB,21,61,52,55,57,53,75,56
Tyreke Wilson,LB,24,61,68,65,58,72,50,51
Melle Joop Witteveen,CAM,21,61,72,63,69,73,50,57
Ole Wohlers,ST,24,61,66,55,60,64,61,54
Łukasz Wolsztyński,CAM,29,61,64,48,62,58,71,52
Won Ki Jong,ST,28,61,64,46,45,70,53,57
Connor Wood,LB,28,61,77,74,54,73,62,56
David Worrall,RB,34,61,74,73,60,76,54,58
François Yabré,CB,33,61,64,68,40,61,85,64
Yang Yiming,CB,29,61,52,59,47,42,86,51
Yang Shiyuan,CDM,30,61,73,79,56,78,61,57
Yoon Do Yong,RW,17,61,72,65,55,75,46,63
Yu Je Ho,CM,24,61,54,78,62,56,58,62
Yu Rui,CB,32,61,52,66,56,51,81,55
Yuan Mincheng,CB,29,61,70,72,40,49,89,51
Yue Xin,LB,28,61,78,67,52,79,57,68
Zhang Yuan,CM,27,61,69,68,68,74,70,64
Zhang Yudong,CDM,32,61,70,78,61,69,71,64
Zhang Yufeng,CM,26,61,63,68,66,61,62,63
Zhong Jinbao,CM,29,61,67,88,61,66,70,61
Zhu Baojie,CM,35,61,73,80,64,61,60,61
Massimo Zilli,ST,22,61,70,53,52,70,60,55
Jovan Živković,RW,18,61,81,57,54,83,41,53
Erick Zúñiga,RW,21,61,73,60,61,74,59,57
Syver Aas,CM,20,60,64,64,64,68,58,61
Azeem Abdulai,CDM,21,60,52,55,62,58,61,60
Sabit Abdusalam,CM,30,60,70,66,61,71,56,63
Joe Adams,CAM,20,60,72,70,59,73,67,54
Gabriel Aguayo,RM,19,60,80,59,57,77,40,55
Gustavo Aguilar,ST,24,60,54,66,51,60,71,55
Lawrence Agyekum,CM,20,60,72,49,60,80,33,59
Callum Ainley,CAM,26,60,68,37,59,70,47,57
Fahad Al Abdulrazzaq,RB,24,60,73,60,57,75,56,52
Mansour Al Bishi,CM,24,60,64,79,63,68,62,56
Khalifa Al Dawsari,CB,25,60,71,64,52,70,73,54
Abdulrahman Al Dawsari,CM,26,60,57,70,65,53,65,60
Amaar Al Dohaim,CB,31,60,66,60,48,62,73,50
Dhari Al Enazi,LB,24,60,69,70,54,72,50,58
Hamed Al Ghamdi,CM,25,60,67,61,64,69,33,54
Aref Al Haider,RB,27,60,82,75,52,89,58,50
Riyadh Al Ibrahim,CAM,30,60,64,57,57,65,59,54
Abdullah Al Joui,LM,29,60,70,53,59,71,41,55
Bandar Al Mutairi,LB,34,60,77,74,56,77,45,47
Saad Al Nasser,LM,23,60,82,70,50,84,63,48
Abdulrahman Al Obaid,LB,31,60,66,53,63,70,58,55
Fahad Al Rashidi,CDM,33,60,55,63,63,59,68,54
Nawaf Al Saadi,RM,23,60,74,58,56,76,44,50
Ibrahim Al Shuayl,LB,29,60,67,56,59,70,58,48
Khaled Al Subaie,CM,24,60,73,76,64,74,57,56
Ali Al Zaqan,RM,33,60,78,56,55,77,69,50
Ethan Alagich,CDM,20,60,67,66,62,65,62,59
Scott Allardice,CDM,26,60,37,62,65,40,57,54
Ruben Alte,CM,24,60,66,60,66,63,54,55
César Álvarez,RB,21,60,81,58,52,71,55,55
Harry Amass,LB,17,60,76,66,48,70,56,52
Lorenzo Amatucci,CDM,20,60,51,52,68,62,42,58
Kofi Jeremy Amoako,CDM,19,60,65,57,62,65,60,60
An Byong Jun,ST,34,60,51,64,52,56,74,54
Brian Andrada,LM,27,60,85,59,54,81,31,55
Josh Andrews,ST,22,60,68,62,54,62,83,55
David Ankeye,ST,22,60,74,53,50,68,66,62
Marius Antoche,CB,32,60,48,35,60,50,71,58
Georgios Antzoulas,CB,24,60,62,64,62,62,69,58
Pablo Aranda,RB,23,60,63,53,39,65,57,54
Ayman,ST,19,60,62,61,52,64,57,55
Hodei Arrillaga,LB,20,60,63,61,37,65,39,62
Jude Arthurs,CM,23,60,73,73,61,68,51,59
Ossama Ashley,CDM,24,60,71,73,60,67,70,55
Ravve Assayeg,ST,23,60,62,65,50,59,63,55
David Atanaskoski,LB,27,60,64,65,64,62,54,56
Taha Ayari,LM,19,60,74,52,55,76,35,48
Onurhan Babuşcu,CAM,21,60,56,36,61,70,55,48
Matt Baker,CB,21,60,64,59,56,62,72,52
Erick,CDM,20,60,66,52,68,68,53,56
Ben Barclay,CB,27,60,52,65,51,54,79,57
Lachlan Barr,CB,29,60,60,65,49,47,82,57
Felipe Barrientos,RW,27,60,75,58,57,72,33,50
Kaare Barslund,CB,20,60,62,58,62,69,65,58
Josh Bauer,CB,26,60,58,62,59,58,72,59
Simon Becher,ST,25,60,53,53,44,64,73,52
Edvin Becirovic,LM,24,60,69,56,55,73,55,52
Yassin Belkhdim,CM,22,60,48,34,68,55,53,60
Jamir Berdecio,RB,22,60,63,66,60,61,60,58
Tom Berger,CM,23,60,63,63,64,61,71,63
Albin Berisha,ST,23,60,64,68,50,62,57,57
Medon Berisha,CM,20,60,36,52,66,60,60,64
Gijs Besselink,CDM,20,60,65,54,63,65,58,56
Bi Jinhao,CB,33,60,50,66,60,54,81,54
Bartosz Biedrzycki,LM,21,60,68,62,60,66,60,54
Benjamin Boakye,LW,19,60,81,48,55,82,48,51
Maurice Boakye,ST,20,60,69,55,57,72,54,69
Ricky Bornschein,ST,24,60,63,56,53,54,74,56
Giuseppe Bovalina,RB,19,60,71,70,54,73,62,59
Seán Boyd,ST,26,60,34,61,52,51,79,53
Andy Boyle,CB,33,60,33,58,59,33,74,62
Alejandro Bran,CDM,23,60,62,65,58,64,58,59
Ethan Brierley,CM,20,60,67,66,65,68,51,58
Heine Gikling Bruseth,CM,20,60,68,59,65,69,54,56
Tarek Buchmann,CB,19,60,59,54,50,55,75,57
Adrian Bukowski,CDM,21,60,52,61,62,55,69,58
Stijn Bultman,CB,19,60,68,55,56,67,69,55
Abdulsamet Burak,CB,28,60,54,60,52,63,66,49
Sean Busch,ST,20,60,71,53,48,68,62,53
Jens Buss,LB,27,60,61,65,56,63,76,52
Cai Huikang,CDM,34,60,34,80,57,51,79,53
Calderón,LB,24,60,69,63,43,74,50,51
Davis Camacho,CDM,26,60,70,65,65,67,51,51
Sekou Camara,ST,27,60,83,72,53,80,66,56
Axel Cañete,RB,22,60,63,61,53,62,60,57
Milton Cantero,CM,20,60,65,49,60,68,49,56
Juan David Carabalí,ST,21,60,75,75,59,79,70,55
Gonçalo Teixeira,LW,24,60,69,58,60,67,52,54
Jake Carroll,LB,33,60,72,34,61,73,60,56
Carlo Casap,CM,25,60,68,55,65,69,63,58
Leonardo Cerri,ST,21,60,38,55,53,35,79,61
Benjamín Chandía,LM,21,60,76,50,59,77,29,44
Ashley Charles,CDM,25,60,73,73,59,75,63,55
Kegs Chauke,CM,21,60,70,69,63,75,59,58
Ivane Chegra,RM,20,60,65,52,59,66,48,40
Chen Po Liang,CM,36,60,74,67,65,71,60,61
Mohamed Cherif,CDM,18,60,64,60,57,67,78,55
Ange Chibozo,CAM,21,60,69,60,61,62,43,64
Paweł Chrupałła,RM,21,60,67,61,56,62,74,57
James Clarke,CB,34,60,39,69,53,48,81,52
Mika Clausen,CAM,22,60,68,43,59,70,51,57
Reyes Cleary,ST,20,60,74,67,49,73,72,58
Ionuț Cojocaru,RW,21,60,73,55,60,68,64,51
Pietro Comuzzo,CB,19,60,37,42,42,45,56,54
Seámus Conneely,CDM,36,60,34,55,60,36,67,59
Bambasé Conté,LM,21,60,67,41,56,64,52,45
Ali Coote,CAM,26,60,73,60,59,74,41,50
Rob Cornwall,CB,29,60,34,51,53,34,77,54
Carlos Cortés,ST,22,60,57,63,50,60,82,55
Ronan Coughlan,ST,27,60,71,71,56,71,68,59
Esteban Crucci,ST,18,60,57,56,60,60,69,50
Jaka Čuber Potočnik,ST,19,60,59,55,49,62,64,51
Augusto Dabó,LB,21,60,76,43,48,74,55,61
Emanuel Dall'Aglio,CB,19,60,58,58,60,64,59,57
Prabir Das,RB,30,60,75,69,52,68,70,59
Josh Davison,ST,24,60,66,72,54,61,88,56
Luca de Meester,RM,20,60,63,60,61,66,48,61
Ramiro Degregorio,RW,21,60,67,58,57,77,37,51
Laurenz Dehl,CAM,22,60,54,53,61,69,57,49
Thibault Delphis,RB,21,60,66,58,59,67,63,49
Ali Bina Dembélé,RB,20,60,67,64,51,66,67,57
Ali Demirel,CAM,21,60,64,53,59,68,50,55
Justin Devenny,CM,20,60,67,64,65,60,65,61
Miguel Di Pizio,CAM,18,60,68,57,58,68,53,46
Tidiane Diallo,LM,18,60,68,57,58,75,42,45
Baïla Diallo,LB,23,60,73,50,55,71,45,55
Sadou Diallo,CDM,25,60,53,45,63,54,77,59
Bruno Diaz,CAM,19,60,64,60,63,61,41,48
Ionuț Dinu,CB,26,60,65,65,57,63,66,58
Ivan Djantou,ST,22,60,72,60,41,70,81,40
Ross Docherty,CDM,31,60,57,53,59,54,61,59
Jhojan Domínguez,LW,24,60,68,49,56,67,52,55
Domi,ST,20,60,67,60,56,69,44,48
Dong Yu,RB,30,60,61,70,53,58,68,60
Chris Donovan,ST,24,60,66,59,49,64,62,61
Declan Drysdale,CB,24,60,56,66,55,53,83,57
Dennis Duah,CB,21,60,61,63,58,68,72,60
Dylan Duffy,LM,21,60,71,61,56,74,59,53
Adrian Durrer,CB,23,60,50,64,58,46,76,57
Eldin Dzogovic,RB,21,60,67,57,57,66,67,52
Michee Efete,RB,27,60,81,81,52,83,79,46
Soufiane El-Faouzi,CAM,22,60,66,40,60,63,49,60
Frederik Elkær,LB,22,60,83,64,56,80,54,55
Florian Engelhardt,CDM,21,60,67,45,62,67,49,64
Eo Jeong Won,LB,25,60,78,78,51,76,58,63
Ali Eren Ersungur,CAM,18,60,69,60,63,64,59,56
Jeannot Esua,RB,28,60,76,68,41,72,56,56
Ludéric Etonde,ST,24,60,59,50,50,45,77,59
Gísli Eyjólfsson,CM,30,60,65,62,63,60,62,60
Juan Familia-Castillo,LB,24,60,74,56,55,72,68,53
Lamine Fanne Dabo,CDM,20,60,58,59,62,57,64,56
Amar Ahmed Fatah,LM,20,60,74,49,54,71,53,44
Rory Feely,CB,27,60,62,68,56,51,71,57
Feng Zhuoyi,CM,35,60,67,79,57,44,81,58
Marcelo Fernández,LM,22,60,68,55,51,73,54,52
Marcos,ST,19,60,65,51,50,65,63,57
Alin Fică,CM,23,60,67,60,63,69,52,64
Maximilian Fillafer,RM,19,60,70,58,60,68,63,46
Moritz Flotho,ST,22,60,60,57,50,64,69,50
Taylor Foran,CB,20,60,54,48,49,46,77,54
Alex Franco,RM,23,60,77,58,63,78,56,46
Victor Froholdt,CM,18,60,75,57,66,73,51,62
Rory Gaffney,ST,34,60,49,60,57,46,71,61
Marcel Gąsior,CDM,30,60,63,72,57,59,74,59
Fryderyk Gerbowski,CM,21,60,64,75,63,66,68,56
Ciaran Gilligan,CM,22,60,75,73,62,73,60,58
Jason Gnakpa,CDM,20,60,63,56,60,64,67,61
Josh Gordon,ST,29,60,81,86,55,77,71,58
Leon Grgić,ST,18,60,68,47,56,58,71,49
Shane Griffin,CB,30,60,50,71,55,50,69,53
Tom Grivosti,CB,25,60,53,34,57,53,74,56
Gu Bin,CM,32,60,51,73,64,65,59,64
Javier Guerra,RB,20,60,70,69,53,73,52,54
Michał Gurgul,CB,18,60,72,68,57,63,61,57
Justin Haak,CB,23,60,48,49,68,52,60,62
Antwoine Hackford,ST,20,60,85,52,50,88,62,57
Bakary Haidara,CB,19,60,65,58,59,62,63,46
Julian Halwachs,CDM,21,60,61,58,62,65,61,54
Ezequiel Ham,CM,30,60,67,73,66,68,66,52
Hamza Haoudi,LW,23,60,71,54,56,64,50,49
Sam Hart,LB,28,60,74,68,52,72,69,57
Oliver Hawkins,ST,32,60,38,70,59,45,91,59
Abdulelah Hawsawi,CM,23,60,69,66,60,66,69,58
He Yupeng,RB,24,60,68,69,55,78,56,58
Lucas Hedlund,ST,26,60,73,62,56,71,56,55
Tim Heike,ST,24,60,66,61,51,67,67,51
Bryan Hein,LB,22,60,72,64,56,72,57,55
Matías Hernandez,ST,19,60,63,54,54,65,59,61
Mateo Hernández,CM,25,60,67,78,66,76,56,54
Elvis Hernández,CB,24,60,59,65,45,57,70,48
Alexander Hernández,CM,20,60,67,60,63,67,55,59
Daniel Herrera,CB,20,60,65,58,54,57,64,62
David Hickson,LB,27,60,83,74,54,81,68,58
Marino Hinestroza,LW,22,60,80,49,52,78,44,40
Jens Hjertø-Dahl,CM,18,60,53,53,62,46,74,58
Jannik Hofmann,RB,22,60,68,67,54,68,56,54
Corey Hollman,CDM,20,60,73,76,66,69,56,52
Josh Honohan,CB,23,60,68,68,51,68,71,56
Grant Horton,CB,23,60,67,57,54,43,80,57
Šimun Hrgović,LB,20,60,82,67,56,81,43,58
Hu Jiali,CDM,25,60,53,74,63,50,72,53
Kyle Hudlin,ST,24,60,59,67,56,68,84,54
Ben Hüning,CB,19,60,60,62,55,56,68,58
Ashley Hunter,LM,28,60,75,49,57,78,51,55
Kyle Hurst,LM,22,60,76,69,54,79,49,56
Reece Hutchinson,LB,24,60,68,73,57,70,57,56
Nathan Huygevelde,CM,20,60,66,58,68,62,57,55
Luka Hyryläinen,CDM,20,60,54,45,66,57,78,59
Mehmet Ibrahimi,CAM,21,60,66,41,58,71,35,48
Stanis Idumbo,CAM,19,60,75,67,57,68,71,55
Milan Iloski,ST,25,60,76,53,50,80,56,51
Felix Irorere,CB,22,60,54,50,48,54,81,53
Baptiste Isola,CDM,23,60,61,66,62,63,62,55
Imam Jagne,CM,20,60,68,61,61,67,68,59
Andres Jasson,RM,22,60,73,57,59,69,54,50
Lenn Jastremski,ST,23,60,66,55,42,55,74,56
Jeon Jin Woo,LM,25,60,78,53,56,79,58,60
Jeong Ji Yong,LM,25,60,73,71,42,79,72,59
Luke Jephcott,ST,24,60,67,53,56,70,66,59
Niklas Jessen,RB,21,60,61,53,65,65,57,53
Ji Eon Hak,CAM,30,60,73,70,61,73,59,55
Carl Johnston,RB,22,60,72,66,58,74,68,55
Janis Juckel,CM,20,60,61,56,64,67,61,59
Junior Zé,LM,18,60,79,57,52,80,55,50
Ali Kabacalman,CDM,28,60,52,79,59,54,47,58
Sergio Kalaj,CB,24,60,54,59,54,43,71,56
Berat Kalkan,LM,21,60,83,46,51,85,37,58
Yahya Kalley,LB,23,60,75,64,49,73,59,58
Jimmy Kaparos,CDM,22,60,65,55,65,62,74,54
Hlynur Freyr Karlsson,CB,20,60,55,65,62,55,60,54
Markus Karlsson,RB,20,60,61,59,52,70,66,55
Al-Amin Kazeem,LB,22,60,81,74,54,82,58,53
Fiacre Kelleher,CB,28,60,50,53,50,48,83,55
Daniel Kelly,RM,28,60,80,45,52,75,44,56
Jimmy Keohane,RB,33,60,68,79,58,65,68,55
Kim Min Seok,LW,22,60,83,55,43,74,66,56
Kim Kyung Joon,ST,27,60,76,64,40,74,61,62
Kim Gyeong Min,ST,27,60,84,64,43,79,70,58
Kim Ji Hyun,ST,28,60,77,80,57,74,72,60
Benjamin Kimpioka,ST,24,60,85,60,56,86,76,50
Rayan Kolli,ST,19,60,77,46,57,77,45,57
Hugo Komano,ST,24,60,59,64,53,56,69,56
Yunus Emre Konak,CDM,18,60,60,60,63,60,51,58
Richard Koné,ST,21,60,82,62,45,80,65,57
Koo Ja Cheol,CM,35,60,42,34,62,58,63,59
Eray Korkmaz,RB,21,60,67,64,44,74,62,52
Kevin Kouassivi-Benissan,RB,25,60,78,62,58,77,57,56
Henri Koudossou,RM,25,60,65,54,65,58,57,63
Albin Krasniqi,RW,21,60,73,60,48,75,55,41
Kalifa Kujabi,CM,24,60,62,65,70,68,53,58
Dave Kwakman,CM,20,60,77,61,65,76,60,59
Max Lamby,LB,21,60,71,66,61,75,54,55
Juan Larios,LB,20,60,65,51,59,77,45,53
Gabriel Lazăr,CB,33,60,57,60,56,55,68,59
Kian Leavy,CAM,22,60,66,68,64,69,54,53
Li Hong,CB,31,60,63,55,42,63,73,58
Kristian Lien,ST,22,60,72,56,59,68,68,57
Marcus Linday,CM,21,60,58,77,60,62,56,58
Wojciech Lisowski,RB,32,60,68,63,58,71,70,54
Liu Ruofan,ST,25,60,72,61,57,74,73,60
George Lloyd,ST,24,60,79,76,52,82,69,57
Aboubacar Lô,CB,24,60,55,54,40,57,64,52
Kyran Lofthouse,RB,23,60,77,67,54,78,66,55
Albin Lohikangas,LB,26,60,68,75,56,69,57,55
Lorenzo Lonardi,CM,25,60,62,69,66,62,72,51
Alessandro Lopane,CM,20,60,66,66,64,72,50,61
Donald Love,RB,29,60,69,71,56,70,67,55
Matty Lund,CM,33,60,51,64,62,52,71,60
JJ Lunney,CM,26,60,52,83,61,62,65,58
Luo Xin,LB,34,60,62,82,53,52,74,52
Alexander Lyng,RW,19,60,69,59,59,66,32,49
Othmane Maamma,RM,18,60,70,63,57,66,78,51
Lewis Macari,CB,22,60,67,52,52,65,67,57
Mohammad Mahmoud,ST,19,60,56,50,58,55,74,56
Elias Maluvunu,RM,20,60,68,58,56,65,59,62
Josh March,ST,27,60,74,68,54,70,68,59
Max Marie,CAM,19,60,70,63,62,68,54,58
Anthony Markanich,LB,24,60,75,66,51,68,60,55
Sascha Marquet,ST,34,60,74,55,63,68,76,60
José Martínes,ST,21,60,73,55,57,72,47,62
João Peglow,LW,22,60,67,49,57,66,44,48
Keres Masangu,CDM,24,60,67,64,58,63,68,43
Luke Matheson,RB,21,60,70,69,56,77,44,55
Emmanuele Matino,CB,25,60,52,63,54,54,58,55
Jamille Matt,ST,34,60,41,61,57,38,85,61
Iba May,CDM,26,60,63,56,61,62,73,55
Eliezer Mayenda,ST,19,60,52,56,59,55,67,51
Adam McDonnell,CDM,27,60,54,73,62,54,66,56
Oisín McEntee,CDM,23,60,62,73,59,55,76,57
Sean McGurk,CAM,21,60,70,55,62,73,55,63
James McManus,CDM,19,60,68,66,64,65,60,54
Adedire Mebude,RW,20,60,72,58,40,79,57,62
Henrik Meister,ST,20,60,65,58,50,64,77,55
Rodrigo Melgarejo,CB,22,60,63,65,50,64,70,60
Marco Meli,CAM,24,60,54,52,64,63,45,47
Tomás Mendes,CM,19,60,62,53,60,64,63,62
Diego Méndez,CB,21,60,66,52,58,60,64,50
Nobel Mendy,LB,20,60,73,59,56,63,66,57
Chris Merrie,CM,25,60,64,70,61,64,65,60
Ignacio Mesina,CB,23,60,64,65,54,65,70,53
Patrick Metcalfe,RB,25,60,56,73,62,65,70,59
Loris Mettler,CM,25,60,58,56,64,60,44,58
Leandro Meza,CM,22,60,65,71,64,67,69,48
Nicolás Meza,CM,22,60,64,72,65,66,64,55
Oualid Mhamdi,RB,21,60,71,59,50,70,66,54
Ole Erik Midtskogen,ST,29,60,38,53,58,40,84,63
Hilmir Rafn Mikaelsson,ST,20,60,55,50,55,63,79,56
Paul Milde,RB,29,60,73,64,55,69,48,60
Ross Millen,RB,29,60,61,71,54,60,73,54
César Miño,ST,17,60,72,63,58,72,46,58
Filippo Missori,RB,20,60,43,46,50,58,41,58
Max Moerstedt,ST,18,60,63,52,56,56,66,61
Zane Monlouis,CB,20,60,64,61,53,58,70,56
Bader Monshi,CDM,25,60,68,56,65,54,62,53
Axel Montaña,CAM,18,60,72,57,51,67,56,51
Romain Montiel,ST,29,60,65,63,52,72,74,54
Santiago Morales,CB,23,60,55,63,40,53,76,53
Alan Morinigo,LM,18,60,61,46,72,66,50,59
Sander Risan Mørk,CM,23,60,64,59,65,67,68,55
Callum Morton,ST,24,60,80,76,53,82,65,56
Arash Motaraghebjafarpour,RB,21,60,75,76,53,77,66,52
Nikolas Muci,ST,21,60,60,54,46,64,70,58
Zakaria Mugeese,LW,22,60,81,61,58,76,60,55
Joshua Mukeh,CB,21,60,67,63,53,64,70,59
Josh Mulligan,CM,21,60,83,70,59,78,63,65
Leonhard Münst,CM,22,60,56,52,67,55,61,63
Andreas Murbeck,CB,26,60,48,34,57,49,86,50
Adam Murphy,CM,19,60,70,67,63,73,64,61
Fraser Murray,LM,25,60,68,63,57,67,48,58
Ange Caumenan N'Guessan,CB,21,60,71,55,53,73,64,60
Ilyes Najim,LM,22,60,78,51,62,76,36,43
Nan Song,RM,27,60,61,86,61,60,41,53
Noah Nartey,CM,18,60,66,61,63,66,55,62
Marcos Navarro,LB,20,60,65,64,58,65,37,54
Ezequiel Naya,ST,23,60,50,55,66,45,90,49
Mbaye Ndiaye,RW,20,60,80,67,58,83,68,49
Ionuț Neagu,CDM,34,60,53,57,60,51,61,59
Josh Neufville,LM,23,60,81,64,52,75,66,56
Niklas Niehoff,ST,20,60,76,56,60,74,65,55
Severin Nioule,LW,19,60,88,60,46,85,49,55
Tom Nixon,RB,21,60,64,70,54,67,64,58
Runar Norheim,LB,19,60,65,54,60,70,51,50
Jahce Tyler Novello,ST,20,60,76,57,55,72,69,55
Frédéric Nsabiyumva,CB,29,60,55,67,41,60,83,60
Patrick Nuamah,CM,18,60,79,56,66,79,63,59
Franklin Nyenetue,LW,23,60,83,56,51,85,60,51
John O'Sullivan,RM,30,60,67,63,58,66,66,58
Timon Obermeier,CB,21,60,64,65,49,66,74,49
Nikolay Obolskiy,ST,27,60,61,58,53,68,66,53
Jonas Oehmichen,CAM,20,60,67,55,65,69,44,57
Isaac Ogundere,RB,21,60,80,67,54,79,55,53
Mazeed Ogungbo,LB,21,60,71,66,52,70,77,57
Oh In Pyo,RM,27,60,65,69,55,68,57,57
Nicolas-Bernd Oliveira,LB,20,60,79,64,57,69,65,58
Giacomo Olzer,CAM,23,60,62,52,60,64,72,62
Leon Opitz,LM,19,60,62,58,55,73,58,56
Nils Ortel,LB,20,60,67,63,54,68,61,52
Fynn Otto,CB,22,60,53,54,57,55,72,50
Mohamed Ouédraogo,LB,21,60,69,55,63,62,63,54
Mansour Ouro-Tagba,ST,19,60,82,59,55,79,72,67
Ignacio Pacheco,CDM,20,60,59,68,65,58,64,56
Édgar Páez,ST,17,60,78,66,50,78,46,52
Yaw Paintsil,LB,25,60,83,50,52,87,65,50
Kamil Pajnowski,CB,26,60,58,65,49,57,74,63
Ash Palmer,CB,31,60,49,70,44,45,77,57
Seb Palmer-Houlden,ST,20,60,73,63,54,75,64,60
Kevor Palumets,CM,21,60,67,70,63,63,68,57
Mats Pannewig,CM,20,60,42,65,66,55,72,52
Park Dae Won,CB,26,60,69,68,57,69,63,67
Park Sang Hyuk,ST,22,60,63,58,54,67,70,53
Park Jin Seong,LB,23,60,71,73,34,74,69,56
Felix Paschke,CM,21,60,59,67,63,66,56,59
Alem Pasic,CB,27,60,63,64,39,63,71,50
Sebastian Pasquali,CM,24,60,45,55,64,59,57,52
Michael Pavlović,LB,23,60,70,64,58,72,55,53
Luca Pazourek,RB,19,60,72,61,56,70,60,49
Mateo Peralta,CM,18,60,67,55,67,64,63,58
Marco Perchtold,CDM,35,60,50,63,61,55,67,57
Mateo Pérez,CB,23,60,55,60,54,52,69,51
Jakob V. Persson,RB,23,60,55,61,59,52,81,55
Thiago Perugini,ST,19,60,73,57,60,72,56,50
Diogo Monteiro,CB,19,60,57,58,65,59,64,45
Tailson,RW,25,60,72,59,60,70,42,49
James Plant,LB,20,60,72,59,58,71,41,58
Simon Power,RM,26,60,87,54,52,86,44,55
August Priske,ST,20,60,72,66,58,69,71,53
Ralph Priso,CDM,22,60,62,55,66,65,69,47
Eduard Probst,ST,23,60,79,58,51,81,72,55
Jeffry Puriël,LM,21,60,68,51,59,65,68,47
Kevin Pytlik,CB,26,60,62,53,53,61,70,59
Fabricio Quaglio,LB,21,60,81,59,57,78,57,64
Joe Quigley,ST,27,60,62,61,52,55,81,58
Asish Rai,RM,25,60,73,81,55,71,58,54
Pedro David Ramírez,RB,24,60,64,68,58,66,60,58
Hugo Redón,CM,21,60,59,54,69,64,48,61
Josh Reid,LB,22,60,68,68,53,69,62,54
Charlie Reilly,LM,22,60,77,48,54,84,57,52
Jay Rich-Baghuelou,CB,24,60,47,54,54,53,91,55
Lewis Richards,LB,22,60,72,58,56,71,72,58
Lewis Richardson,ST,21,60,63,61,53,69,56,54
Axl Ríos,CDM,25,60,61,65,62,56,62,55
Sascha Risch,LM,24,60,66,64,62,74,49,48
Armando Rivas,ST,21,60,73,66,42,75,44,55
Paulo Riveros,CAM,18,60,63,62,61,57,58,50
Andrea Rizzo Pinna,CM,24,60,65,55,63,64,53,59
Finlay Robertson,CM,21,60,70,45,66,67,42,63
Roh Kyung Ho,ST,24,60,71,69,58,62,46,68
Jack Roles,CM,25,60,67,40,64,68,47,59
Iván Román,CB,18,60,65,80,64,65,79,55
Gastón Romano,CM,26,60,68,63,67,64,56,55
Sergi Rosanas,RB,23,60,82,49,59,79,44,53
Lachlan Rose,ST,25,60,80,75,54,83,63,61
Liam Rose,CDM,27,60,71,72,60,71,64,59
Oliver Ross,CAM,19,60,70,58,60,67,66,57
Håkon Røsten,CB,19,60,58,52,54,53,73,58
Filip Rózga,RW,18,60,80,52,56,81,53,42
Matías Ruiz Díaz,RB,28,60,59,68,55,67,60,56
Tivonge Rushesha,CDM,22,60,76,60,63,78,46,55
Franco Saavedra,LB,21,60,65,44,65,62,45,63
Juan Salcedo,CM,21,60,64,63,66,59,60,57
Adam Saldaña,CDM,22,60,54,61,62,55,67,56
Salvador Sánchez,CB,29,60,58,70,37,65,71,64
Kevin Sánchez,ST,19,60,58,58,47,62,54,61
Tom Sanne,ST,20,60,68,55,54,70,58,50
Jean Franco Sarmiento,ST,27,60,70,52,56,73,58,55
Mathias Dahl Sauer,CM,20,60,71,45,61,72,58,60
Mathieu Scalet,CDM,27,60,63,86,64,63,63,57
Julius Schell,CB,24,60,54,62,58,55,67,58
Tjark Scheller,CB,22,60,60,62,58,62,71,45
Maximilian Schmid,ST,21,60,63,54,54,66,56,54
Jakob Schöller,CB,18,60,70,58,61,68,70,56
Thorsten Schriebl,CM,25,60,68,66,61,60,49,61
Dante Sealy,LM,21,60,77,52,48,84,42,56
Djiby Seck,LM,20,60,73,57,57,70,58,41
Simon Seidl,CM,22,60,67,39,70,64,53,56
Ismaël Séoné,ST,19,60,67,56,48,71,67,57
Liam Shephard,RB,29,60,70,54,58,73,59,53
Jack Shepherd,CB,23,60,62,59,52,54,73,55
Shi Liang,CDM,35,60,52,72,59,58,62,58
Shin Chang Moo,LM,31,60,64,73,58,64,52,58
Kevin Silva,CB,21,60,57,65,37,53,80,48
Toby Sims,RB,26,60,73,65,53,78,74,55
Håkon Sjåtil,RB,21,60,57,72,57,55,55,59
Herman Sjögrell,RW,23,60,76,58,54,75,55,52
Jordan Slew,LM,32,60,69,59,55,67,75,61
Tyger Smalls,RW,22,60,70,60,62,65,43,48
Scott Smith,CM,23,60,61,65,65,62,62,60
Matty Smith,ST,27,60,71,68,57,74,63,56
Oisin Smyth,CAM,24,60,67,56,63,63,64,60
Birnir Snær Ingason,LM,27,60,69,56,55,68,66,59
Yann Songo'o,CDM,32,60,50,77,56,52,81,59
Marin Soticek,RW,19,60,75,40,41,75,56,50
Ibrahima Sow,ST,17,60,75,60,59,73,70,50
Omar Sowunmi,CB,28,60,62,67,44,43,91,51
Finn Stam,CB,21,60,59,60,59,59,70,58
Aleksandar Stanković,CDM,19,60,64,48,61,66,60,62
Dominik Steczyk,ST,25,60,71,74,59,74,68,59
Harry Steele,CM,21,60,64,66,67,67,56,63
Michael Stickland,CB,20,60,76,54,48,65,66,53
Nikola Stojiljković,ST,32,60,48,55,61,43,71,52
Chris Stokes,CB,33,60,49,49,55,34,75,56
Josh Stones,ST,20,60,69,63,50,72,72,54
Sun Guowen,LB,30,60,75,85,58,77,69,54
Dominik Szala,RB,18,60,68,54,54,66,67,59
Joel Tabiner,CM,20,60,71,71,64,72,58,53
Ilias Takidine,RM,23,60,71,35,58,76,32,47
Ignacio Tapia,CAM,20,60,52,37,69,62,64,53
Dragoș Tescan,RM,24,60,73,55,59,72,53,58
Tian Yinong,CDM,33,60,69,82,58,66,73,57
Nicolás Tolosa,LB,23,60,61,63,51,68,55,55
Félix Tomi,RM,24,60,66,61,64,70,50,52
Fabio Torsiello,ST,19,60,68,51,53,61,49,56
Alex Tóth,RB,18,60,69,56,58,65,57,55
Richie Towell,CM,33,60,52,34,64,52,67,62
Garrison Tubbs,CB,22,60,53,56,35,55,73,40
David Tutonda,LB,28,60,81,68,52,79,70,53
Cem Üstündag,CDM,23,60,66,57,67,71,32,58
Luis Abelardo Vargas,LB,24,60,73,60,54,72,44,60
Vicente Vega,CB,20,60,55,63,52,58,73,55
Emiliano Vidart,CDM,22,60,60,64,56,64,59,48
Dominic Vincze,LB,20,60,76,59,60,74,73,56
Laurențiu Vlăsceanu,LB,19,60,72,63,59,75,52,58
Oscar Wallin,CB,23,60,68,63,60,66,71,59
Wang Yi,RB,26,60,75,66,49,75,46,51
Wang Peng,CB,31,60,62,80,57,62,73,53
Daouda Weidmann,CM,21,60,74,59,66,73,49,54
Evan Weir,LB,22,60,67,65,55,68,55,52
Melker Widell,CM,22,60,72,75,63,66,54,60
Aaron Wildig,CM,32,60,51,73,62,59,62,59
Dalton Wilkins,LB,25,60,69,70,53,72,60,53
Dylan Williams,CB,21,60,65,65,63,65,52,55
Daniel Wilmering,LB,23,60,75,67,55,69,61,57
Filip Wójcik,RB,27,60,75,65,58,81,55,49
Patrick Wood,ST,21,60,78,61,59,76,70,56
Arkadiusz Woźniak,CM,34,60,65,62,62,61,65,63
Xie Weijun,ST,26,60,73,70,52,77,74,60
Darren Yapi,ST,19,60,78,51,53,68,67,55
Yeo Bong Hun,RB,30,60,66,78,63,67,62,60
Johnly Yfeko,CB,21,60,73,46,61,67,68,51
Berkay Yilmaz,LB,19,60,74,52,63,68,48,53
Yin Hongbo,RM,34,60,62,66,61,60,57,56
Saud Zaidan,CM,24,60,69,70,64,70,61,54
Viktor Zentrich,CB,21,60,66,74,59,73,75,49
Zhang Wei,LB,31,60,69,73,55,71,59,54
Zhang Xiuwei,CM,28,60,80,81,60,81,40,69
Zhang Chengdong,CB,35,60,34,59,59,59,78,58
Zheng Long,RM,36,60,68,55,62,64,62,56
Luck Zogbé,RB,19,60,60,58,57,72,57,55
Joackim Åberg,CDM,26,59,54,64,63,52,71,54
Kenneth Aboh,ST,19,59,73,63,41,76,67,54
Mihai Adăscăliței,RB,29,59,57,62,62,58,72,58
Lalo Aguilar,CB,22,59,53,61,42,55,69,50
James Akintunde,ST,28,59,70,71,52,71,71,49
Raid Al Ghamdi,ST,30,59,74,61,64,75,64,52
Abdulhadi Al Harajin,LM,29,59,70,56,56,71,38,53
Nawaf Al Harthi,CM,25,59,67,73,61,73,52,59
Hamed Al Maqati,LB,31,59,69,59,61,68,49,62
Abdullah Al Meqran,ST,27,59,68,64,60,67,65,57
Muteb Al Mufarrij,CB,28,59,58,30,59,64,70,46
Awadh Al Nashri,CDM,22,59,53,66,57,49,65,53
Hamdan Al Ruwaili,RB,29,59,79,70,54,75,64,49
Mohammed Al Shanqeeti,LB,25,59,65,62,52,68,55,56
Fawaz Al Tryes,LM,27,59,73,51,54,77,37,50
Fredderick Alfonso,CM,28,59,68,56,68,61,50,55
Anwar Ali,CB,24,59,67,71,52,66,78,46
Kaden Amaniampong,CB,20,59,69,59,62,70,55,62
Chovanie Amatkarijo,LW,25,59,78,37,52,86,36,46
Lee Angol,ST,30,59,76,55,55,73,72,55
Jakub Antczak,LW,20,59,75,59,56,75,34,52
Marcial Aquino,CB,37,59,63,64,44,58,76,47
Nicolás Arévalo,CM,21,59,68,62,66,67,45,63
Jeremy,ST,19,59,70,50,50,77,55,56
Haitham Asiri,LM,23,59,81,63,52,78,59,51
Asqer Afrden,LW,20,59,85,81,45,88,63,61
Zachary Athekame,RB,19,59,66,64,53,68,48,59
Edvin Austbø,LW,19,59,70,65,53,77,34,50
Josh Austerfield,CM,22,59,67,72,63,68,48,58
Sam Austin,CM,27,59,75,70,61,73,61,58
Alexandre Azevedo,LB,19,59,84,58,59,85,44,52
Barry Baggley,CM,22,59,65,75,60,66,49,56
Ahmed Bahusayn,CM,23,59,61,63,66,68,56,59
Nicolas Bajlicz,CM,20,59,68,42,64,68,47,54
Labinot Bajrami,ST,19,59,68,52,47,66,57,59
Reed Baker-Whiting,RB,19,59,70,59,58,69,63,52
James Ball,CM,28,59,54,71,59,52,82,58
Kofi Balmer,CB,23,59,63,64,51,65,65,56
Ibrahima Sory Bangoura,CDM,20,59,68,55,62,59,70,58
Sam Barnes,CB,23,59,62,53,59,55,63,51
Jay Barnett,CDM,23,59,58,68,63,64,48,58
Tom Barth,RB,19,59,68,66,59,69,61,53
William Benard,CM,21,59,65,65,64,65,57,48
Roméo Beney,ST,19,59,57,56,49,58,67,60
Theo Bergvall,RB,19,59,84,68,57,79,59,48
Huseyin Biler,RB,22,59,81,70,53,83,58,51
Mathéo Bodmer,CDM,20,59,55,61,66,54,55,55
Morgan Bokele,LM,20,59,68,50,60,72,44,41
Diabé Bolumbu,LB,20,59,63,59,53,68,67,55
Sam Bone,CB,26,59,47,66,56,46,75,50
Alex Bonetig,CB,22,59,64,68,59,53,71,52
Amin Boudri,LW,19,59,68,56,56,62,56,55
Ciaran Brennan,CB,24,59,63,64,54,63,72,58
Alexander Briedl,CDM,22,59,57,49,64,57,60,54
George Broadbent,CM,23,59,66,68,61,66,60,57
Maxim Burghardt,RB,19,59,65,55,60,70,57,54
Nathan Butler-Oyedeji,ST,21,59,74,48,55,75,54,53
Jili Buyabu,LB,21,59,68,62,42,69,61,54
Victor Cabañas,RB,21,59,75,68,55,78,51,51
Welat Cagro,CM,25,59,62,58,68,62,66,56
Tudor Călin,CDM,23,59,58,61,58,54,75,57
Alexandro Calut,LB,21,59,66,59,59,72,52,50
Ramón Cansinos,ST,21,59,73,58,46,72,45,55
Cao Kang,CDM,31,59,65,68,65,61,72,46
Aldaír Ferreira,CAM,26,59,65,48,62,65,46,52
Anes Cardaklija,CB,19,59,55,63,52,57,75,56
Gonçalo Almeida,RB,21,59,72,54,42,75,43,56
Conor Carty,ST,22,59,67,51,53,69,62,56
Julián Ceballos,LM,20,59,71,57,61,73,35,50
Miguel Chaiwa,CDM,20,59,72,71,58,76,70,61
Daniel Chesters,RW,22,59,70,66,59,72,52,53
Adam Chicksen,LB,32,59,68,71,52,70,61,54
Cho Sung Gwon,CB,23,59,56,64,41,66,76,50
Choi Woo Jin,LM,20,59,69,66,52,62,56,62
Mirza Cihan,LM,23,59,69,44,58,64,40,46
Jayden Clarke,CAM,23,59,74,68,58,76,55,54
Junior Colina,CAM,17,59,68,46,52,65,50,64
Ciarán Coll,LB,33,59,71,55,59,69,64,54
Toby Collyer,CDM,20,59,64,63,60,67,54,60
Guilder Cuellar,LW,25,59,67,46,54,68,43,52
Marcos Cuenca,ST,21,59,68,62,57,74,64,52
Sam Dalby,ST,24,59,69,67,51,66,74,58
Jacob Davenport,CDM,25,59,64,33,62,63,61,56
Alfonso De Luca,RW,18,59,73,60,49,73,39,41
Kas de Wit,CAM,21,59,69,52,62,69,45,55
Lukas Demming,CM,24,59,68,69,59,66,54,63
Oliver Denham,CB,22,59,55,65,50,54,71,55
Louis Dennis,RM,31,59,73,60,56,71,65,57
Matthew Dennis,ST,22,59,87,59,48,83,73,54
Samuele Di Benedetto,CDM,19,59,68,54,64,69,50,58
Elsinho,CB,33,59,56,45,64,58,63,62
Tyler Dibling,RW,18,59,76,61,51,79,47,54
Benno Dietze,CB,21,59,64,62,52,67,69,54
Jonas Dirkner,CDM,22,59,52,56,59,55,53,55
Alan Do Marcolino,ST,22,59,59,59,45,60,45,47
Arnaud Dony,LB,20,59,71,50,58,74,57,52
Paul Doyle,CDM,26,59,43,68,61,52,67,53
Patryk Dragon,CDM,28,59,58,55,64,59,81,50
Ognjen Drakulić,ST,18,59,53,63,55,68,65,54
Erik Dueñas,CM,19,59,72,52,67,72,30,58
Stephen Duke-McKenna,CAM,24,59,76,53,63,84,32,57
Cameron Dummigan,RB,28,59,57,56,59,51,62,57
Sefer Emini,CM,24,59,67,58,65,68,54,60
Noah Engelbreth,CDM,19,59,54,49,60,55,62,59
Aday Ercan,CDM,24,59,54,60,61,67,73,56
Marco Essimi,LM,25,59,74,52,55,77,54,53
Muhammadu Faal,ST,27,59,73,51,52,65,75,56
Ali Fadal,CM,20,59,63,58,66,56,55,57
Fallou Fall,CB,20,59,52,46,49,44,71,56
Fang Hao,RW,24,59,63,62,59,60,49,56
Sultan Faqihi,RB,29,59,73,64,55,70,61,52
Amin Farouk,CAM,21,59,70,53,58,69,56,57
Feng Boyuan,ST,29,59,51,63,43,56,75,61
Emmanuel Fernandez,CB,22,59,58,64,49,56,71,54
Fabio Ferraro,LM,22,59,69,37,58,67,35,61
Bryan Fiabema,ST,21,59,78,53,52,75,64,53
Kellen Fisher,RB,20,59,65,67,55,72,58,51
Will Fitzgerald,LM,25,59,73,66,54,80,53,52
Sam Folarin,RM,23,59,86,67,47,84,50,48
Sam Foley,CM,37,59,35,60,62,46,75,55
Jahlane Forbes,LB,22,59,68,66,52,68,60,55
Ezequiel Forclaz,CAM,21,59,62,43,62,58,44,61
Harry Forster,LB,24,59,69,67,55,73,52,55
Edward Francis,CM,25,59,64,61,60,62,67,58
Ian Fray,CB,22,59,75,48,53,69,70,48
Robin Frej,CB,26,59,50,57,44,45,75,56
Gan Chao,CM,29,59,80,70,64,77,59,61
Gao Di,ST,34,59,72,65,46,69,71,63
Leonardo García Posadas,CB,19,59,66,56,59,63,67,54
Dario Ndubuisi Gebuhr,CB,21,59,57,55,43,59,70,58
Jordan Gele,ST,31,59,59,65,50,57,75,52
Thomas Geris,ST,21,59,60,59,59,61,49,61
Juan Giménez,CB,18,59,58,62,61,56,58,48
James Golding,CB,20,59,66,48,55,60,68,55
Maiken González,LM,18,59,72,43,48,72,42,50
Jorge Damián González,RM,21,59,70,59,61,70,58,39
Archie Goodwin,ST,19,59,67,53,49,76,59,58
John-Kymani Gordon,ST,21,59,76,59,46,76,66,54
Dylan Gorosito,RB,18,59,62,63,35,60,38,54
Villiam Granath,RM,26,59,70,80,62,74,70,58
Danny Grant,LM,24,59,78,67,53,76,48,52
Kamarl Grant,CB,21,59,65,55,49,61,75,55
Narek Grigoryan,RW,24,59,66,70,61,71,58,50
Tommaso Guercio,CB,19,59,61,54,53,59,57,58
Luca Günther,RB,22,59,57,56,56,66,56,56
Ha Seung Un,LW,26,59,78,69,45,73,63,58
Mika Haas,LB,19,59,79,58,54,78,51,55
Rayan Hamed,CB,22,59,61,56,56,64,69,57
Sabil Hansen,CB,18,59,56,56,26,63,67,51
Abdullah Hawsawi,RB,28,59,68,69,53,66,72,58
Luke Hendrie,RB,30,59,68,65,52,65,71,55
Jack Henry-Francis,CDM,21,59,54,58,62,52,54,59
Jhoan Hernandez,LB,18,59,62,68,53,69,60,54
Lundrim Hetemi,CM,24,59,67,58,63,69,49,58
Albert Hofman,ST,21,59,71,64,58,77,63,59
Hallam Hope,ST,30,59,72,66,55,71,61,57
Mikkel Hope,RB,18,59,59,61,57,61,50,57
Tom Hopper,ST,30,59,57,57,53,53,79,60
Branden Horton,LB,24,59,75,69,51,76,57,55
Huang Jiahui,CDM,23,59,71,71,56,67,61,54
Huang Ruifeng,CM,24,59,76,70,62,75,56,60
Mackenzie Hunt,LB,22,59,65,64,60,67,54,58
Mikkel Hyllegaard,ST,25,59,89,57,47,92,53,50
Harun Ibrahim,CM,21,59,78,61,60,77,61,56
Frederik Ihler,ST,21,59,79,62,56,78,66,46
Ethan Ingram,RB,21,59,74,63,52,77,58,48
Tom Iorpenda,CM,19,59,72,65,63,67,74,60
Louis Jackson,CB,18,59,63,56,54,67,70,55
Douglas James-Taylor,ST,22,59,87,67,52,77,68,55
Kyle Jameson,CB,26,59,53,63,42,53,73,55
Luka Janeš,CDM,20,59,61,60,56,56,63,55
Justin Janitzek,CB,20,59,43,40,47,49,61,52
Camil Jebara,LW,21,59,74,70,55,72,56,40
Mylian Jimenez,CDM,21,59,64,66,61,66,52,59
Simon Johansson,RW,31,59,60,51,58,70,70,51
Carl Johansson,LM,26,59,69,71,57,71,38,53
Mike Jones,CDM,37,59,51,52,60,44,68,58
Isak Jönsson,CB,25,59,56,65,45,61,79,60
Luka Jovanović,ST,19,59,70,62,54,82,69,57
Alex Juárez,LM,19,59,64,52,60,65,47,53
Frank Junior Adjei,CM,20,59,69,55,62,68,60,58
Stipe Jurić,ST,25,59,54,60,52,58,71,59
Marvin Kaleta,RB,20,59,69,61,55,65,64,58
Mateo Karamatić,CB,22,59,61,65,42,55,71,57
Sean Kavanagh,LB,30,59,55,51,62,55,62,60
Conor Keeley,CB,26,59,35,63,46,35,81,51
Kipp Keller,CB,24,59,54,61,42,58,74,50
Michael Kempter,LB,29,59,65,56,58,67,60,61
Patryk Kieliś,RB,24,59,65,59,54,65,60,55
Jakob Kiilerich,CB,24,59,63,61,56,52,66,56
Kim Yeon Soo,CB,30,59,47,63,35,55,73,54
Kim Gyeong Jae,CB,31,59,77,69,53,72,73,57
Kim Jun Bum,CM,26,59,67,67,60,73,63,61
Makenzie Kirk,ST,20,59,74,61,49,71,63,57
Paddy Kirk,LB,26,59,53,72,53,58,56,57
Mike Kleijn,CM,19,59,67,57,67,70,40,58
Tim Kloss,CDM,20,59,66,65,62,68,64,52
Tim Köhler,CB,19,59,54,55,34,55,70,56
Rudy Kohon,CB,20,59,54,62,54,60,68,54
Williams Kokolo,LB,24,59,70,71,55,74,68,54
Corsin Konietzke,CDM,18,59,65,65,65,62,65,56
Miika Koskela,CB,21,59,70,46,45,66,73,56
Louis Köster,LW,21,59,68,63,60,68,74,59
Damjan Kovacevic,RB,20,59,80,49,58,78,46,55
Dion Krasniqi,ST,21,59,75,54,52,75,73,59
Michał Król,RB,24,59,74,76,48,73,65,55
Léandre Kuavita,CM,20,59,62,61,62,62,71,56
Jaiden Kucharski,ST,22,59,71,65,58,83,55,57
Julian Kudala,RM,22,59,76,50,55,78,55,54
Ashique Kuruniyan,LM,27,59,88,61,55,85,64,55
Max Larsson,LB,21,59,67,75,50,71,56,59
Lukas Laupheimer,CDM,21,59,62,64,57,67,62,58
Lee Jun Gyu,CM,21,59,63,68,63,62,42,62
Loïck Lespinasse,ST,24,59,72,55,56,77,70,57
Li Shenyuan,RB,26,59,73,62,46,76,55,61
Calixte Paul Ligue,ST,19,59,74,63,54,70,68,55
Lin Chuangyi,CM,31,59,63,65,62,69,64,56
Liu Zhurun,LM,22,59,73,62,52,77,58,60
Tommy Lonergan,ST,20,59,65,60,52,67,62,57
Josna Loulendo,ST,20,59,69,53,45,69,53,64
Jason Lowe,CB,33,59,47,76,60,53,75,56
Jeremías Lucco,CAM,18,59,69,48,67,62,47,54
Kacper Lukasiak,CAM,20,59,68,60,60,66,55,56
Marcos Machuca,RM,19,59,69,60,59,71,51,51
Montader Madjed,RW,19,59,75,33,52,76,53,45
Herman Magnusson,CB,26,59,57,76,54,57,68,50
Jabez Makanda,CAM,23,59,66,52,56,65,65,56
Elison Makolli,CB,19,59,76,77,55,69,72,57
Dustin Maldonado,LM,34,59,61,60,58,64,49,49
Arjan Malić,CB,19,59,58,66,54,59,62,62
Stephen Mallon,LM,25,59,64,55,56,65,50,56
Mikael Marqués,CB,23,59,59,63,44,58,78,55
Louie Marsh,ST,20,59,65,42,54,69,41,59
John Martin,ST,25,59,65,74,56,56,64,51
Dan Martin,CDM,22,59,66,67,59,69,62,56
Marco Ribeiro,CM,19,59,58,38,66,61,42,63
Ilija Maslarov,CDM,17,59,56,48,58,58,56,60
Sam Mather,LM,20,59,69,48,59,70,48,52
Evans Maurin,ST,23,59,69,60,60,69,58,50
Callum Maycock,CM,26,59,68,71,61,65,69,57
Jay McGrath,CB,21,59,63,69,53,64,63,52
Archie Meekison,CM,22,59,69,53,62,70,57,56
Tony Menzel,RW,19,59,72,54,59,69,59,48
Jevon Mills,CB,20,59,51,57,39,51,72,54
Harrison Minturn,CB,20,59,65,60,47,54,76,61
Samuel Mischitz,RB,21,59,65,61,57,71,34,57
Robert Mišković,CM,24,59,69,60,65,68,75,56
Zach Mitchell,CB,19,59,67,64,58,66,73,56
Omar Mohamedhoesein,CM,20,59,78,54,64,72,42,58
Shakur Mohammed,LM,21,59,76,49,54,77,57,47
Tomasz Mokwa,LB,31,59,54,66,56,50,71,61
Piero Mollica,RB,19,59,64,59,44,65,54,49
Sean Moore,LM,19,59,71,45,56,70,37,44
Niall Morahan,CM,24,59,54,81,62,63,56,53
Mauricio Morales,CM,24,59,67,71,65,68,56,59
Efraín Morales,CB,20,59,60,63,55,55,68,44
Shayden Morris,RM,22,59,81,50,52,81,38,53
Jamie Mullins,CAM,19,59,63,56,56,78,32,55
Daniel Munie,LB,24,59,66,59,39,66,70,40
Reno Münz,CB,18,59,54,54,34,60,65,55
Dane Murray,CB,21,59,65,36,61,64,60,53
Eric N'Jo,CB,20,59,54,55,48,59,65,55
Noah Nadje,ST,20,59,56,37,53,51,58,56
Amara Nallo,CB,17,59,65,56,60,60,63,51
Halicharan Narzary,LM,30,59,78,71,50,72,69,45
Christopher Negele,CAM,19,59,67,64,58,67,46,53
Yianni Nicolaou,RB,24,59,75,73,50,71,68,56
Luc Nieuwenhuijs,LM,17,59,65,43,54,74,60,52
Alex Nolan,RM,21,59,73,67,57,74,49,55
James Norris,LB,21,59,68,59,57,69,52,51
Troy Engseth Nyhammer,ST,18,59,59,57,53,61,59,59
Ryan O'Kane,LM,21,59,70,61,53,75,34,47
Karl O'Sullivan,RM,24,59,79,57,52,84,45,56
John-Joe O'Toole,CB,35,59,39,47,52,33,76,55
Zech Obiero,CM,19,59,72,65,61,75,51,58
Idris Odutayo,LB,21,59,74,68,48,72,69,54
Oh Jae Suk,RB,34,59,57,58,57,58,64,54
Darren Oldaker,CDM,25,59,70,71,61,69,62,57
Christopher Olivier,CM,18,59,73,68,62,69,67,56
Marius Olsen,CB,23,59,55,63,55,52,65,58
Tani Oluwaseyi,ST,24,59,80,61,49,72,60,50
Chilohem Onuoha,CAM,19,59,69,54,62,65,60,59
Tyler Onyango,CM,21,59,50,71,64,52,80,58
Enock Otoo,CAM,20,59,80,55,58,76,51,56
Gabriel Oualengbe,CM,20,59,59,60,63,52,68,56
Daniel Oyegoke,CB,21,59,80,57,55,72,65,54
Daniel Padilla,CM,19,59,66,57,69,68,45,60
Gerardo Padrón,CM,21,59,72,55,64,62,28,52
Paik Sang Hoon,CM,22,59,64,55,61,58,45,67
Krystian Palacz,LB,21,59,75,62,44,82,55,58
Pan Ximing,CB,31,59,66,63,55,54,65,50
Jack Panayotou,CM,20,59,62,53,63,60,59,55
Isaiah Parker,LM,22,59,81,51,52,81,55,45
Connor Parsons,LM,23,59,83,53,63,82,40,46
Patryk Paryzek,ST,18,59,54,32,59,51,49,56
Josh Passley,RB,29,59,74,74,55,74,67,55
Julian Pauli,CB,19,59,67,56,58,66,72,49
Lewis Payne,RB,20,59,62,56,57,67,58,56
Everson Junior,CAM,20,59,77,50,59,72,59,55
Gonzalo Petit,ST,17,59,55,54,45,53,67,54
Cameron Peupion,RM,21,59,59,47,62,68,49,55
Denis Pfaffenrot,CAM,19,59,70,63,62,68,55,54
Dominik Piła,RB,23,59,73,65,61,73,61,49
Oscar Priestman,CM,21,59,69,73,64,71,62,53
Philip Quinton,CB,24,59,53,69,52,49,76,47
Kacper Radkowski,CB,23,59,53,60,56,54,72,56
Johan Rapp,CB,23,59,59,63,55,63,66,56
Jadan Raymond,CAM,20,59,66,48,60,69,49,54
Jing Reec,ST,21,59,80,54,47,84,64,52
Gonzalo Requena,CB,21,59,55,64,33,55,78,44
Bailey Rice,CDM,17,59,56,51,67,48,52,59
Jack Robinson,CDM,23,59,64,65,59,68,64,58
Zach Robinson,ST,22,59,71,58,48,70,62,57
Braudilio Rodrigues,LW,24,59,73,58,43,72,39,51
Carlitos Rodriguez,RB,19,59,78,69,53,77,33,54
Paulo Rodríguez,CAM,21,59,65,52,60,66,49,60
Andrei Rus,RB,23,59,74,74,51,71,58,59
Markus Rusek,CDM,30,59,57,59,61,52,70,51
Nathanaël Saintini,CB,24,59,64,68,60,52,78,60
Sanel Saljic,CAM,18,59,68,37,49,74,55,50
Harvey Saunders,ST,27,59,86,69,53,91,54,59
Calum Scanlon,LB,19,59,70,54,57,77,56,54
Marcel Schantl,RB,24,59,63,61,65,61,59,58
Kwabe Schulz,CB,25,59,53,52,59,60,70,55
Adrian Segecic,RW,20,59,76,45,54,75,43,54
David Sellés,CB,21,59,59,62,60,58,55,56
Alejandro Severo,RW,19,59,70,55,59,70,58,50
Max Sheaf,CM,24,59,63,66,64,66,59,58
Shi Yan,LM,22,59,76,63,52,74,42,59
Shin Sang Eun,RW,25,59,80,62,55,79,74,58
Hussain Sibyani,LB,23,59,81,63,49,81,48,53
Janne Sietan,CB,22,59,63,62,53,58,71,58
Gabriel Sigua,CM,19,59,67,63,61,68,76,62
Luan Simnica,CDM,20,59,60,62,61,62,61,61
Naorem Mahesh Singh,RM,25,59,74,56,58,71,52,52
Mehtab Singh,CB,26,59,67,64,51,52,77,56
Roshan Singh,LB,25,59,68,76,57,63,64,55
Jeakson Singh Thounaojam,CDM,23,59,55,72,59,51,76,51
Xavi Sintes,CDM,23,59,51,55,68,60,64,56
Luca Sirch,CB,25,59,56,62,55,57,72,47
Axel Sjöberg,RB,24,59,68,53,55,65,51,51
Henrik Skogvold,ST,20,59,78,58,55,74,55,56
Noah Smith,LB,23,59,69,60,54,68,70,55
Dylan Smith,CB,18,59,64,61,50,62,65,50
Fábio Jaló,ST,18,59,73,53,49,81,50,60
David Sotelo,CM,21,59,60,60,63,58,49,61
Jhair Soto,RB,21,59,66,57,60,62,49,54
Nick Stepantsev,LM,22,59,73,55,66,66,61,47
Godfrey Stephen,LB,24,59,65,61,53,76,69,57
Dušan Stojinović,CB,24,59,57,55,52,61,59,58
Lawson Sunderland,CM,22,59,66,63,68,69,67,51
Kamarai Swyer,CAM,21,59,67,52,56,68,61,58
Macaulay Tait,CM,19,59,61,63,66,71,46,51
Bianneider Tamayo,CB,19,59,57,68,44,63,74,52
Tan Kaiyuan,ST,23,59,68,63,62,73,66,57
Răzvan Tănasă,LW,21,59,77,59,66,74,52,52
Deepak Tangri,CDM,25,59,61,73,62,68,75,49
Brad Tapp,CDM,23,59,68,56,60,63,57,51
Jon Taylor,RW,32,59,70,32,54,74,32,54
Cheick Thiam,CB,20,59,68,65,49,60,74,53
Ben Tollitt,LM,29,59,74,65,55,76,59,54
Mathias Tønnessen,CB,20,59,66,49,56,55,58,59
Abdoulkarim Traore,CDM,19,59,64,49,64,64,56,61
Dilyimit Tudi,CM,25,59,63,74,62,60,61,60
Bas Van Den Eynden,CDM,22,59,49,61,61,50,80,51
Damian van der Haar,CB,20,59,54,63,59,64,67,47
Harry Van der Saag,RB,24,59,74,67,55,70,76,57
Miguel Vegas,CDM,18,59,64,53,68,62,40,59
Santino Vera,CDM,18,59,71,46,64,77,64,51
Samuele Vignato,ST,20,59,64,60,64,72,31,66
Jules-Anthony Vilsaint,ST,21,59,76,34,50,62,69,40
Cătălin Vulturar,CAM,20,59,67,64,64,68,58,46
Aurel Wagbe,LM,20,59,78,60,58,74,72,46
Casey Walls,CB,21,59,41,51,41,51,72,41
Wang Zihao,CM,30,59,72,62,63,74,42,68
Wang Jianan,RB,31,59,68,65,59,70,60,51
Wang Jianming,RM,31,59,71,71,56,64,71,58
Riley Warland,LB,22,59,64,67,55,66,72,46
Jaden Warner,CB,21,59,78,54,56,70,73,55
Kacper Welniak,ST,24,59,64,62,58,66,72,45
Wen Jiabao,LB,25,59,81,65,55,79,57,54
Dylan Wenzel-Halls,ST,26,59,82,64,54,78,62,47
Corey Whitely,LM,33,59,75,73,52,74,57,54
Kevin Wiethaup,CAM,19,59,71,50,62,71,46,54
Adam Wikman,CM,20,59,67,60,62,65,44,58
Tyrone Williams,CB,29,59,63,62,44,59,80,55
Zac Williams,CB,20,59,64,61,52,67,69,56
John Ross Wilson,RB,25,59,55,62,55,62,59,53
Donovan Wilson,ST,27,59,76,71,48,75,75,52
Lucas Wolf,CAM,23,59,68,43,60,72,34,52
Harry Wood,CM,22,59,63,60,62,66,58,53
Alex Woodyard,CDM,31,59,49,66,59,52,58,58
Mohammed Yasir,RW,26,59,73,62,59,78,59,48
Seyhan Yigit,RB,21,59,69,71,54,74,44,51
Özkan Yiğiter,CDM,24,59,60,53,66,63,70,55
Atsushi Zaizen,CAM,25,59,60,44,58,65,37,61
Nikodem Zielonka,LW,20,59,72,54,54,74,58,48
Jabir Abdihakim Ali,ST,25,58,56,51,45,50,85,50
Mohammed Abdulrahman,RB,21,58,77,65,42,77,58,53
Eli Adams,LM,22,58,66,72,58,69,50,48
Elicha Ahui,RB,20,58,67,62,51,63,71,47
Yazeed Al Bakr,RB,26,58,78,60,52,74,60,50
Fahad Al Hamad,CB,26,58,69,64,49,62,72,54
Saleh Al Harthi,RM,29,58,71,59,56,72,55,50
Khaled Al Kaabi,RM,32,58,73,58,54,77,54,52
Hussain Al Nowaiqi,RB,28,58,73,71,54,72,50,53
Abdulaziz Al Olewah,RM,20,58,81,53,55,92,31,53
Omar Al Owdah,RB,25,58,75,57,54,73,60,50
Noor Al Rashidi,CB,29,58,57,57,55,63,69,56
Sattam Al Rouqi,LM,22,58,77,52,59,80,62,45
Marwan Al Sahafi,RM,20,58,75,60,52,76,58,54
Mansour Al Shammari,LB,24,58,69,60,54,66,60,53
Abdulmalek Al Shammari,LB,29,58,72,54,58,70,66,54
Abdullah Al Yousif,LB,27,58,65,62,54,72,73,52
Levi Amantchi,ST,23,58,78,60,43,66,83,52
Luca Andronache,ST,21,58,70,56,58,70,58,56
Keny Arroyo,LW,18,58,69,55,55,72,56,56
Tyrell Ashcroft,RB,20,58,76,64,47,77,47,51
Cian Ashford,ST,19,58,74,62,52,76,54,53
Ahmed Ashraf,RM,31,58,72,39,55,74,63,48
Nathan Asiimwe,RB,19,58,75,68,55,71,68,50
Zach Awe,CB,20,58,55,48,51,53,60,53
Alex Badolato,ST,19,58,66,60,55,72,62,52
Yunus Bahadır,RB,22,58,66,53,48,71,49,56
Geraldo Bajrami,CB,24,58,63,61,44,61,72,54
Cody Baker,RB,20,58,70,64,38,70,48,55
Johan Bakke,CM,20,58,58,62,60,64,32,56
Bartosz Baranowicz,CDM,21,58,63,60,56,60,70,60
Charlie Barker,CB,21,58,66,61,46,64,68,58
Kailin Barlow,CAM,21,58,66,64,58,66,53,50
Jonas Bauer,RM,21,58,68,55,54,71,52,51
Anton Bäuerle,LM,19,58,64,54,64,62,53,52
Alfie Bavidge,ST,18,58,71,53,49,73,50,56
Aris Bayindir,CAM,17,58,60,44,60,58,45,54
Lachlan Bayliss,RM,22,58,73,60,54,75,56,56
Filip Beckman,CB,21,58,54,51,43,56,75,60
Alcides Benítez,RB,22,58,69,68,53,75,37,46
Daniel Bennie,RM,18,58,72,53,55,74,63,55
Dion Berisha,LM,21,58,62,41,61,65,51,48
James Berry,LM,23,58,79,63,46,76,57,52
Lewis Billington,RB,20,58,65,62,53,68,72,44
Luke Bodnar,CDM,24,58,62,69,58,55,74,56
Aaron Bolger,CDM,24,58,52,69,61,61,50,57
Rowllin Borges,CDM,32,58,54,74,55,49,72,51
Pedro Borges,CAM,19,58,72,68,61,75,67,53
Mohamed-Amine Bouchenna,CAM,18,58,75,41,55,78,34,45
Manuel Braun,LB,19,58,68,49,56,66,65,42
Francisco Bregante,LB,20,58,53,59,48,52,67,48
Luke Brennan,LW,19,58,63,55,57,63,60,51
Taylan Bulut,RB,18,58,62,64,56,64,63,49
Evan Caffrey,CM,21,58,65,66,59,62,62,55
Max Caputo,ST,19,58,71,56,57,67,70,52
Jarrod Carluccio,RM,23,58,76,66,49,81,57,54
Robert Castellanos,CB,26,58,52,56,44,54,80,50
Joshua Cavallo,LM,24,58,65,63,56,71,49,51
Antonio Ceza,CB,21,58,63,48,36,62,56,63
Pratik Chaudhari,CB,34,58,49,64,35,47,77,43
Sidiki Chérif,LM,17,58,69,51,53,66,57,39
Adi Chică-Roșă,ST,26,58,63,58,40,60,67,52
Jeremiah Chilokoa-Mullen,CB,20,58,58,59,69,59,58,52
Choi Chul Soon,RB,37,58,53,56,57,65,68,46
Radosław Cielemęcki,CAM,21,58,68,68,61,68,50,56
Noah Cobb,CB,19,58,73,58,35,68,59,53
Fredy Colmán,RM,19,58,76,65,49,77,55,38
Wilfred Correa,CAM,18,58,70,62,58,71,34,67
Marius Courcoul,CB,17,58,57,67,43,56,59,51
Trae Coyle,LM,23,58,74,60,57,74,65,52
Guilherme Zimovski,RW,19,58,68,60,55,62,61,45
Jez Davies,CM,20,58,72,65,62,68,59,58
William Dávila,CAM,23,58,66,48,60,60,42,58
Luc De Fougerolles,CB,18,58,63,63,56,65,57,56
Gary Deegan,CDM,36,58,30,63,61,30,67,53
Lorenzo Dellavalle,CB,20,58,56,33,58,55,62,47
Mandar Desai,LB,32,58,75,79,50,79,55,51
Dramane Diarra,LM,20,58,72,60,50,75,45,58
Matt Dibley-Dias,CM,20,58,69,52,60,67,50,56
Albert Iustin Doicaru,RW,17,58,74,58,56,70,60,55
Lukas Dominke,CB,20,58,60,52,53,55,73,49
Dong Yanfeng,CB,28,58,80,66,50,69,71,53
Ronald Donkor,CM,19,58,63,60,65,62,47,59
Stephen Dooley,CM,32,58,54,60,58,55,59,60
Andrei Dorobanțu,CM,20,58,64,64,58,66,57,56
Amidou Doumbouya,CB,17,58,53,62,59,58,64,51
Sam Durrant,LM,22,58,69,74,53,66,66,49
Furkan Dursun,ST,19,58,69,61,50,65,70,53
Moritz Eder,RB,21,58,66,60,51,68,53,54
Guiry Egny,CM,22,58,64,53,61,62,55,61
Deji Elerewe,CB,21,58,69,59,51,69,76,55
Jack Ellis,RB,20,58,68,68,53,65,69,53
Emmanuel Essiam,CM,20,58,72,72,65,70,70,54
Cameron Evans,CB,23,58,62,64,54,59,65,48
Kieron Evans,CAM,22,58,72,58,57,75,49,56
Shane Farrell,RM,24,58,67,62,58,68,62,51
Feng Boxuan,RB,27,58,84,67,48,82,59,52
Feng Gang,CM,31,58,77,64,59,80,40,56
Raynier Fernandes,CM,28,58,67,62,60,68,60,62
Ryan Finnigan,CM,20,58,63,67,64,69,55,54
Andrei Florescu,LW,22,58,80,65,59,79,60,53
Ibrahim Fofana,CM,20,58,62,57,64,64,60,58
Justin Forst,ST,21,58,65,66,49,63,66,57
Lukas Frenkert,CB,24,58,76,67,32,67,74,58
Patrick Gamble,CB,20,58,66,48,52,56,69,50
Gao Huaze,LM,26,58,71,77,56,76,60,53
Antoine Gauthier,CM,20,58,61,55,68,66,55,57
Brahim Ghalidi,LM,19,58,72,49,55,76,29,44
Fred Gnalega,CDM,22,58,52,39,65,57,42,48
Juan Carlos Gonzáles,LW,21,58,68,44,53,70,36,58
Cristian Graciano,RB,21,58,73,62,51,73,53,70
Ryan Graydon,RM,25,58,69,50,57,65,60,54
Harvey Griffiths,CDM,20,58,56,56,58,51,66,58
Matthew Grimaldi,LM,20,58,69,55,57,68,64,50
Gabriele Guarino,CB,20,58,47,62,40,60,75,51
Eggert Aron Gudmundsson,CAM,20,58,66,64,57,64,60,56
Jamie Gullan,ST,25,58,70,70,51,73,64,51
Berke Gürbüz,LM,21,58,69,53,57,61,52,49
Jad Hakiki,CM,20,58,65,55,60,67,42,58
Pronay Halder,CDM,31,58,34,63,57,43,76,49
Michael Halliday,RB,21,58,68,66,54,67,61,53
Aksel Halsgaard,CB,19,58,62,40,50,52,53,62
Teodor Berg Haltvik,RW,24,58,61,60,56,67,63,55
Mathis Hamdi,LB,20,58,61,58,47,60,51,54
Han Jong Mu,CM,21,58,52,76,63,55,59,57
Ryan Haynes,LB,28,58,71,68,51,70,66,55
Naif Hazazi,CDM,31,58,34,62,59,32,73,50
Martin Hellan,RB,21,58,64,63,53,56,54,53
Maximilian Herwerth,CB,18,58,55,56,52,48,74,51
Leon Hien,CB,23,58,66,55,54,58,72,60
Jonas Lange Hjorth,LB,23,58,72,74,53,75,53,50
Tim Hoffmann,CB,19,58,65,53,53,61,69,50
Emil Højlund,ST,19,58,57,58,57,65,70,53
Tim Hoops,CB,19,58,66,61,54,68,64,54
Rio Hope-Gund,CB,25,58,67,62,52,71,72,69
David Hurley,CAM,25,58,62,80,64,64,54,48
Hwang Soon Min,LB,34,58,64,71,56,58,59,53
Hwang Do Yun,CM,21,58,68,71,62,62,57,56
Emmanuel Iwe,LM,24,58,79,62,48,82,53,47
Nicolás Johansen,ST,29,58,60,59,52,62,64,48
Marc-André Jürgen,LB,24,58,56,58,55,61,58,54
Lucas Kåhed,CM,22,58,72,52,58,74,34,57
Edgar Kaizer,CB,20,58,54,53,43,55,82,53
Conor Kane,LB,25,58,70,56,53,71,60,49
Yiğit Karademir,CB,20,58,68,62,44,67,60,60
Sankara Karamoko,ST,20,58,89,52,42,84,47,57
Tino Kaufmann,RW,19,58,69,45,56,69,45,48
Rafiq Khaleel,CAM,21,58,72,55,62,79,40,47
Nelson Khumbeni,CDM,21,58,66,64,59,67,54,55
Kim Ju Yeop,RB,24,58,59,69,46,66,63,55
Kim Seung Sub,LW,27,58,82,58,57,80,61,53
Kim Seung Woo,CB,28,58,54,59,38,51,71,62
Kim Geon Hui,CB,21,58,62,55,44,60,73,54
Sebastian Koch,CAM,27,58,85,56,54,89,50,55
Gideon Kodua,RM,19,58,76,51,52,71,38,47
Kong Min Hyeon,ST,34,58,62,56,54,60,55,61
Nurettin Korkmaz,LM,22,58,69,43,58,66,42,41
Ayouba Kosiah,ST,23,58,43,61,50,38,66,55
Szymon Krawczyk,RM,20,58,70,59,55,72,60,43
Danylo Krevsun,CAM,19,58,71,48,61,80,43,56
Mikkel Kristensen,CB,18,58,75,55,56,72,70,58
Joshua Krüger,CDM,20,58,65,54,63,62,47,59
Nandha Kumar Sekar,LM,28,58,74,64,52,83,63,49
Amir Kurdi,RB,33,58,56,62,61,61,63,50
Oskar Lachowicz,CAM,19,58,63,52,58,66,43,54
Kameron Ledwidge,CB,23,58,69,69,54,69,68,60
Jakub Lewicki,LM,18,58,63,64,58,65,54,52
Paul Lewis,CAM,29,58,66,56,61,56,69,56
Myles Lewis-Skelly,CM,17,58,62,57,62,65,59,56
Li Hailong,RB,28,58,66,67,54,72,60,52
Jakub Lis,CDM,22,58,68,63,58,66,57,54
Filip Loftesnes-Bjune,RB,19,58,67,66,60,59,57,51
Long Wei,CDM,29,58,63,78,59,43,61,52
Matéo Loubatières,CM,20,58,65,43,65,71,35,54
Zak Lovelace,ST,18,58,86,37,50,89,58,52
Junior Luamba,ST,21,58,82,55,45,75,69,50
Rayan Lutin,CM,21,58,68,41,62,73,33,50
Brooklyn Lyons-Foster,CB,23,58,55,49,53,52,67,54
Ma Xingyu,CM,34,58,54,65,58,61,63,55
Harvey Macadam,CM,23,58,64,69,61,55,78,57
Maeng Seong Ung,CM,26,58,55,64,67,62,49,53
Juan Magallanes,CM,21,58,67,66,63,70,53,55
Ali Makki,CB,25,58,52,70,55,46,73,56
Jarzinho Malanga,RW,18,58,69,55,55,72,64,55
Kevin Mamani,RB,19,58,68,62,50,69,49,52
Abdoulie Manneh,ST,19,58,71,62,51,73,66,53
Johan Manzambi,CM,18,58,70,60,63,67,64,61
Jon Martín,CB,18,58,67,67,52,69,64,58
Fernando Martínez,RB,24,58,56,57,43,63,50,53
Loïs Martins,CM,20,58,65,59,66,64,47,53
Naif Masoud,CDM,23,58,59,50,62,58,58,60
Jerry Mawihmingthanga,RW,27,58,75,60,50,85,48,46
Liam McCarron,LB,23,58,82,58,52,82,47,51
Ed McCarthy,LM,23,58,67,82,57,64,60,49
Jason McClelland,RM,27,58,63,66,57,64,51,54
Ben McCormack,CAM,21,58,68,57,59,68,51,50
Robbie McCourt,LB,26,58,40,56,58,51,58,57
Declan McDaid,LM,28,58,77,61,56,70,59,54
Rowan McDonald,CDM,22,58,63,71,59,66,64,52
Ryan McLaughlin,RB,29,58,68,53,55,66,61,54
Ryan McLean,LM,25,58,79,62,52,75,58,48
Jack Milne,CDM,21,58,59,49,61,52,64,57
David Mindombe,CB,23,58,68,60,47,63,73,38
Antonio Molina,LM,21,58,69,54,58,68,56,49
Joaquín Molina Huamán,CB,20,58,48,59,58,50,61,49
Jaly Mouaddib,RW,25,58,70,70,61,65,54,53
Jacob Muir,CB,22,58,56,61,54,40,80,53
Joy Mukena,CB,25,58,52,53,42,61,74,51
Pascal Müller,CM,21,58,53,57,64,66,50,51
Philipp Müller,CDM,20,58,68,59,66,68,58,53
Miguel Muñoz,CB,27,58,65,65,54,56,60,48
Beltran Mvuka,LW,25,58,78,44,56,80,49,53
Kelly N'Mai,LW,20,58,90,53,53,90,33,48
Montell Ndikom,CAM,19,58,68,49,58,71,53,49
Rudolf Ndualu,RW,25,58,87,72,53,82,72,43
Moutaz Neffati,RB,20,58,60,51,57,65,54,54
George Nevett,CB,18,58,62,59,54,61,66,57
Serge Ngoma,RM,19,58,90,61,48,90,59,39
Darragh Nugent,CM,23,58,55,65,60,54,63,57
Alan Nuñez,RB,19,58,76,59,58,71,47,47
Connor O'Brien,RB,20,58,78,73,50,81,63,53
Josh O'Connor,ST,20,58,70,51,51,75,57,56
Justin Obikwu,ST,20,58,84,59,45,82,77,56
Ezequiel Olivera,LB,20,58,74,58,28,74,37,54
Olufela Olomola,ST,27,58,76,68,46,72,75,52
Filip Olsson,CM,25,58,71,60,60,70,64,55
Oludare Olufunwa,RB,23,58,53,64,52,70,69,57
Oskar Opsahl,LB,23,58,73,65,53,73,56,52
Lewis Orford,CDM,18,58,62,64,64,60,59,55
Manuel Osifo,CDM,21,58,79,58,62,76,65,47
Haqi Osman,LM,22,58,76,33,60,78,37,39
Sebastian Otoa,CB,20,58,64,62,52,57,68,56
Tiemoko Ouattara,LW,19,58,64,47,54,68,48,45
Abdoul Kader Ouattara,ST,19,58,68,58,49,74,48,57
Daniel Pantschenko,CDM,21,58,67,53,60,68,49,60
Antony Papadopoulos,CM,21,58,73,63,60,69,63,56
Jordi Paulina,CAM,19,58,71,58,62,77,73,53
Adam Petersson,CM,24,58,65,61,61,55,57,56
Daniel Pike,RB,22,58,72,61,53,75,46,54
Diego Píriz,ST,18,58,54,60,35,52,71,48
Sergiu Pîrvulescu,RB,21,58,71,74,52,70,63,54
Filip Piszczek,ST,29,58,67,63,58,74,78,56
Marco Pledl,RM,23,58,66,53,61,74,41,51
Finlay Pollock,CAM,20,58,63,54,62,71,45,51
Tom Pouilly,RB,21,58,66,62,55,69,57,48
Vlad Prejmerean,CM,26,58,66,64,62,62,58,60
Rekeil Pyke,ST,27,58,75,56,51,74,66,57
Mihnea Rădulescu,RW,18,58,79,60,56,76,59,41
Lilian Raillot,CDM,20,58,64,49,63,61,71,60
Leo Ramirez-Espain,CDM,17,58,53,50,62,51,56,55
Lukas Reich,RB,17,58,70,63,58,66,66,57
Jayden Reid,LB,23,58,85,75,59,85,61,46
Arlind Rexhepi,LM,21,58,64,59,56,72,39,40
Jairo Reyes,CDM,18,58,70,67,64,72,63,48
Rico Richards,LM,20,58,64,54,55,72,45,48
Jannik Robatsch,CB,19,58,65,55,53,65,59,47
Santiago Rollano,RM,20,58,75,63,48,67,52,48
Hormipam Ruivah,CB,23,58,56,72,53,52,74,44
Elkin Ruiz,LB,18,58,74,65,50,78,44,49
Abundance Salaou,CDM,20,58,62,54,62,65,64,54
Dino Salihovic,CM,21,58,68,66,62,65,62,56
Sverre Hakami Sandal,CM,21,58,65,62,61,62,63,56
Nicholas Scardina,LM,23,58,69,65,52,69,35,38
Maximilian Scharfetter,CAM,22,58,73,57,63,75,48,50
Sandro Schendl,RM,21,58,77,54,57,76,46,49
Florian Schmid,ST,24,58,66,62,43,62,68,56
Cedwyn Scott,ST,25,58,71,66,53,73,61,60
Ryheem Sheckleford,RB,27,58,76,65,40,72,62,52
Lewis Shipley,LB,20,58,65,62,51,63,69,52
Udanta Singh,RM,28,58,86,65,51,84,61,47
Suresh Singh Wangjam,CM,24,58,79,90,58,85,70,57
Brage Skaret,CB,22,58,53,61,55,53,71,49
Kacper Śmiglewski,ST,19,58,51,53,50,49,73,62
Connor Smith,CM,22,58,63,53,64,64,35,45
Tunmise Sobowale,RB,25,58,78,69,54,75,79,48
Jordy Soladio,ST,26,58,62,57,58,67,43,58
Elias Sebastian Solberg,RM,20,58,72,54,57,73,42,41
Lino Sousa,LB,19,58,65,51,55,59,59,52
Jonah Sticker,RB,20,58,64,60,58,69,61,59
Jamie Stott,CB,26,58,66,64,49,69,73,51
Jack Stretton,ST,23,58,66,55,49,65,60,56
Su Yuanjie,LB,29,58,75,57,52,75,61,60
Yahya Sunbul,LM,26,58,78,61,52,72,66,45
Jakub Sypek,LW,23,58,73,55,56,76,56,51
Matei Tănasă,LW,18,58,76,55,59,76,48,48
Strahinja Tanasijević,CB,27,58,41,57,49,51,64,51
Devan Tanton,RB,20,58,68,71,46,67,64,53
Omar Taylor-Clarke,CDM,20,58,67,55,58,71,57,51
Rodrigo Teliz,CM,19,58,66,58,58,65,44,50
El Mami Tetah,LM,22,58,68,53,55,74,39,48
Mike Themsen,CM,18,58,65,56,62,67,48,58
Miller Thomson,RB,20,58,72,37,56,74,49,55
Darrell Kamdem Tibell,ST,22,58,77,49,48,78,74,52
Mihai Toma,CM,17,58,71,55,64,67,51,53
Mathis Touho,LM,19,58,71,50,49,74,50,44
Musa Toure,ST,18,58,82,32,49,86,70,54
Diego van Oorschot,ST,18,58,73,36,47,76,37,54
Jasper Van Oudenhove,CM,25,58,65,61,64,65,45,58
Jakob Vester,CM,19,58,70,57,61,72,43,58
Jayson Videira,ST,19,58,74,50,49,67,62,54
Matti Wagner,LB,19,58,73,56,56,70,51,56
Gabriel Wallentin,CB,23,58,53,60,47,53,70,55
Wang Jie,CB,35,58,36,39,53,34,83,48
Wilson Waweru,ST,23,58,72,64,50,70,72,51
Charlie Wellens,CM,21,58,63,67,61,66,57,62
Wen Da,RB,24,58,67,64,38,74,74,58
Colm Whelan,ST,24,58,67,49,53,66,70,55
Charlie Wiggett,CB,21,58,54,65,53,48,70,54
Will Wilson,LM,22,58,70,66,58,69,58,59
Max Woltman,CAM,21,58,65,50,58,67,49,57
Philipp Wydra,CM,21,58,63,50,65,62,55,56
Xu Dong,LB,33,58,57,76,37,75,63,49
Xu Haofeng,RB,25,58,72,65,47,65,62,59
Bilal Yalçınkaya,CAM,18,58,69,48,56,67,47,49
Yang Chaosheng,RM,31,58,81,64,52,82,57,49
Ephraim Yeboah,RM,18,58,82,51,53,83,36,50
Oğuzhan Efe Yılmaz,CDM,21,58,56,53,66,61,46,60
Yin Congyao,ST,27,58,72,57,58,68,72,51
Yoon Min Ho,CAM,24,58,65,58,58,64,33,48
Jonny Yull,CM,19,58,66,66,61,72,54,56
Louis Zabala,RB,23,58,67,68,59,71,68,53
Nikola Zečević,CB,20,58,68,64,54,65,66,59
Besfort Zeneli,LW,21,58,68,36,56,72,40,51
Zhao Jianfei,CB,25,58,66,52,48,68,74,52
Jan Ziółkowski,CB,19,58,64,51,51,60,64,59
Hubert Zwoźny,RB,20,58,68,69,50,70,57,52
James Abankwah,CB,20,57,66,60,55,67,71,50
Hamza Abdallah,RB,21,57,61,58,49,64,48,58
Nabil Aberdin,CB,22,57,53,57,53,54,59,57
Desmond Acquah,CAM,22,57,65,51,65,67,37,55
Nino Adom-Malaki,LB,20,57,79,64,46,81,50,52
Stephen Afrifa,ST,23,57,72,57,42,74,56,47
Jeremy Agbonifo,LW,18,57,71,59,55,70,60,52
Yannick Agnero,ST,21,57,71,59,51,73,55,56
Hamza Yiğit Akman,CM,19,57,69,52,62,78,33,50
Hisham Al Dubais,ST,22,57,69,60,48,68,57,56
Yahya Al Najai,RM,25,57,79,51,54,76,59,49
Meshari Al Nemer,ST,21,57,71,58,47,70,61,52
Mubarak Al Rajih,CB,21,57,60,69,47,70,72,48
Mohammed Al Saeed,LB,27,57,71,57,57,69,61,54
Farha Al Shamrani,CM,18,57,65,53,63,67,47,57
Abdihakin Ali,CM,22,57,65,64,61,63,42,52
Oliver Amby,CDM,19,57,67,58,58,65,51,55
Victor Andersson,LM,19,57,74,35,54,75,34,38
Kai Andrews,CM,18,57,76,59,62,72,61,47
Samuel Anini Jr,LW,22,57,75,54,56,78,42,50
Cameron Antwi,CDM,22,57,65,56,62,60,68,51
Alexander Aoraha,CM,21,57,63,61,64,68,47,51
Charles Yaw Appiah,RW,18,57,71,54,54,73,47,48
Leonardo Arana,LW,20,57,73,56,54,68,49,47
Isaac Asante,CAM,22,57,72,48,56,68,57,48
Siaka Bakayoko,CB,19,57,61,39,48,61,62,53
Alama Bayo,RW,18,57,64,41,44,74,51,53
Vitalie Becker,LB,19,57,60,58,53,63,55,53
Ludvig Begby,LM,27,57,62,48,58,69,42,47
Hosine Bility,CB,23,57,55,54,45,57,78,50
Israel Boatwright,RB,19,57,70,56,28,71,46,55
Valentin Borcea,CAM,22,57,69,62,58,67,61,55
Vincent Borden,CDM,25,57,64,65,57,52,66,53
Ryan Brennan,CM,32,57,46,50,59,40,64,57
Daniel Bunk,CAM,20,57,65,34,62,60,31,52
Cian Byrne,CB,21,57,53,54,46,52,71,51
Brandon Cambridge,CM,22,57,68,61,62,65,62,55
Jessel Carneiro,LB,34,57,68,74,49,69,57,49
Matty Carson,LB,21,57,62,62,53,67,53,53
Josué Castillo,CDM,20,57,61,68,60,60,52,55
Theo Chapman,CAM,19,57,74,58,55,77,46,53
Chen Jie,CDM,34,57,55,79,50,56,74,49
Cristian Chira,CM,22,57,62,60,62,64,56,52
Choi Gi Yun,RW,22,57,69,63,51,67,38,58
Choo Sang Hun,RW,24,57,72,60,43,77,38,54
Samy Chouchane,CDM,21,57,60,50,58,62,55,54
John Clarke,LB,20,57,60,58,38,65,55,56
Fin Conchie,CM,21,57,62,69,62,70,74,57
Sadin Crnovrsanin,CB,22,57,65,64,54,61,69,50
Mauricio Cuevas,RB,21,57,70,62,52,75,35,49
Kamil Cybulski,CM,18,57,66,58,64,65,49,51
Vontae Daley-Campbell,RB,23,57,67,68,52,70,62,50
James Daly,ST,24,57,75,49,50,76,51,55
Gabriel Dănuleasă,CB,21,57,64,52,53,60,72,50
Bajung Darboe,CM,17,57,51,65,65,60,49,43
Tom Davies,LB,20,57,74,59,55,71,50,53
Warren Davis,LM,19,57,69,59,50,68,53,48
Aodh Dervin,CM,25,57,60,78,57,60,58,57
Marcus Dinanga,ST,26,57,70,63,46,72,61,53
Alouis Diriken,CB,20,57,44,48,47,37,60,52
Regan Donelon,LB,28,57,68,71,54,67,53,45
Romelle Donovan,RM,17,57,79,53,51,80,42,46
Jacob Dowse,LM,24,57,71,36,54,58,80,53
Marc Niclas Dühring,LB,20,57,67,59,56,69,55,51
Yaya Dukuly,LM,21,57,84,51,48,86,59,54
Luke Duzel,CM,22,57,66,62,63,65,64,54
Christian Egbutudike,ST,21,57,56,51,45,58,67,48
Hayrullah Erkip,LM,21,57,65,49,61,60,45,39
Aaron Essel,CDM,19,57,66,60,57,65,71,56
Ahmad Faqa,CB,21,57,57,62,54,55,74,46
Zack Farnsworth,LB,22,57,76,57,46,71,65,42
Bobby Faulkner,CB,20,57,68,60,46,68,73,54
Josh Feeney,CB,19,57,54,46,53,52,65,52
Justin Ferizaj,CM,19,57,70,70,59,61,48,53
Alexander Fesshaie,ST,20,57,75,52,55,74,50,56
Robert Filip,CM,22,57,71,70,67,62,65,57
Nick Firmino,CAM,23,57,52,53,60,67,47,52
Ajani Fortune,CM,21,57,59,57,66,65,56,57
Franciszek Franczak,RM,17,57,69,57,55,74,31,40
Robbie Fraser,LB,21,57,68,51,51,76,57,53
Miguel Freckleton,CB,21,57,72,64,44,69,77,53
Malcolm Fry,RW,19,57,65,54,55,65,60,45
Gabriel Gheorghe,CAM,17,57,74,52,58,78,48,50
Juan José Giménez,RM,21,57,72,64,57,73,42,37
Thomas González,CB,20,57,58,55,49,58,65,54
Chafik Gourichy,CAM,23,57,84,46,52,83,41,50
Lukas Graf,CB,30,57,56,53,59,52,56,52
Will Greenidge,RB,22,57,59,58,48,67,73,55
Seán Grehan,CB,20,57,57,53,53,56,67,52
Aaron Gurd,CB,22,57,51,64,46,45,70,56
Tyler Hall,CB,18,57,62,50,64,59,54,47
Victor Emanuel Halvorsen,CM,20,57,57,63,60,57,59,57
Rinto Hanashiro,CAM,19,57,65,38,59,70,47,62
Kayden Harrack,CB,20,57,66,65,44,66,73,51
Calvin Harris,LM,24,57,65,56,44,69,61,45
Fenton Heard,CAM,19,57,72,60,57,73,53,52
Luke Heeney,RB,25,57,65,60,51,64,61,48
Malik Henry-Scott,ST,22,57,58,58,45,60,57,53
Selmin Hodza,RM,21,57,66,55,57,62,42,57
Lucas Høgsberg,RB,18,57,71,54,44,72,60,58
Matúš Holíček,LM,19,57,72,63,52,76,56,54
Colm Horgan,RB,30,57,61,63,57,63,60,56
Isaac Hughes,CB,20,57,63,64,58,54,69,56
Luka Hujber,RB,25,57,61,55,56,67,62,52
Andrin Hunziker,ST,21,57,63,50,48,62,77,50
Bradley Ihionvien,ST,20,57,80,57,47,80,73,49
Filip Ilie,ST,22,57,75,55,46,76,58,57
Alexandru Irimia,CM,18,57,69,53,62,72,40,55
David Jaunegg,RB,21,57,60,45,54,59,70,55
Jiang Zilei,RM,27,57,76,63,53,74,61,50
Simon Joachims,RM,22,57,68,61,60,70,55,49
Daniel Job,RM,19,57,78,55,50,77,54,48
Zak Johnson,CB,20,57,55,60,46,66,70,52
Arkell Jude-Boyd,RB,21,57,75,59,54,73,59,54
Jung Han Min,LM,23,57,70,61,41,65,61,50
Robin Kalem,RM,22,57,72,62,54,75,58,40
Jardell Kanga,CAM,18,57,68,57,56,71,56,55
Eren Karaağaç,LB,20,57,65,56,55,67,45,46
İlker Karakaş,ST,25,57,59,55,54,55,73,46
Cian Kavanagh,ST,21,57,64,59,54,65,72,52
Brandon Khela,CAM,19,57,55,52,61,67,55,57
Evan Khouri,CDM,21,57,72,69,56,71,52,56
Yakup Arda Kılıç,LW,19,57,72,57,53,73,50,50
Kim Dong Jin,CM,21,57,49,66,58,49,59,56
Maxwell Kinsey,CB,19,57,60,55,47,59,71,50
Samuel Kotto,CB,21,57,76,63,54,60,85,45
Marcel Krajewski,RM,19,57,64,58,55,68,56,55
Jonas Kühn,LB,22,57,70,62,55,72,59,53
Jerry Lalrinzuala,LB,26,57,67,67,55,76,70,55
Oliver Larraz,CDM,22,57,53,55,62,62,49,50
Julian Larsson,ST,23,57,72,54,50,74,55,57
Paul Lehmann,CB,20,57,55,55,53,47,77,53
Lei Wenjie,LW,27,57,70,72,54,73,70,50
Lewis Leigh,CM,20,57,62,63,63,67,32,52
Alexander Leuthard,LM,18,57,70,55,61,69,52,47
Liu Yixin,LB,23,57,54,62,45,60,57,62
Filip Luberecki,LB,19,57,74,57,33,75,58,55
Pablo Luján,RM,21,57,73,58,56,74,49,53
Panashe Madanha,RB,20,57,85,62,51,82,79,54
Mada,CAM,22,57,63,41,65,51,55,54
Robbie Mahon,LM,21,57,65,58,55,67,40,60
Jovon Makama,ST,20,57,62,46,49,67,83,54
Stefano Marino,ST,20,57,66,55,47,60,66,53
Aiden Marsh,ST,21,57,71,52,48,69,43,58
Boris Matić,RB,20,57,70,59,29,67,47,55
Scott McGill,CM,22,57,70,51,63,72,57,55
Cole McKinnon,CM,21,57,72,60,61,66,65,58
Brian McManus,CM,22,57,51,64,59,57,57,55
Dean McMenamy,CM,22,57,63,69,58,68,65,61
Jayden Meghoma,LB,18,57,76,61,50,73,58,53
Juliën Mesbahi,CB,18,57,59,51,40,59,58,52
Zoran Mitrov,CAM,22,57,74,55,60,71,52,49
Fabian Monge,CDM,23,57,72,61,56,77,51,52
John Montaño,RW,17,57,66,48,48,68,44,58
Santiago Morales,CAM,17,57,63,44,61,66,45,42
John Mountney,RB,31,57,42,50,63,43,69,56
Moxmet Nebijan,LB,23,57,65,63,55,55,50,46
Jacob Murrell,ST,20,57,51,61,49,47,70,50
Zack Nelson,ST,19,57,68,46,49,70,58,57
Levy Nene,ST,18,57,80,59,55,78,54,54
Villads Nielsen,CB,19,57,64,53,51,58,71,56
Ivan Nikolov,CM,22,57,68,62,60,69,60,55
Conan Noonan,CM,21,57,64,60,57,66,50,53
Musah Nuhu,CB,27,57,36,52,46,41,85,42
Mark O'Mahony,ST,19,57,67,61,51,68,65,52
Henry Offia,ST,24,57,83,45,52,85,68,45
Junior Ogedi-Uzokwe,ST,30,57,80,59,51,82,55,54
Habeeb Ogunneye,RB,18,57,72,46,54,75,55,55
Krystian Okoniewski,ST,19,57,66,57,44,71,56,44
Nathan Ordaz,ST,20,57,60,48,43,68,52,46
Emir Ortakaya,CB,20,57,54,54,54,49,58,49
Trent Ostler,RM,22,57,65,61,55,63,61,53
Ștefan Pacionel,CM,25,57,66,65,57,67,54,54
Ishan Pandita,ST,26,57,69,59,46,63,68,54
Park Yong Hui,RW,22,57,70,58,45,68,61,60
Sam Parker,RB,18,57,71,58,50,69,66,52
Ben Parkinson,RW,19,57,75,49,50,71,62,43
Nathan Paull,CB,21,57,74,66,45,57,72,48
Harry Pell,CM,32,57,46,53,60,48,80,55
Aribim Pepple,ST,21,57,70,59,43,76,77,52
Frantz Pierrot,ST,25,57,62,57,49,61,80,54
Kacper Pietrzyk,ST,20,57,68,59,45,71,64,47
Nikhil Poojary,RB,29,57,72,76,50,67,62,49
Finley Potter,CB,20,57,63,61,46,57,73,56
Rahul Praveen,RM,24,57,89,54,45,89,41,42
Majed Qasheesh,LB,22,57,77,70,51,77,40,53
Andrew Quinn,CB,22,57,56,53,49,53,71,49
Stefan Radosavljevic,LM,24,57,73,75,53,78,75,58
Vinit Rai,CDM,26,57,52,80,59,46,71,45
Kiban Rai,CAM,19,57,80,54,56,78,44,53
Gustavo Ramos,CB,19,57,51,58,56,48,60,52
Emiliano Ramos,ST,19,57,81,59,54,77,61,53
Khaled Razak,RW,18,57,77,54,53,75,40,48
Lucciano Reinoso,ST,18,57,65,57,54,66,67,62
Filip Rejczyk,CM,18,57,64,67,63,64,72,49
Alwande Roaldsøy,CM,20,57,58,60,64,68,64,51
Leon Robinson,CB,23,57,57,65,57,64,68,49
Javi Rodríguez,RB,21,57,57,61,49,62,56,57
Felipe Rodríguez-Gentile,ST,17,57,67,40,45,75,29,51
Benjamin Rosenberger,RM,28,57,59,62,58,77,56,55
Paul Rothrock,RM,25,57,68,53,54,69,47,57
John Ryan,LB,20,57,74,64,50,74,54,53
Pim Saathof,CB,20,57,52,49,60,64,45,60
Joseph Sabobo Banda,LW,18,57,74,55,53,75,36,45
Dominic Sadi,LM,21,57,62,43,54,75,54,47
Lauge Sandgrav,CM,19,57,58,42,61,62,52,58
Zac Sapsford,ST,22,57,77,60,50,79,56,52
Malik Sawadogo,LB,21,57,74,45,59,73,35,54
Franco Schädlich,RB,20,57,67,60,56,69,61,42
Simon Schierack,CM,19,57,65,62,62,63,70,60
Frederik Schumann,LB,21,57,63,56,55,66,54,53
Walter Scott,LB,24,57,70,57,54,76,69,53
Joshua Seberry,CB,20,57,62,59,49,61,72,51
Niclas Schjøth Semmen,ST,21,57,74,67,50,72,72,48
Efe-Kaan Sihlaroglu,CM,19,57,60,50,67,69,50,50
Vikram Singh,RM,22,57,78,54,49,79,53,51
Adrian Skogmar,CM,18,57,63,73,57,65,57,61
Kerr Smith,CB,19,57,59,54,53,57,69,49
Anders Sønderskov,CB,18,57,64,56,53,61,56,59
Song Wenjie,ST,33,57,65,62,53,64,72,52
Tom Sparrow,RB,21,57,56,56,59,62,54,59
Sun Zheng'ao,CB,30,57,54,51,51,56,61,40
Sun Qinhan,RB,24,57,70,54,43,63,60,60
Sun Minghim,LB,24,57,58,60,47,60,44,61
Niklas Szerencsi,CB,24,57,64,59,38,57,72,50
Rei Tachikawa,CM,26,57,56,63,59,66,64,49
Sam Taylor,ST,19,57,69,59,45,70,49,52
Franck Tchassem,ST,25,57,64,60,52,68,57,52
Tristan Teuchy,LM,20,57,64,53,65,75,29,51
Joe Thomas,RB,22,57,75,69,44,71,61,51
Junior Tiensia,LB,23,57,77,74,53,77,56,48
David Tritschler,ST,21,57,53,52,44,42,82,51
Alfie Tuck,CDM,18,57,64,58,62,60,64,54
Wojciech Urbański,CAM,19,57,63,51,63,59,58,49
Suhair Vadakkepeedika,RM,32,57,70,68,50,65,72,48
Jordi Valadon,CDM,21,57,63,43,64,56,39,62
Oskar van Hattum,RW,22,57,82,51,52,75,71,49
Edwin Sydney Vanspaul,RB,31,57,65,75,54,67,70,54
Farik Ventura,CM,21,57,58,55,64,59,49,59
Kane Vidmar,CB,20,57,69,65,49,66,64,51
Bandar Wahishi,CB,22,57,66,64,49,56,71,49
Stephen Walsh,ST,34,57,53,67,57,55,67,48
Wang Yang,CB,31,57,68,59,53,55,71,52
Wang Yu,CDM,22,57,65,75,59,60,60,59
Patrick Weber,CM,20,57,69,54,65,65,59,58
Reece Welch,CB,20,57,48,52,44,42,74,44
Dean Williams,ST,24,57,68,59,55,69,52,45
Harry Williams,CB,22,57,52,58,43,54,82,50
Adam Wilson,LW,24,57,79,47,51,79,38,41
Sam Woods,CDM,26,57,52,56,56,48,71,55
Florian Wustinger,CDM,21,57,64,49,62,69,56,48
Xu Junmin,CAM,29,57,64,70,62,65,56,57
Abdoulaye Yahaya,RW,22,57,72,38,57,68,36,39
Yan Zihao,LB,29,57,73,82,31,70,58,52
Yang Fan,CB,28,57,64,69,53,57,64,55
Yang Yilin,LM,25,57,61,77,58,56,49,53
Yang Boyu,CB,35,57,43,60,43,34,81,53
Yang Yihu,LB,32,57,68,64,52,74,63,59
Yang Zihao,LB,23,57,74,73,46,71,70,56
Yao Xuchen,RM,25,57,64,56,59,64,53,57
Kai Yearn,CAM,19,57,71,57,57,69,51,49
Elton Yeboah,CM,19,57,62,58,65,66,67,55
Kadan Young,LM,18,57,62,36,56,70,42,45
Zhang Huachen,CM,26,57,70,69,61,71,61,58
Zhang Wei,ST,24,57,51,56,53,58,76,55
Zhou Dadi,LM,28,57,75,54,55,62,71,61
Zhou Junchen,LM,24,57,80,59,47,78,53,60
Elvir Zukaj,CB,22,57,63,55,52,55,72,55
Elias Aarflot,ST,20,56,75,31,45,71,66,45
Behram Abduweli,ST,21,56,70,60,47,73,58,54
Haliq Ablahan,CM,23,56,69,65,61,70,65,60
Hassan Abu Sharara,CAM,27,56,68,53,57,71,31,55
Jordan Adebayo-Smith,ST,23,56,79,56,47,82,57,49
Joseph Adjei,CB,29,56,62,65,39,59,69,44
Thamer Al Ali,LM,25,56,78,60,52,74,51,47
Firas Al Ghamdi,RM,24,56,74,55,53,72,56,54
Ziad Al Haniti,CB,28,56,48,49,43,46,69,49
Othman Al Othman,RW,21,56,72,43,50,86,32,54
Mohammed Al Yami,CDM,22,56,75,72,50,63,64,49
Awet Ermias Alemseged,RW,20,56,66,42,48,67,49,52
José Alipaz,LM,21,56,70,60,54,74,53,52
Mohammad Alsalkhadi,RW,23,56,67,51,54,68,49,51
Casper Glenna Andersen,RB,19,56,73,60,56,71,45,50
Yohan Aymon,LW,22,56,60,48,47,65,49,44
Ethem Balcı,RW,21,56,67,44,52,71,35,44
Niklas Barthel,CB,19,56,57,64,50,58,59,53
Jake Batty,LB,19,56,64,57,49,65,52,50
Zishim Bawa,LM,22,56,70,61,48,71,53,48
Alfie Bendle,CDM,19,56,60,62,57,64,60,54
Soufiane Benjdida,ST,23,56,72,51,51,70,55,51
Lukas Björklund,CM,20,56,67,59,63,70,62,54
Billy Blacker,LW,18,56,66,42,52,73,36,48
Shawn Blum,RW,21,56,75,52,50,73,58,48
Michael Boamah,CB,21,56,70,58,48,68,63,55
Arif Boşluk,LB,21,56,65,53,55,71,55,50
Rhys Bozinovski,CDM,20,56,79,66,59,79,58,54
Keanu Brandt,LM,20,56,64,55,59,71,41,52
Alan Bród,CAM,20,56,62,49,57,65,45,50
Dajaune Brown,ST,18,56,71,59,49,72,61,56
Ryan Burke,LB,23,56,61,62,53,62,57,47
Tiago Caballero,ST,19,56,50,58,48,60,51,59
Frederik Carstensen,RM,22,56,68,50,59,69,43,49
Yuri Casermeiro,CB,22,56,57,52,48,45,82,44
Taylor Charters,LB,22,56,68,62,58,69,69,55
Carmine Chiappetta,LM,21,56,71,50,50,75,43,49
Leon Chiwome,ST,18,56,78,55,50,79,64,54
Rocco Coyle,CM,18,56,66,67,60,60,58,55
Cui Qi,CB,26,56,61,74,39,65,65,51
Clemilson Da Silva,CM,21,56,64,60,55,65,55,55
Marcus Dackers,ST,21,56,55,64,45,52,86,53
Vignesh Dakshinamurthy,LB,26,56,70,57,53,68,61,54
Jacob Danquah,CB,19,56,53,51,48,50,76,47
Kasper Davidsen,CDM,19,56,62,58,59,62,51,58
Nevio Di Giusto,CAM,19,56,71,50,57,71,35,49
Baylee Dipepa,ST,17,56,75,56,52,77,52,54
Charles Divialle,CB,20,56,56,57,54,51,65,45
James Dornelly,RB,19,56,65,57,54,69,50,54
Liam Dulson,ST,22,56,79,62,39,71,77,52
Hamza El Dahri,CAM,19,56,66,54,60,65,62,50
Nouri El Harmazi,CAM,22,56,52,61,62,65,47,58
Ziad El Sheiwi,LB,20,56,72,30,51,77,58,45
Ben Engdahl,RB,20,56,78,62,50,78,47,52
Detlef Esapa Osong,ST,19,56,63,56,41,59,70,51
Fei Ernanduo,ST,23,56,58,60,41,59,66,56
Marcus Ferkranus,CB,21,56,43,47,49,53,72,48
Mark Ferrie,ST,18,56,70,51,45,75,59,55
Charlie Finney,LB,20,56,70,63,56,74,38,51
Kristian Fletcher,LM,19,56,74,45,50,72,60,54
Lasse Flø,RB,18,56,64,53,52,60,54,51
Shane Flynn,CB,22,56,69,50,55,67,55,56
Adam Foley,RM,34,56,62,58,50,56,57,49
Dustin Forkel,ST,19,56,70,61,51,68,55,51
Richard Emeka Friday,ST,24,56,80,65,53,81,57,53
Paulo Fritschi,CB,19,56,57,49,42,55,61,56
Narender Gahlot,RB,23,56,58,69,53,55,75,48
Joseph Gbode,ST,19,56,85,65,41,82,84,47
Ge Zhen,RB,37,56,61,70,51,69,62,46
Martin Gjone,CB,19,56,59,57,54,56,62,51
Aimar Govea,LM,18,56,64,52,48,69,33,52
Luke Graham,CB,20,56,59,56,46,63,65,54
Darius Grosu,RB,22,56,77,54,57,80,34,50
Max Grüger,CDM,19,56,63,52,58,64,51,53
Andreas Hegdahl Gundersen,ST,24,56,77,36,48,76,61,50
Owen Hampson,CM,19,56,66,60,59,67,65,55
Carlos Harvey,CDM,24,56,50,56,60,56,64,50
He Zhenyu,RM,23,56,77,52,52,79,72,48
Benjamin Hemcke,RM,21,56,64,59,59,64,61,59
Alex Henderson,CAM,19,56,71,70,59,68,69,53
Patrick Hickey,CB,26,56,52,61,47,50,71,51
Jackson Hopkins,CAM,20,56,64,64,65,67,62,58
Ahmed Horaisi,LW,24,56,74,59,53,70,51,44
Jake Hull,CB,22,56,59,58,41,55,80,45
Olti Hyseni,LW,17,56,75,50,44,74,49,49
Wilfred George Igor,CM,19,56,65,62,59,62,57,57
Mutellip Iminqari,LW,20,56,56,44,53,63,56,58
Sander Håvik Innvær,RM,19,56,66,51,52,65,62,47
Jang Yeong Woo,RB,22,56,58,59,57,59,54,53
Jang Si Young,RM,22,56,69,43,46,68,55,58
Tim Janisch,RM,19,56,66,59,52,72,50,43
Zan Jevsenak,CDM,21,56,61,47,64,56,74,56
Ji Shengpan,RM,24,56,71,56,51,70,59,50
Jiang Ning,CM,38,56,37,45,59,34,54,52
Pharrell Johnson,CB,20,56,60,57,57,57,72,58
Oliver Jones,CB,21,56,67,65,54,56,72,53
Jung Ji Hoon,LM,20,56,66,57,47,59,38,51
Panagiotis Kattirtzis,CM,18,56,62,58,59,64,53,50
Dara Keane,CDM,25,56,70,77,58,61,65,50
Jack Keaney,CB,25,56,50,60,54,47,73,43
Martin Kern,CM,18,56,66,57,58,63,49,62
Lalthathanga Khawlhring,CM,26,56,51,64,62,64,65,51
Kim Seong Min,RB,24,56,74,73,46,60,57,56
Kim Dae Woo,CM,23,56,62,72,58,57,71,57
Kim Ha Jun,CB,22,56,65,52,46,64,66,56
Kim Gyu Hyeong,CAM,25,56,66,52,55,63,36,57
Jimmy Knowles,ST,22,56,74,43,49,78,59,51
Jakub Konstantyn,LM,22,56,71,42,56,73,56,38
Amet Korça,CB,23,56,50,58,51,56,71,50
Igor Kośmicki,CB,21,56,51,51,42,47,72,56
David Kubatta,CB,20,56,54,54,47,53,79,51
Ritwik Kumar Das,LM,27,56,70,65,55,64,63,45
Sasha Kuzevski,RB,23,56,75,67,49,76,59,48
Pawel Kwiatkowski,CB,17,56,62,64,56,65,61,52
Pachuau Laldinpuia,CB,27,56,48,63,48,47,74,43
Isaiah LeFlore,LB,22,56,70,62,40,73,50,49
Anderson Leguizamón,LM,19,56,68,43,55,71,55,44
Li Yongjia,CDM,23,56,66,67,63,65,50,51
Franco Lino,LB,19,56,85,70,44,87,64,45
Filip Lissah,CB,19,56,72,55,56,63,63,49
Liu Jiashen,CB,32,56,50,72,25,48,85,51
Liu Yue,LM,27,56,78,62,57,74,41,62
Ben Lomax,CB,18,56,67,59,55,65,69,55
Rubén López,CM,20,56,62,53,66,63,52,58
Rafael Lubach,CM,19,56,66,63,62,69,59,55
Mohammed Mahzari,CM,22,56,76,70,58,80,58,58
Marco Mannhardt,CM,22,56,53,54,60,54,51,55
Mohammed Marran,ST,23,56,65,58,47,62,59,50
Glan Martins,CDM,30,56,58,71,60,65,74,43
Oğuzhan Matur,LB,25,56,63,55,48,72,34,46
Glenn McConnell,CAM,19,56,58,43,57,63,50,54
Aaron McNally,LB,24,56,71,50,53,71,61,48
Kanayo Megwa,RB,20,56,68,61,48,74,51,60
Martin Miller,RB,26,56,69,57,64,67,40,54
Hazem Mohammed,RM,19,56,67,56,54,66,67,45
Thoiba Singh Moirangthem,CDM,21,56,62,75,55,49,72,45
Francisco Morel,ST,20,56,64,59,49,67,62,60
Lorenzo Moretti,CB,22,56,62,51,47,53,62,48
Mohammed Naif,LM,25,56,72,51,52,75,53,49
Sivasakthi Narayanan,ST,23,56,74,60,51,77,43,51
Maissa Ndiaye,CB,22,56,65,55,37,63,34,51
Jack Neeley,CB,19,56,61,60,33,55,60,40
Maurice Nugent,CDM,26,56,54,68,54,49,64,54
Félix Nzouango,CB,21,56,62,59,44,62,66,55
Niall O'Keeffe,CDM,23,56,61,60,57,65,62,55
Curtis Ofori,LB,18,56,86,73,44,87,51,41
Koen Oostenbrink,CDM,24,56,49,63,59,51,60,39
Matt Orr,ST,27,56,61,66,45,62,72,55
Mohamed Oukhattou,CAM,19,56,71,37,49,67,38,53
Timothy Noor Ouma,CAM,20,56,73,65,60,77,65,45
Emil Özkan,CM,21,56,60,49,59,64,52,51
Park Chu Young,ST,39,56,36,33,59,42,58,47
Park Kyu Min,RM,23,56,71,57,49,59,57,56
Christie Pattisson,RM,27,56,63,60,54,68,57,48
Laurits Raun Pedersen,CM,18,56,73,47,62,71,60,54
Adrián Peña,CAM,20,56,65,55,62,58,53,49
Jaden Pinas,CB,20,56,59,64,46,64,67,51
Alfie Pond,CB,20,56,64,52,40,64,73,51
Kristian Popović,CDM,23,56,67,63,58,58,70,52
Davide Popșa,RB,22,56,63,59,44,61,59,60
Dejan Radonjic,CB,18,56,61,58,45,61,62,55
Ramhlunchhunga Ramhlunchhunga,LM,23,56,70,64,48,69,38,54
Jonas Dobloug Rasen,RW,20,56,73,51,53,75,52,52
Peter Remmert,ST,19,56,57,60,52,49,76,54
Laldinliana Renthlei,RB,26,56,68,72,42,67,67,50
Jake Richards,CM,17,56,71,55,60,73,49,57
Luca Ross,RM,18,56,80,41,50,79,39,50
Ruan Yang,RM,30,56,65,63,47,70,48,47
Noah Rupp,CM,21,56,55,35,62,63,58,58
Mansour Saeed,LB,22,56,69,59,47,68,65,53
Charles Sagoe Jr,RW,20,56,64,38,55,58,32,45
Rodrigo Sandoval,CB,23,56,55,60,57,63,72,49
Santiago Santacruz,CM,20,56,60,58,59,67,47,63
Talha Sarıarslan,ST,20,56,36,54,59,57,44,54
Aron Sasu,LM,19,56,70,55,54,70,59,48
Josh Seary,RB,20,56,67,55,54,67,57,52
Jack Senga,CDM,20,56,53,66,54,55,66,53
Hitesh Sharma,CM,26,56,71,73,58,69,60,55
Sandeep Singh,RB,29,56,56,63,49,66,74,47
Boris Singh,RM,24,56,73,63,50,78,35,47
Raf Smekens,CM,20,56,64,58,58,61,31,58
Ramzi Solan,RB,26,56,81,69,47,79,48,54
Song Jun Seok,LB,23,56,63,63,53,63,55,53
Karim Sow,CB,21,56,53,56,35,50,76,50
Alexandru Stan,ST,18,56,66,53,54,57,73,52
Taylor Steven,RM,19,56,75,55,50,81,40,55
Miłosz Strzeboński,CAM,20,56,62,39,62,58,54,49
Jakov Šuver,CB,21,56,62,30,38,57,78,46
Gianluca Swajkowski,CB,19,56,62,59,41,58,68,53
Sil Swinkels,CB,20,56,49,52,46,46,63,51
Chris Sze,ST,20,56,67,52,53,68,50,52
Liam Tahwildaran,LB,20,56,79,60,53,77,57,49
Kian Taylor,CM,19,56,65,56,62,65,52,55
Basil Tuma,ST,19,56,86,40,51,88,46,51
Simon Wæver,RB,28,56,68,52,50,68,62,54
Wang Qiao,RB,29,56,68,61,51,67,67,51
Wang Xianjun,CB,24,56,71,58,62,61,69,62
Wang Yaopeng,CB,29,56,63,68,47,63,73,53
Yusuf Wardak,CAM,18,56,63,48,59,69,47,42
Alexander Warneryd,RB,19,56,69,62,49,68,56,46
Mitchell Wassenne,RM,23,56,70,56,50,73,52,48
Wei Lai,LB,27,56,68,62,26,67,60,55
Charlie Whitaker,CAM,20,56,62,46,57,65,52,48
Kai Whitmore,CM,23,56,63,69,58,66,63,56
Josh Woods,ST,24,56,76,54,46,78,53,56
Bachirou Yameogo,CDM,20,56,58,56,57,57,89,49
Yan Zhiyu,LB,31,56,84,58,32,58,42,50
Noah Yannick,CDM,20,56,55,45,61,56,58,47
Ye Daochi,RB,23,56,64,56,50,61,51,54
Miska Ylitolva,RB,20,56,72,67,49,75,49,45
Jack Young,CM,23,56,53,60,61,73,32,53
Yu Sun,CB,20,56,52,59,35,48,67,50
Zhang Chi,RB,37,56,53,34,60,39,68,52
Zhao Yingjie,CM,32,56,68,77,55,62,64,59
Zhu Yue,RB,23,56,68,67,41,70,59,55
Adam Zimarino,ST,23,56,67,56,51,69,55,48
Albin Ahlstrand,CM,20,55,64,58,58,61,50,51
Malek Al Abdulmunem,ST,26,55,75,32,41,72,60,53
Sultan Al Akouz,LM,23,55,69,50,56,66,48,48
Mohammed Al Aqeel,CM,27,55,62,60,57,59,56,55
Mohammed Al Aqel,RM,24,55,70,55,50,72,57,52
Abdulrahman Al Enazi,CM,26,55,65,69,55,69,50,51
Abdulaziz Al Hotailah,CAM,26,55,68,55,56,67,49,50
Abdulrahman Al Riou,LB,30,55,67,42,49,66,72,50
Yaseen Al Zubaidi,LM,21,55,68,45,52,64,38,49
Iker Aldai,CB,21,55,56,57,54,54,54,56
Isak Alemayehu,CM,17,55,65,65,57,70,47,46
Naif Almas,CB,24,55,64,54,40,53,76,50
Matías Alvarado,RM,21,55,64,50,40,69,53,39
Eugene Amankwah,LB,19,55,72,58,54,70,51,50
Enzo Andrén,CAM,19,55,62,51,57,63,52,55
Mayowa Animasahun,CB,21,55,54,54,55,53,70,45
Ethon Archer,CAM,22,55,82,69,52,88,53,54
Muhammed Eren Arıkan,LB,19,55,56,64,38,66,45,51
Nóel Arnórsson,CB,17,55,65,56,56,63,61,55
Ahmedin Avdic,CAM,20,55,65,50,55,62,51,54
Daniel Bąk,ST,18,55,59,52,52,69,55,51
Moritz Bangerter,CDM,19,55,64,57,62,66,68,51
Norbert Barczak,RB,19,55,67,68,57,63,56,52
Vincy Barretto,RM,24,55,91,39,48,88,54,40
Jay Benn,RB,23,55,70,60,51,71,59,52
Kevin Berkoe,LB,23,55,80,58,35,75,64,50
Bryant Bilongo,LB,22,55,64,64,28,64,38,54
Jay Bird,ST,23,55,69,61,51,67,72,51
Nathanael Blair,ST,20,55,84,57,40,76,79,50
Zak Bradshaw,LB,20,55,62,58,49,57,63,49
Rumarn Burrell,ST,23,55,75,51,39,76,69,52
Mario Butros,CM,21,55,56,64,58,54,54,58
Hayden Cann,CB,20,55,53,63,51,55,71,46
Linus Carlstrand,ST,20,55,69,50,48,68,67,48
Souvik Chakrabarti,RB,33,55,54,71,52,64,68,48
Cheng Changcheng,ST,33,55,54,60,40,58,76,49
Ayush Chhetri,CDM,21,55,56,64,60,51,61,51
Choi Geon Ju,ST,25,55,86,40,53,82,35,46
Adam Chojecki,CDM,19,55,62,62,59,64,55,48
Makan Winkle Chothe,CAM,24,55,61,34,55,86,36,41
Farukh Choudhary,LM,27,55,71,48,53,78,59,50
Joel Colwill,CM,19,55,55,50,59,58,51,53
Cameron Congreve,CM,20,55,63,55,57,62,54,56
George Cooper,CB,21,55,65,58,54,65,67,49
Michel Dammeier,CDM,20,55,56,61,59,58,62,56
Antoine De Bodt,CM,24,55,62,48,62,55,46,52
Finn Delap,CB,19,55,64,64,39,63,72,52
Matias Delgadillo,RB,19,55,61,57,39,65,68,59
Emir Derviskadic,CDM,20,55,67,61,57,66,53,56
Gora Diouf,CB,20,55,68,55,53,52,65,54
Hamish Douglas,CB,19,55,67,57,47,63,68,50
Seiminlen Doungel,RW,30,55,80,68,50,79,65,46
James Edmondson,CDM,18,55,67,63,58,69,51,55
Logan Farrington,ST,22,55,59,54,38,58,69,54
César Flores,ST,18,55,53,62,47,60,60,56
Brandon Forbes,LW,18,55,67,41,52,62,44,50
Joseph Forde,LB,21,55,71,62,52,74,59,47
Gustav Fraulo,CM,19,55,67,55,59,66,61,51
Julian Gaines,RB,21,55,66,65,48,66,57,46
Oisin Gallagher,CM,19,55,56,61,58,63,65,55
Christian Gammelgaard,RM,21,55,74,54,54,74,50,46
Berkant Gedikli,RB,19,55,66,59,51,69,50,55
Konstantin Gerhardt,CM,19,55,64,46,62,65,47,53
Shahzat Ghojaehmet,LW,18,55,74,63,48,81,43,58
Parthib Gogoi,RM,21,55,81,55,49,78,54,40
Dani González,CM,22,55,67,58,61,65,49,52
Jack Grieves,ST,19,55,67,56,50,63,58,55
Mohammed Harboush,RB,21,55,78,60,45,76,34,51
Ben Hatton,CAM,18,55,67,56,57,69,45,54
Louie Holzman,CB,20,55,53,54,35,58,65,51
Karim Hüneburg,CM,19,55,68,63,63,68,73,55
Darius Iurasciuc,CB,18,55,64,54,54,60,57,55
Aniket Jadhav,LM,24,55,82,58,47,79,69,52
Jakub Jezierski,CAM,20,55,67,37,55,55,57,52
Jin Shunkai,CB,22,55,64,64,36,69,75,56
Nate Jones,CB,23,55,64,58,27,53,75,45
August Karlin,CDM,21,55,52,62,58,63,53,52
Lukas Kirkegaard,CB,19,55,62,58,54,60,59,54
John Klein,RM,24,55,58,53,53,71,34,35
Olaf Korczakowski,LM,20,55,68,50,53,68,54,48
Johan Kury,RM,22,55,71,48,52,71,49,45
Kwak Seung Min,ST,19,55,58,63,48,55,66,44
Provat Lakra,RB,27,55,69,64,43,65,70,46
Lalchungnunga Lalchungnunga,CB,23,55,70,63,42,66,75,43
Jake Leake,LB,21,55,69,57,46,70,57,47
Lee Jong Wook,RW,25,55,73,66,36,75,63,47
Lee Seung Won,CM,21,55,58,54,58,55,43,56
Tucker Lepley,RW,22,55,70,45,54,69,38,54
Li Zhi,LB,31,55,70,69,51,73,46,46
Li Ning,CM,22,55,70,65,62,70,60,59
Liu Pujin,CB,35,55,64,61,48,58,49,55
Liu Xinyu,RM,32,55,68,70,55,62,71,55
August Ljungberg,LW,19,55,64,54,52,71,61,42
Alfons Lohake,CM,18,55,59,62,58,53,54,55
Diamant Lokaj,CM,19,55,73,71,56,65,62,57
Lu Yongtao,CAM,24,55,64,65,58,64,71,49
Jack Lynn,ST,24,55,50,59,46,53,65,56
Ronan Maher,CAM,19,55,71,60,55,79,35,45
Kaelan Majekodunmi,CB,20,55,59,59,40,57,65,54
Gustavo Marecos,CM,22,55,55,55,59,62,47,58
Cristian Martínez,CM,19,55,65,63,64,62,59,54
Joel McGregor,RB,18,55,74,63,51,80,44,48
Ninthoi Meetei,RM,23,55,82,43,54,90,50,50
Marcus Melchior,CM,23,55,58,63,58,55,43,55
Max Meyer,LM,18,55,71,51,54,73,49,51
Bryce Miranda,LW,24,55,79,67,48,76,68,37
Araphat Mohammed,CM,18,55,68,55,63,67,64,53
Amín Molinas,CM,19,55,63,58,61,62,48,54
Rudi Molotnikov,CAM,18,55,66,52,55,68,50,55
D'Alessandro Montenegro,CB,21,55,63,55,38,62,62,59
Pierrick Moulin,CAM,21,55,68,40,62,52,49,51
Assane N'Doye,LB,20,55,68,60,52,73,53,49
Kiyan Nassiri,ST,23,55,66,48,54,49,59,48
Adam Nhaili,CAM,19,55,54,32,51,71,52,48
Damian Nigg,LW,19,55,69,41,51,71,53,48
Wally Njie,ST,21,55,79,40,45,79,61,48
Nolan Norris,CM,19,55,67,58,58,61,44,59
Arne Hopland Ødegård,CM,20,55,59,63,59,60,70,52
Nickson Okosun,LM,17,55,75,48,50,73,66,41
Dylan Oyarzún,ST,21,55,57,56,44,53,82,48
Muhammet Ali Özbaskıcı,CAM,18,55,65,50,62,62,42,60
Adrián Palacios,CB,20,55,59,55,49,57,66,48
Isaiah Parente,CAM,24,55,50,37,62,63,50,45
Nick Pariano,CAM,21,55,61,56,65,63,42,46
Park Chang Woo,RB,21,55,62,63,49,56,56,56
Liam Parker,CB,20,55,57,60,41,59,75,42
Tobias Pfeffer,CB,20,55,68,59,51,68,58,46
Sebastian Quirk,CM,22,55,70,56,59,70,51,53
Ben Radcliffe,CM,20,55,63,68,56,66,67,56
Oliver Ramis,CDM,18,55,64,60,58,62,46,49
Amey Ranawade,RB,26,55,67,59,45,69,62,49
Princeton Rebello,CDM,25,55,57,65,62,48,61,46
Alberto Risco,CAM,19,55,63,37,62,56,44,56
Darren Robinson,CM,19,55,63,56,60,58,53,60
Roger Rojas,LB,31,55,62,60,30,67,49,48
Baptiste Rolland,CB,21,55,65,42,42,62,67,50
Henry Rylah,RW,18,55,77,59,43,73,65,52
Aakash Sangwan,LB,29,55,57,59,47,63,59,53
Shubham Sarangi,RB,24,55,65,68,51,72,65,47
Rilwanu Sarki,RM,20,55,73,52,50,73,32,42
Tyrell Sellars-Fleming,ST,19,55,69,58,42,70,56,53
Alex Servian,CAM,19,55,66,58,55,63,31,57
Jack Shorrock,LB,17,55,76,54,49,79,51,51
Sol Sidibé,CM,17,55,79,60,59,75,60,54
Jitendra Singh,CDM,23,55,81,47,55,69,71,48
Jakub Snopczyński,CAM,19,55,71,31,54,73,34,56
Simone Stroscio,CDM,21,55,59,51,58,64,48,55
Jithin Subran,LM,26,55,78,61,50,76,59,44
Ellis Taylor,LM,21,55,71,54,53,74,48,47
Alfie Taylor,CB,20,55,63,52,51,55,70,52
Dylan Teves,RM,24,55,63,57,52,67,40,50
Josh Thomas,ST,21,55,78,58,45,79,52,48
Tian Ziyi,CB,23,55,65,63,45,60,68,58
Redeem Tlang,RM,29,55,76,69,50,71,53,49
Filip Trpcevski,ST,21,55,73,33,52,67,37,50
Cheveyo Tsawa,CAM,17,55,63,48,64,60,48,46
Emre Uzun,CM,19,55,59,45,61,55,39,46
Yannick Vötter,ST,19,55,66,55,52,70,29,57
Wang Dongsheng,LB,27,55,66,64,31,71,43,53
Christie Ward,CAM,20,55,71,58,55,69,60,51
David Webster,CB,35,55,29,34,51,29,70,40
Myles Weston,RB,36,55,78,53,57,80,56,59
Fabian Wilfinger,CM,21,55,67,59,60,66,60,53
Nathan Wood,LM,26,55,68,57,53,67,58,53
Leopold Wurm,CB,18,55,62,65,44,53,65,50
Xu Yang,LM,37,55,54,34,57,55,63,56
Ye Hong Gyu,RB,22,55,70,62,47,74,55,45
Yoon Suk Ju,CDM,22,55,55,52,56,57,57,51
Marcus Younis,RM,19,55,74,48,45,77,54,47
Nils Zätterström,CB,19,55,79,66,52,68,74,48
Zheng Haoqian,ST,25,55,62,65,44,60,65,49
Abudulam Abdurasul,RM,23,54,70,55,54,76,58,45
Mads Agger,ST,24,54,66,57,42,65,57,50
Asheer Akhtar,CB,29,54,57,70,50,50,72,44
Abdulrahman Al Hajeri,LB,28,54,64,54,50,63,62,51
Omar Al Jadaani,LM,25,54,65,52,46,71,32,48
Ziyad Al Jari,CB,22,54,51,61,37,53,73,50
Suwailem Al Menhali,CB,20,54,66,62,48,61,71,48
Sharafi Al Saleem,CDM,25,54,62,62,55,67,49,50
Hassan Al Slais,ST,24,54,49,58,39,48,80,49
Mehmet Albayrak,CB,20,54,37,50,49,34,63,46
César Álvarez,CM,19,54,60,44,64,60,42,55
Martin Alvsaker,RM,19,54,69,52,49,63,56,52
Nathan Amanatidis,LM,18,54,74,35,45,78,58,34
Joel Anasmo,LM,19,54,75,56,48,73,63,34
Hugo Andersson Mella,CAM,17,54,59,54,55,58,49,53
Conner Antley,LB,29,54,63,61,25,64,62,55
Umit Aras,CB,29,54,56,60,48,58,67,48
Taylan Utku Aydın,CB,18,54,50,64,33,50,57,54
Hugo Bacharach,CB,23,54,67,59,29,62,77,46
Emil Benny,CAM,23,54,69,68,58,67,57,44
Oskar Boesen,CM,19,54,65,54,58,64,62,54
Muhammed Canazlar,CM,18,54,61,43,63,61,47,50
Saulo Cancho,CB,20,54,61,50,34,63,53,62
Nicolás Cárcamo,CM,19,54,62,65,60,58,66,48
Yiğit Emre Çeltik,CM,21,54,66,57,58,68,39,50
Chen Keqiang,LM,24,54,58,55,54,53,61,58
Chen Chunxin,CM,26,54,68,67,55,76,55,53
Amin Chiakha,ST,18,54,62,56,50,60,64,52
Joel Cotterill,CM,19,54,53,53,61,62,53,54
Rohit Danu,LW,22,54,72,58,48,72,40,49
Abdulkarim Darisi,RM,21,54,64,50,54,67,61,50
Sourav Das,CDM,28,54,43,69,54,41,67,51
Zac De Jesus,RB,18,54,72,59,52,80,54,50
Neo Dobson,ST,17,54,85,51,35,82,65,59
Aibanbha Dohling,CB,28,54,79,74,42,55,72,42
Matthias Dollinger,LB,19,54,70,48,46,72,37,45
Mamadou Doumbia,ST,18,54,58,49,37,60,70,50
Albert Eames,RB,18,54,67,58,28,70,48,52
Michael Edwards,CB,23,54,50,63,38,55,75,45
Nassim El Ouarti,CDM,19,54,59,51,59,53,62,49
Owen Elding,ST,18,54,63,59,46,62,58,55
Luis Engelns,CAM,17,54,65,45,58,65,44,48
Sonny Fish,ST,20,54,73,65,46,74,50,53
Mitch Glasson,ST,18,54,73,57,54,75,62,54
Noah Grognuz,CB,18,54,61,56,42,61,65,57
Jay Gupta,LB,22,54,69,66,47,62,65,44
Filip Gustafsson,CDM,22,54,54,41,58,52,58,54
Taha Habroune,CAM,18,54,61,50,59,65,49,50
Aaron Harper-Bailey,CB,22,54,57,60,49,58,65,49
Haakon Haugen,LW,17,54,57,47,53,57,52,44
Nawaf Hazazi,RM,22,54,79,56,46,78,39,39
Heo Kang Joon,CB,22,54,61,58,54,64,72,46
Alexander Hidalgo,CAM,21,54,72,44,55,67,45,55
Akeel Higgins,ST,19,54,83,59,42,83,53,50
Oliver Højer,CM,17,54,72,49,58,75,35,55
Hong Uk Hyun,CB,20,54,53,48,46,51,72,43
Bertin Jacquesson,ST,23,54,69,57,50,69,67,50
William Kallenbach,RM,18,54,68,46,49,69,44,56
Kang Min Woo,CB,18,54,65,65,55,63,66,49
Kim Han Seo,CM,21,54,68,62,60,70,57,52
Kim Ju Hwan,RB,23,54,77,59,36,75,56,56
Samba Koné,CDM,21,54,56,50,61,62,67,54
Katia Kouyate,ST,21,54,79,54,41,77,73,49
Rohit Kumar,CDM,27,54,52,60,54,33,69,50
Bleon Kurtulus,CB,17,54,55,61,52,56,57,53
Hugo Lambotte,CB,18,54,63,56,48,62,48,58
Jerry Lawrence,CM,19,54,67,53,58,72,46,53
Lee Dong Won,LB,21,54,72,61,46,75,64,56
Liang Shaowen,CB,22,54,69,59,41,72,73,49
Liao Lei,LB,25,54,67,54,43,68,62,51
Lim Yoo Seok,CB,23,54,59,60,50,49,70,46
Alex Lindelöv,CM,19,54,54,64,56,62,59,57
Ben Lloyd,CAM,19,54,53,35,53,56,36,48
Francely Lomboto,LW,24,54,80,54,49,79,58,46
Layton Love,ST,19,54,66,62,42,58,68,49
Favian Loyola,CM,19,54,69,52,60,66,45,54
Ma Sheng,CB,27,54,65,60,29,62,67,47
Sebastian Holm Mathisen,LW,19,54,57,51,49,66,36,53
Abdullah Matuq,RW,21,54,81,56,47,78,70,36
Benjamin Mazzeo,RM,19,54,72,58,52,78,46,53
Law McCabe,CAM,18,54,71,61,54,73,53,48
Ciaran McGuckin,ST,20,54,53,57,44,55,61,50
Liam Möller,CAM,19,54,72,51,52,74,42,56
Isaac Moore,CM,18,54,68,62,63,66,58,58
Devendra Murgaonkar,ST,25,54,70,49,53,76,56,52
Mathias Bakken Myklebust,LB,18,54,62,59,45,63,52,55
Kitt Nelson,CAM,19,54,63,45,58,68,32,43
Niu Ziyi,CB,24,54,57,67,40,67,70,50
Matthew O'Brien,CM,21,54,61,53,57,61,62,52
Conor O'Keeffe,RB,30,54,55,62,41,56,58,50
Oh Hoo Sung,ST,25,54,75,61,55,70,34,50
William Osnes-Ringen,CAM,17,54,63,58,55,60,54,48
Sahil Panwar,LB,24,54,57,62,45,66,72,48
Park Kyung Bae,ST,23,54,53,55,49,61,60,55
Harry Politidis,LB,22,54,72,54,50,75,58,47
Nicolas Popescu,CM,21,54,72,57,59,66,55,52
Leander Popp,ST,19,54,70,56,51,70,55,51
Qian Yumiao,RB,26,54,76,63,43,71,60,50
Abdul Rabeeh,RW,23,54,73,56,50,66,42,40
Iustin Răducan,ST,19,54,71,54,45,74,45,44
Jeremy Rafanello,ST,24,54,65,58,43,59,61,48
Brooklyn Raines,CM,19,54,72,57,63,73,34,55
Hmingthanmawia Ralte,CB,24,54,56,69,41,49,77,45
Jayesh Rane,CDM,31,54,69,72,58,62,68,50
Sumit Rathi,CB,23,54,72,60,47,64,72,54
Justin Reynolds,RB,20,54,57,50,49,62,54,50
Ludvig Richtnér,RB,19,54,61,59,52,66,55,47
Brian Romero,RM,18,54,68,41,49,66,37,42
Raul Rotund,CM,18,54,64,55,64,64,54,55
Alan Rybak,ST,17,54,66,40,45,65,32,55
Yannis Ryter,CM,18,54,59,45,63,58,48,58
Sai Sachdev,RB,19,54,69,63,37,71,57,50
Ture Sandberg,CM,19,54,54,63,56,59,58,52
Hayden Sargis,CB,22,54,61,58,36,65,60,48
Matthew Scarcella,CM,20,54,69,32,60,58,46,52
Christian Schmidt,CAM,22,54,40,55,56,55,72,48
Parag Shrivas,CB,27,54,55,61,45,53,73,51
Jiteshwor Singh,CDM,22,54,41,48,60,33,43,56
Samuel Skree Skjeldal,LB,20,54,59,62,41,66,68,55
Declan Skura,CB,22,54,60,60,40,61,68,43
Harrison Sohna,CM,22,54,64,66,56,69,48,49
Christ Souanga,LB,17,54,66,61,27,65,48,58
Michael Spellman,LW,22,54,69,48,50,70,57,49
Sanjeev Stalin,LB,23,54,57,57,47,64,65,49
Sun Guoliang,CB,33,54,55,62,30,64,59,48
Luke Supyk,ST,18,54,78,64,45,74,64,50
Sima Suso,CDM,19,54,59,49,60,63,71,55
Tang Chuang,ST,28,54,66,53,42,57,74,49
Frankie Terry,CB,20,54,68,61,41,65,70,51
Rejan Thaçi,LB,20,54,66,56,43,67,63,52
Andreas Tomaselli,CB,18,54,66,50,55,64,60,46
Luis Toomey,CAM,23,54,58,72,55,63,63,50
Jonas Torsvik,LB,19,54,64,56,46,70,52,52
Seydou Traoré,ST,19,54,61,51,44,65,57,55
David Tufekcic,RW,20,54,67,37,53,70,45,42
Felipe Valencia,RM,19,54,70,32,41,70,34,49
Isak Vanlalruatfela,LW,23,54,59,32,56,65,52,52
Justin Vidic,ST,20,54,68,57,46,58,71,51
Roko Vukušić,CB,20,54,58,54,33,58,64,45
Jamie Walker,LB,23,54,55,56,54,64,65,51
James Wilson,ST,17,54,42,51,44,56,46,54
Wu Wei,CM,27,54,61,77,57,63,73,50
Emirhan Yiğit,RW,18,54,63,47,53,69,33,34
Rhys Youlley,CAM,19,54,61,55,54,70,47,50
Isak Hagen Aalberg,CB,19,53,51,33,52,53,71,48
Merdanjan Abduklim,LM,25,53,71,54,55,68,56,37
Johan Persson Åhstedt,LB,20,53,51,63,45,58,52,46
Matai Akinmboni,CB,17,53,51,56,44,57,67,46
Adnan Aktaş,LB,17,53,63,51,27,69,44,42
Rayan Al Bloushi,ST,23,53,77,58,46,74,61,48
Leander Næss Alvheim,ST,19,53,64,51,50,59,59,44
Sebastian Anderson,RB,22,53,50,61,48,58,48,56
Joel Anker,CAM,19,53,62,46,59,64,35,47
Arhan,LB,22,53,65,63,39,72,37,48
Leon Augustine,RM,25,53,81,56,49,79,57,35
Luca Nicolae Banu,CDM,19,53,53,54,54,51,57,56
Mohamed Bawa,RW,20,53,61,39,50,66,53,41
Stephen Bolma,CM,19,53,58,48,58,59,45,40
Federico Bonini,CB,23,53,51,54,48,59,56,42
Isak Brusberg,CM,18,53,61,59,57,59,62,49
Andrew Buah,ST,18,53,75,52,41,67,67,52
Quincy Butler,RW,23,53,62,48,41,63,42,40
Noel Caliskan,CM,24,53,60,54,58,57,54,54
Pietro Candelari,CM,19,53,54,46,56,56,44,58
Victor Cespedes,LM,21,53,65,51,47,71,51,35
Choi Kang Min,RB,22,53,68,68,58,61,60,50
Benjamin Clemmensen,CB,19,53,61,54,44,60,67,49
Charlie Cummins,CM,19,53,61,61,62,63,71,51
John Paul Dembe,ST,19,53,70,56,40,68,65,51
Jaden Dixon,CB,17,53,70,59,44,66,66,52
Sean Dulic,CB,19,53,66,55,51,64,59,44
Herbert Endeley,RM,22,53,74,48,44,74,58,49
Connor Evans,ST,20,53,76,51,42,77,47,48
David Ezeh,ST,18,53,74,56,53,72,51,48
Sonny Finch,ST,19,53,51,48,47,55,33,51
Baran Ali Gezek,CAM,19,53,38,47,58,55,39,43
Luey Giles,LB,18,53,64,56,33,66,52,57
Alex Giles,CB,19,53,66,64,58,66,63,49
Daníel Tristan Guðjohnsen,ST,18,53,72,60,46,65,70,54
Bret Halsey,RB,24,53,66,57,50,68,49,45
Han Sang Gyu,CB,19,53,64,62,40,63,81,49
Semboi Haokip,ST,31,53,67,33,42,64,76,49
Elias Kringberg Haug,CB,18,53,68,43,45,58,66,44
Stuart Hawkins,CB,17,53,53,59,47,54,63,46
He Longhai,ST,22,53,72,53,57,71,55,55
Lalrinliana Hnamte,LM,21,53,58,73,54,54,62,52
Bailey Hobson,CAM,22,53,68,61,56,70,54,43
Hong Jae Seok,CDM,21,53,49,55,54,54,71,49
Harry Ibbitson,ST,18,53,68,56,33,61,73,49
Brooklyn Ilunga,LB,20,53,75,40,50,80,60,52
Joshua Inserra,CB,19,53,56,56,50,48,51,47
Mohammed Irshad,CDM,29,53,49,72,52,52,83,42
Aaron James,CB,19,53,67,58,41,66,69,47
Rony Jansson,CB,20,53,58,55,50,62,59,43
Sigge Jansson,CDM,18,53,57,44,57,60,49,53
Malachi Jones,LW,20,53,76,33,40,75,46,36
Adam Kardaś,CDM,18,53,61,63,60,68,51,51
Jonas Karner,CAM,19,53,64,47,55,55,47,56
Imran Khan,LM,29,53,60,50,54,68,51,55
Kim Jeong Hyun,CAM,24,53,63,54,53,61,52,56
Kim Hyeon Woo,LW,25,53,59,57,50,58,51,47
Kim Min Young,ST,24,53,63,45,43,65,48,53
Kim Young Jun,ST,24,53,60,59,47,58,63,50
Jakub Kolan,RB,20,53,63,60,29,66,52,53
Niilo Kujasalo,CM,20,53,63,59,55,61,56,54
Patryk Kusztal,LM,21,53,63,54,45,68,49,47
Mikkel Ladefoged,ST,21,53,52,54,44,54,76,47
Lim Hyeong Jin,CB,23,53,61,66,46,66,70,43
Piotr Liszewski,RB,19,53,62,58,25,61,60,53
Liu Bin,LB,26,53,53,64,53,62,70,58
Saurav Mandal,RM,23,53,72,64,47,78,60,43
Ben McCrystal,LM,18,53,70,54,46,75,42,40
Denechandra Meitei,LB,30,53,66,60,44,67,61,45
Melroy Melwin Assisi,CB,25,53,53,68,45,66,73,44
Hira Mondal,LB,28,53,58,78,41,71,66,45
Kelsey Mooney,ST,25,53,64,54,45,67,41,55
Jake Najdovski,ST,19,53,79,57,46,77,45,49
Muhammed Nemil,CAM,22,53,69,65,56,77,55,46
Ben Nink,CB,17,53,55,55,50,63,60,50
Cory O'Sullivan,LB,18,53,66,59,37,68,47,53
Igor Orlikowski,CB,18,53,65,33,35,62,58,59
Park Ju Yeong,RW,21,53,65,48,42,62,60,56
Park Jun Beom,ST,23,53,55,45,49,56,60,47
Sydie Peck,CM,20,53,69,60,57,68,50,46
Storm Bugge Pettersen,ST,18,53,61,47,47,60,57,50
Arran Pettifer,CM,20,53,64,53,59,60,47,52
Kayden Pierre,RB,21,53,71,58,43,71,49,51
Diego Alonso Plaza,CM,23,53,62,59,62,62,36,52
Mobashir Rahman,CM,26,53,59,62,54,67,66,55
Mohamad Rakip,RB,24,53,71,68,41,65,69,44
Waylon Renecke,CB,18,53,68,53,44,70,68,40
Chris Rindov,CB,22,53,55,63,33,55,79,41
Lalchhanhima Sailo,CDM,21,53,60,43,53,63,42,57
Alex Saji,RB,24,53,61,67,41,51,72,43
Phoenix Scholtz,RB,18,53,74,61,44,76,53,48
Sha Yibo,CB,34,53,58,56,30,61,58,46
Matt Sheridan,RB,20,53,64,63,44,69,58,52
Shin Min Ha,CB,18,53,56,59,34,56,73,48
Rio Shipston,CM,19,53,67,60,57,59,52,50
Almoatasim Siddiq,RM,22,53,76,44,51,81,37,43
Huidrom Singh,LB,25,53,56,63,38,64,58,51
Gabriel Sloane-Rodrigues,RW,17,53,75,54,48,73,49,43
Tobias Sommer,CDM,22,53,41,53,56,53,68,45
Song Chang Seok,CAM,24,53,67,63,52,62,66,47
Tao Qianglong,RM,22,53,65,55,44,66,59,49
Sahil Tavora,CDM,28,53,65,62,55,69,70,50
Oscar Thorn,RM,20,53,80,59,45,80,62,47
Jackson Travis,LB,20,53,69,57,40,72,43,43
Piotr Urbanski,CAM,19,53,69,48,60,56,69,51
Muhammed Uvais Moyikkal,LB,26,53,54,62,36,57,73,49
Kamiel Van de Perre,CM,20,53,72,53,58,74,35,53
Håkon Volden,CB,17,53,58,59,43,64,70,48
Ludwig Vraa-Jensen,CB,19,53,61,54,45,60,66,52
Gabe Wadsworth,CM,18,53,71,71,56,72,65,52
Wang Zhenghao,LB,24,53,55,65,43,54,70,45
Harry Whitwell,CM,18,53,66,63,56,63,58,51
Theo Williams,RM,20,53,74,50,42,76,55,48
Thomas Williams,CB,20,53,54,61,38,54,74,50
Kyrell Wilson,RM,19,53,73,52,40,77,35,46
Deniz Zeitler,LM,17,53,72,52,58,67,49,41
Emmanuel Agyemang,CAM,20,52,61,49,51,61,55,49
Filip Åkesson Linderoth,RB,19,52,60,60,41,70,61,49
Meshal Al Alaeli,LB,20,52,81,64,37,82,41,46
Nasser Al Bishi,CAM,22,52,72,33,60,61,55,53
Azzam Al Bishi,ST,22,52,62,65,44,64,65,51
Rakan Al Dawsari,ST,22,52,70,52,40,64,68,46
Rayan Al Qahtani,RW,22,52,71,55,54,70,43,35
Abdullah Al Qahtani,RB,22,52,76,58,43,68,49,43
Wilmer Andersson,CM,19,52,53,59,54,58,55,53
Wahengbam Angousana,CM,28,52,58,80,54,54,46,50
Gbemi Arubi,ST,20,52,72,41,45,74,43,39
Max Bardell,RB,21,52,58,55,29,68,37,55
Rhys Bartley,CM,18,52,63,49,56,63,57,51
Namgyal Bhutia,RB,25,52,70,50,50,81,54,36
Mads Bomholt,CM,18,52,60,64,58,64,47,56
Andy Breuer,CM,19,52,65,52,54,65,36,58
Jaxon Brown,CDM,18,52,66,65,53,68,63,47
Killian Cailloce,ST,18,52,62,54,44,63,54,48
Fin Cartwright,CAM,17,52,68,66,54,64,60,49
Chen Yuhao,RB,22,52,71,63,29,73,52,53
Owen Cochrane,RB,20,52,69,55,45,66,68,47
Raoul Cristea,ST,22,52,58,56,44,61,55,46
Aaren D'Silva,ST,26,52,44,34,44,48,74,49
Riccardo Di Trolio,CB,19,52,60,55,32,66,54,47
Emin Durakovic,LM,19,52,60,53,54,66,35,47
Callum Edwards,ST,18,52,72,48,38,75,38,52
Eom Seung Min,RW,21,52,78,44,41,71,54,48
Danish Farooq Bhat,CM,28,52,60,59,56,63,69,49
Alex Ferguson,CM,21,52,68,62,56,64,45,50
CJ Fodrey,ST,20,52,71,51,35,73,73,46
Isaiah Foster,LB,21,52,65,60,35,57,65,50
Alexander Freeman,RB,20,52,63,71,42,64,64,55
Gang Min Seong,LW,19,52,64,41,36,59,49,54
Almar Gjerd Grindhaug,CM,18,52,59,54,57,58,58,51
Lind Hajdari,CAM,19,52,64,33,52,69,57,36
Nawaf Hawsawi,CDM,23,52,63,60,53,67,55,50
He Yiran,CB,19,52,56,49,44,56,60,55
Hu Hetao,LB,20,52,62,69,29,60,45,53
Freddie Issaka,ST,18,52,72,52,46,69,52,46
Ed James,CB,19,52,53,53,38,57,68,42
Jiang Wenhao,LB,24,52,68,61,45,67,48,50
Will Johnson,CB,19,52,60,65,37,63,70,49
Jung Yoon Seo,CB,19,52,38,35,49,40,80,49
Johan Kenneryd,CB,20,52,58,32,45,58,72,42
Eoin Kenny,ST,18,52,59,33,48,60,37,48
Mourad Khodari,ST,21,52,69,41,42,72,50,49
Tom King,ST,17,52,70,52,41,74,42,54
Sota Kitahara,CM,21,52,64,54,52,65,49,59
Erik Kojzek,ST,18,52,62,56,44,64,54,46
Kwon Chang Hoon,RW,30,52,50,34,55,45,47,56
Daniel Lalhlimpuia,ST,27,52,57,35,46,59,70,51
Freddy Lallawmawma,CDM,22,52,61,75,52,49,58,52
Alex Lankshear,LB,22,52,54,61,32,67,47,49
Dylan Lawlor,CB,18,52,59,62,32,58,55,48
Lee Seung Joon,RM,20,52,63,58,50,63,46,43
Mihăiță Lemnaru,CM,24,52,63,57,56,61,55,50
Gallagher Lennon,CM,18,52,62,63,62,63,46,50
Khaimin Lhungdim,RB,24,52,55,55,47,68,60,48
Liu Chaoyang,CAM,25,52,64,53,50,66,57,53
Paris Lock,LM,19,52,66,55,43,66,45,40
Samuel James Lyngdoh Kynshi,CM,24,52,55,57,55,68,62,51
Theo Mawene,CAM,17,52,70,63,52,64,60,52
Christian McFarlane,LB,17,52,65,66,31,70,44,46
Harry McHugh,CM,22,52,74,53,57,72,45,52
Mijit Mewlan,ST,20,52,66,57,44,73,54,49
Filip Milojevic,CB,19,52,58,60,36,64,72,49
Manoj Mohammad,LB,25,52,59,70,41,63,67,53
Jack Moore,RB,20,52,58,39,49,71,44,49
Wungngayam Muirang,CB,25,52,53,59,34,55,73,42
Ankit Mukherjee,RB,28,52,73,60,39,67,62,48
Ville Nilsson,ST,20,52,58,60,48,50,58,52
Daniel Nkrumah,ST,20,52,72,53,49,69,60,50
Donay O'Brien-Brady,CAM,20,52,78,52,50,71,48,50
Lewis O'Donnell,CM,19,52,63,47,59,61,48,54
Christian Østergaard,CB,19,52,68,56,27,66,67,44
Park Chae Jun,RM,21,52,61,51,51,56,38,42
Matthias Postl,ST,18,52,67,35,47,62,58,40
Nikhil Prabhu,CDM,23,52,52,54,53,48,74,40
Adam Queally,CB,18,52,51,52,43,54,70,53
Paul Ramfangzauva,CDM,25,52,54,68,50,44,71,48
Gottfrid Rapp,RW,19,52,74,50,48,71,47,52
Lalliansanga Renthlei,CDM,25,52,61,76,54,60,71,50
Caleb Roberts,CAM,18,52,63,34,56,59,53,52
Buanthanglun Samte,LB,24,52,61,70,43,69,45,45
Tarik Scott,LM,19,52,73,49,49,73,44,40
Gabriel Segal,ST,23,52,48,58,48,61,61,52
Mario Sfaiț,RW,19,52,65,50,51,69,52,46
Ricky John Shabong,CDM,21,52,54,73,49,34,64,48
Sin Il Yeon,RB,19,52,58,62,29,69,41,48
Gursimrat Singh,CB,27,52,51,59,34,33,72,43
Gurkirat Singh,ST,21,52,60,59,41,75,72,39
Tondonba Singh,LB,29,52,62,70,39,66,56,54
Joey Skinner,LB,21,52,57,60,25,67,41,51
Harrison Smith,ST,19,52,69,58,41,66,69,45
Son Seung Beom,LM,20,52,66,62,50,65,61,42
Song Haoyu,RB,22,52,56,70,35,61,48,50
Song Yue,CB,32,52,64,60,56,67,77,44
Raul Stanciu,ST,17,52,60,46,44,50,44,50
Arion Sulemani,ST,19,52,70,53,42,65,65,48
Ethan Sutcliffe,CB,20,52,65,58,49,62,73,46
Liam Svensson,CB,18,52,55,54,46,51,57,48
Tian Yuda,ST,22,52,53,57,42,54,74,48
Ioan Tolea,CM,21,52,66,62,57,68,53,52
Amidou Traore,CM,20,52,64,54,56,59,58,53
Lewis Trickett,LM,19,52,75,58,46,76,39,48
Callum Tripp,CM,18,52,72,63,56,65,69,55
Gerardo Valenzuela,CAM,19,52,68,54,58,70,52,55
Gustav Wagner,CB,19,52,62,54,36,64,66,49
Morgan Williams,CM,19,52,68,62,57,66,61,49
Ewan Wilson,LB,19,52,66,56,40,66,64,51
Zhang Sijie,CB,23,52,62,63,42,59,65,50
Zheng Xuejian,CM,23,52,60,59,56,64,71,48
London Aghedo,CB,24,51,55,63,28,55,62,46
Forster Ajago,ST,23,51,56,52,37,59,63,46
Abdulrahman Al Hamyani,CAM,21,51,64,40,53,64,42,51
Sultan Al Harbi,CB,24,51,62,58,48,76,60,50
Freddie Allen,LB,19,51,68,62,38,69,45,49
Godwill Ambrose,CB,18,51,67,54,40,64,58,45
Drew Baiera,RB,17,51,59,62,30,69,38,52
Bao Shimeng,RB,21,51,65,62,29,68,33,52
Conor Barr,CB,18,51,57,47,36,53,68,49
Ayush Chhikara,ST,22,51,64,50,38,63,68,43
Choi Hyun Woung,CB,20,51,56,36,38,50,74,44
Choi Ye Hoon,LB,20,51,56,64,30,65,55,49
Leander D'Cunha,RB,26,51,54,52,39,54,63,46
Harry Dean,CB,18,51,59,48,34,56,60,41
Max Edgecombe,LB,18,51,65,59,47,67,48,49
Makise Evans,ST,18,51,67,49,45,70,40,49
Ayman Fallatah,CDM,20,51,54,39,52,55,62,52
Danny Flores,CM,22,51,63,50,59,65,44,46
Wayne Frederick,CAM,20,51,68,42,45,61,44,46
Caden Glover,ST,17,51,65,55,37,59,37,51
Vanlalpeka Guite,CM,17,51,57,45,57,53,41,53
Ha Jeong Woo,ST,18,51,52,65,42,48,78,46
Evan Haddock,CB,19,51,49,51,40,51,69,40
David Hicks,CM,18,51,60,54,56,57,44,52
Jeon Sung Jin,LB,23,51,60,66,57,73,60,47
Jeong Seung Bae,RW,20,51,68,41,44,72,45,33
Jo Jun Hyeon,CAM,20,51,60,54,56,56,62,53
Wataru Kamijo,CDM,18,51,65,30,57,68,34,56
Kang Young Suk,CDM,22,51,56,56,51,53,48,51
Kim Hyeon Deok,CB,19,51,54,58,43,54,65,50
Kim Hyun Seo,CM,20,51,67,58,53,70,45,52
Bego Kujrakovic,CDM,18,51,64,34,56,65,57,34
Lee Hyun Yong,CB,20,51,52,38,33,48,70,45
Lee Won Woo,CB,21,51,40,34,44,37,70,46
Lee Han Bin,CB,21,51,66,57,28,56,76,49
Lee Yun Geon,CDM,19,51,70,64,54,62,57,53
Lee Woo Yeon,CB,21,51,45,41,45,43,70,42
Oskar Leśniak,LM,19,51,68,31,48,53,40,48
Brandon Liggett,CM,18,51,64,67,57,77,49,53
Liu Guobao,ST,21,51,66,59,36,68,58,54
Abdullah Masoud,CB,22,51,65,50,46,62,65,44
Jakub Niemczyk,LM,20,51,72,50,43,73,53,44
Naorem Nongdamba,LM,24,51,72,53,46,65,61,38
Aidan O'Connor,CB,21,51,56,61,34,56,80,40
Felix Oberwaditzer,CB,18,51,58,59,37,58,54,50
Tyron Owusu,CM,21,51,57,51,61,64,56,55
Park Sang Hyeon,CB,18,51,59,61,27,65,73,47
Park Jang Han Gyeol,CAM,20,51,67,54,56,58,38,45
Malik Pinto,CM,22,51,52,50,57,63,59,52
Julian Placias,ST,18,51,54,61,45,50,66,42
Nelson Prenner,CAM,19,51,69,62,59,67,57,49
Max Ross,CB,18,51,56,61,38,56,55,49
Sheikh Sahil,CDM,24,51,37,69,50,56,66,43
Lalhrezuala Sailung,RB,23,51,59,57,54,57,65,50
Mohammed Sanan,CAM,20,51,65,52,45,64,44,40
Nelson Sanca,CB,17,51,61,61,35,63,73,46
Cenk Şen,LB,23,51,65,51,53,69,47,40
Dinesh Singh,CB,26,51,61,61,36,51,73,44
Phalguni Singh,CAM,29,51,66,75,54,80,62,52
Ranjeet Singh Pandre,ST,29,51,71,55,38,61,59,51
Lucas Dantas,CM,22,51,60,63,60,64,54,52
Kimani Stewart-Baynes,ST,19,51,72,55,40,71,51,52
Fabian Talladira,CM,18,51,62,58,56,66,48,48
Adam Vendelbo,ST,20,51,66,43,42,61,52,52
Freddy Willcox,CM,18,51,67,55,59,65,41,48
Callum Wood,LB,21,51,63,53,37,59,51,55
Wu Wei,RB,24,51,64,57,27,62,46,47
Xia Xiaoxi,LM,19,51,61,64,50,68,33,51
Xiao Junlong,RB,23,51,68,54,39,68,50,50
Yoo Sun Woo,RW,20,51,61,48,44,60,53,38
Yoon Tae Min,CB,19,51,44,39,36,47,69,49
Umidjan Yusup,CB,20,51,64,64,35,62,63,49
Ahn Hyeok Ju,LM,20,50,58,40,56,55,48,45
Saad Al Muwallad,ST,22,50,73,57,38,65,70,45
Bandar Al Shamrani,CB,21,50,61,52,39,59,66,45
Faisal Al Sibyani,CDM,21,50,59,36,52,60,49,48
Anas Al Zahrani,CAM,21,50,63,43,50,69,37,42
Søren Andreasen,ST,28,50,54,55,49,53,42,54
Mohammed Azhar,RB,21,50,56,56,31,67,46,45
Baek Seung Heon,RW,19,50,65,51,39,68,43,33
Andreas Bakeng-Rogne,CM,19,50,74,58,52,70,41,51
Nikhil Barla,RM,21,50,65,56,47,67,61,50
Gabriel Billington,CM,19,50,65,60,53,68,63,51
Bridel Bosakani,ST,20,50,66,59,44,62,52,40
Chen Xiangyu,ST,22,50,50,34,44,54,59,52
Cho Jin Hyuk,RW,24,50,63,53,43,62,59,51
Choi Seung Gu,RB,18,50,60,56,40,60,47,52
Connor Cook,CM,20,50,67,57,53,68,50,49
Nitesh Darjee,LB,20,50,52,53,47,61,54,47
Arvin Davoudi-Kia,LB,18,50,61,52,37,70,59,54
Anton Dworzak,CM,19,50,65,43,54,62,66,49
Lalremtluanga Fanai,CDM,19,50,58,66,55,68,50,55
Guo Yunqi,RB,27,50,56,38,54,63,41,56
Ha Dong Seon,ST,20,50,59,59,44,57,57,48
Abhishek Halder,ST,24,50,62,49,48,61,47,52
Sonny Hart,CB,18,50,61,62,41,63,68,45
Marco Hoffmann,ST,20,50,69,46,66,50,40,43
Hong Sung Moo,CM,21,50,55,65,52,50,57,45
Michael Hutter,CM,21,50,67,59,58,61,49,47
Ashish Jha,LW,25,50,60,44,38,69,60,36
Jia Boyan,LB,20,50,71,43,42,70,46,49
Jia Feifan,CM,23,50,66,56,56,66,56,50
Stiven Jimenez,RB,17,50,61,49,45,64,37,43
Jung Jae Sang,ST,20,50,53,60,36,52,72,53
Jung Heon Taek,RB,22,50,55,54,32,51,56,48
Kang Do Uk,CAM,19,50,61,42,51,55,45,46
Kim Dae Hyeon,CB,22,50,52,49,32,41,69,49
Kim Hae Seung,ST,21,50,73,48,36,72,59,52
Jeorgio Kocevski,CM,22,50,65,57,52,61,63,49
Lee Gyu Baek,CB,20,50,53,46,44,46,68,45
Min Young Lee,CM,18,50,63,55,56,63,50,54
Lee Yo Seb,CDM,24,50,61,51,57,60,48,49
Li Deming,RW,20,50,71,41,35,69,43,30
Cristian Licsandru,CM,21,50,64,47,59,61,52,48
Liu Haofan,CB,20,50,54,36,35,56,72,50
Owen Lunt,CM,20,50,64,54,55,66,40,52
Rory MacLeod,ST,18,50,68,34,40,72,33,53
Olwethu Makhanya,CB,20,50,63,59,35,58,51,45
Callum McCay,CDM,18,50,57,50,49,53,66,52
Jovan Mijatovic,ST,19,50,54,56,47,55,53,45
Roald Mitchell,ST,21,50,74,52,40,68,47,52
Monirul Molla,ST,19,50,65,56,47,64,45,48
Sean Moore,CDM,17,50,63,46,52,63,52,53
Halen Nongtdu,CB,20,50,54,54,28,37,65,41
Harry O'Connor,CAM,18,50,66,55,50,64,32,48
Sergio Oregel,CM,19,50,67,54,57,61,43,54
Jaziel Orozco,CB,20,50,55,61,35,63,66,49
Charlie Osborne,CDM,18,50,64,50,42,60,56,53
Abduhelil Osmanjan,CM,21,50,70,62,59,70,42,51
Park Jin Young,CB,22,50,51,56,26,52,74,45
Park Si Hwa,LB,20,50,57,56,32,61,39,55
Oliver Patrick,CM,21,50,63,57,51,67,52,48
Jaylan Pearman,CAM,18,50,60,33,58,57,47,49
Ashis Pradhan,CM,25,50,54,45,57,63,55,54
Rim Ji Min,RB,22,50,57,60,32,59,44,46
Kieran Sargeant,RB,21,50,64,59,30,66,53,51
Jonathan Shore,CM,17,50,61,58,52,52,41,51
Abhishek Singh,RB,19,50,57,56,35,69,55,51
Maheson Singh,CM,19,50,55,58,52,62,44,50
Adem Sipić,ST,18,50,62,51,35,60,63,47
Denis Ștefan,ST,18,50,65,59,52,63,45,45
Nihal Sudeesh,ST,23,50,69,56,45,67,60,33
Tang Xu,ST,21,50,60,47,39,62,56,55
Bijoy Varghese,CB,24,50,60,59,36,56,77,41
Wang Junqiang,LB,21,50,60,62,26,55,38,50
Kyle White,CM,20,50,54,61,53,57,52,49
Zhang Tao,RM,21,50,58,59,40,63,55,48
Zhang Hui,LB,23,50,69,55,51,67,37,40
Ahn Chang Min,ST,23,49,56,59,43,53,72,46
Rayan Al Johani,ST,23,49,54,59,40,59,50,48
Bader Al Mutairi,CM,20,49,64,45,54,64,43,52
An Chi Woo,CM,18,49,57,44,51,55,55,51
Nathan Asher Rodrigues,LB,20,49,54,57,34,40,54,47
Harry Ashfield,CM,18,49,62,54,55,63,54,49
Bae Soo Min,CM,22,49,61,60,52,62,58,50
Bae Hyun Seo,LB,19,49,58,56,28,63,46,46
Javier Casas Jr.,CM,21,49,59,33,58,53,42,48
Chen Guoliang,CB,25,49,51,58,29,54,59,47
Luka Coveny,CB,18,49,56,56,49,58,63,42
Du Zhixuan,CM,22,49,44,48,57,57,68,46
Zavier Gozo,RW,17,49,64,50,38,63,45,48
Heo Dong Min,CDM,20,49,56,52,52,61,65,53
Jeon Yong Jun,RW,21,49,62,52,45,63,53,46
Jo Hyun Tae,CB,19,49,49,54,33,44,70,43
Kang Hyun Je,CM,22,49,51,50,54,53,65,51
Kim Min Sub,CM,18,49,59,42,55,61,48,48
Kim Jae Min,CM,21,49,56,57,56,52,53,51
Lee Gyu Min,LW,18,49,60,45,42,57,48,38
Lee Dong Hyeop,LB,21,49,59,47,37,54,38,45
Liu Xiaolong,LW,21,49,55,44,43,63,45,33
Liu Junxian,ST,23,49,59,40,38,56,43,51
Liu Yujie,CM,20,49,63,63,51,65,35,50
Liu Weicheng,CM,26,49,59,52,55,58,61,48
Lu Zhiyuan,CDM,20,49,52,50,52,59,60,51
Fardin Ali Molla,ST,22,49,59,44,47,65,34,44
Franklin Nazareth,CDM,20,49,55,45,56,36,59,51
Macarton Louis Nickson,CM,20,49,66,53,51,70,34,35
Luke O'Donnell,CM,17,49,63,52,52,62,46,51
Bekey Oram,CAM,20,49,66,46,52,53,34,52
Park Ju Seung,ST,20,49,57,53,45,62,44,58
Park Se Min,RW,22,49,68,48,38,60,50,51
Park Jae Hyun,LM,20,49,62,62,40,61,56,56
Harsh Patre,CDM,21,49,52,60,49,54,44,48
Adam Pearlman,CB,19,49,62,57,37,58,59,46
Tomas Pondeca,CAM,22,49,62,38,51,56,65,46
Qiu Zhongyi,CB,28,49,57,53,26,54,59,44
James Rainbird,ST,19,49,70,60,46,71,46,47
Ravi Rana,CB,21,49,59,49,52,68,53,47
Thoi Singh,LW,20,49,66,44,37,78,42,42
Son Seung Min,CM,19,49,53,39,53,57,45,51
Sun Xuelong,CM,25,49,68,54,50,68,40,45
Abhishek Suryavanshi,CM,23,49,53,41,54,55,43,54
Alejandro Urzua,CM,18,49,63,57,57,61,50,51
David Vazquez,LW,18,49,67,48,42,68,41,37
Robin Yadav,CB,22,49,47,59,33,51,53,44
Irfan Yadwad,ST,23,49,47,60,36,49,66,46
Yu Tianxiang,RB,19,49,61,61,32,59,58,47
Markus Anderson,LW,20,48,64,49,35,66,36,30
Baek Min Gyu,ST,18,48,61,57,36,62,61,48
Chen Xuhuang,CDM,21,48,56,53,48,55,44,49
Choi Min Ki,CM,21,48,67,61,53,62,52,46
Qeyser Ezimet,RW,18,48,66,48,36,63,44,32
Billy Gilmore,CM,19,48,64,63,51,66,47,50
Ham Sun Woo,CB,19,48,55,60,29,56,57,48
Jin Haoxiang,CB,25,48,60,60,29,55,57,41
Jung Eun Woo,RW,21,48,62,39,39,60,36,35
Min Ji Hoon,CAM,19,48,65,40,56,55,46,43
Tahir Reid-Brown,LB,18,48,79,52,31,77,47,41
Sachu Siby,LB,23,48,82,59,35,65,70,40
Tommy Silva,LB,22,48,54,55,25,64,57,40
Aphaoba Singh,ST,20,48,64,53,39,64,57,48
Song Bowei,RB,22,48,68,53,43,64,56,33
Tian Yong,CB,37,48,61,56,30,60,51,42
Wei Zhiwei,RM,23,48,64,45,49,65,43,30
Wu Lei,CDM,27,48,54,55,50,64,72,48
Zhang Xingliang,RM,22,48,62,53,49,56,38,32
Zheng Junwei,ST,20,48,38,34,40,34,72,40
Zhou Jianyan,CM,20,48,60,57,46,55,31,56
Mark Zothanpuia,LB,22,48,52,58,54,52,62,53
Mohammed Aimen,ST,21,47,64,60,47,65,50,34
Fredy Chawngthansanga,CAM,21,47,57,58,46,67,35,43
Lalchungnunga Chhangte,CM,23,47,68,61,53,63,49,40
Hwang Seo Ung,CAM,19,47,60,38,46,53,56,50
Jo In Jung,CM,18,47,66,62,54,64,60,55
Isaiah Jones,CM,18,47,74,51,49,76,46,52
Kang Gyo Hoon,CM,21,47,53,53,52,54,57,50
Kim Dong Min,CDM,19,47,50,45,50,54,40,50
Kim Myeong Jun,ST,18,47,48,53,41,50,57,43
Kim Se Hoon,CM,20,47,63,52,54,64,35,50
Liao Rongxiang,CM,19,47,65,61,57,67,44,45
Min Zixi,CM,19,47,60,61,50,62,33,50
Ning Fangze,CM,19,47,50,56,54,49,37,48
Park Hyung Woo,RM,20,47,60,45,43,61,40,38
Park Jin Hong,CM,19,47,62,60,51,68,58,53
Sajad Parray,RB,21,47,56,57,34,53,70,44
Engson Singh,CAM,21,47,31,65,45,32,36,32
Ousmane Sylla,CM,23,47,67,56,54,66,53,46
Wei Feng,RB,22,47,59,51,37,55,57,48
Won Hui Do,CM,19,47,63,65,52,69,68,46
Wu Yuhang,CDM,23,47,60,49,51,51,57,45
